wall_time_ms,session_elapsed_ms,event,step_number,interval_ms,spm,vote,run_votes,walk_votes,total_votes,previous_activity,current_activity,current_period,walk_steps,run_steps,total_steps,walk_dist_m,run_dist_m,gps_available
1780851771104,50,step,1,1780851771104,0,WALKING,0,1,1,WALKING,WALKING,WALKING,0,0,0,0.00,0.00,false
1780851771392,338,step,2,288,0,WALKING,0,2,2,WALKING,WALKING,WALKING,1,0,1,0.47,0.00,false
1780851771680,626,step,3,288,208,RUNNING,1,2,3,WALKING,WALKING,WALKING,2,0,2,0.95,0.00,false
1780851772152,1098,step,4,472,127,WALKING,1,3,4,WALKING,WALKING,WALKING,3,0,3,1.42,0.00,false
1780851772456,1402,step,5,304,197,RUNNING,2,3,5,WALKING,WALKING,WALKING,4,0,4,1.89,0.00,false
1780851772710,1656,step,6,254,208,RUNNING,3,3,6,WALKING,WALKING,WALKING,5,0,5,2.36,0.00,false
1780851773098,2044,step,7,388,197,RUNNING,4,3,7,WALKING,WALKING,WALKING,6,0,6,2.84,0.00,false
1780851773334,2280,step,8,236,197,RUNNING,5,3,8,WALKING,WALKING,WALKING,7,0,7,3.31,0.00,false
1780851773858,2804,step,9,524,197,RUNNING,6,3,9,WALKING,WALKING,WALKING,8,0,8,3.78,0.00,false
1780851774381,3327,step,10,523,154,RUNNING,7,3,10,WALKING,WALKING,WALKING,9,0,9,4.26,0.00,false
1780851774652,3598,switch,11,271,154,RUNNING,8,2,10,WALKING,RUNNING,WALKING,10,0,10,4.73,0.00,true
1780851774652,3598,step,11,271,154,RUNNING,8,2,10,WALKING,RUNNING,RUNNING,10,0,10,4.73,0.00,true
1780851774922,3868,step,12,270,221,RUNNING,9,1,10,RUNNING,RUNNING,RUNNING,10,1,11,4.73,0.83,true
1780851775158,4104,step,13,236,221,RUNNING,9,1,10,RUNNING,RUNNING,RUNNING,10,2,12,4.73,1.65,true
1780851775462,4408,step,14,304,221,RUNNING,10,0,10,RUNNING,RUNNING,RUNNING,10,3,13,4.73,2.48,true
1780851775749,4695,step,15,287,221,RUNNING,10,0,10,RUNNING,RUNNING,RUNNING,10,4,14,4.73,5.76,true
1780851776019,4965,step,16,270,222,RUNNING,10,0,10,RUNNING,RUNNING,RUNNING,10,5,15,4.73,5.76,true
1780851776290,5236,step,17,271,221,RUNNING,10,0,10,RUNNING,RUNNING,RUNNING,10,6,16,4.73,5.76,true
1780851776543,5489,step,18,253,221,RUNNING,10,0,10,RUNNING,RUNNING,RUNNING,10,7,17,4.73,8.08,true
1780851776830,5776,step,19,287,221,RUNNING,10,0,10,RUNNING,RUNNING,RUNNING,10,8,18,4.73,8.08,true
1780851777100,6046,step,20,270,222,RUNNING,10,0,10,RUNNING,RUNNING,RUNNING,10,9,19,4.73,8.08,true
1780851777658,6604,step,21,558,221,RUNNING,10,0,10,RUNNING,RUNNING,RUNNING,10,10,20,4.73,14.70,true
1780851777946,6892,step,22,288,209,RUNNING,10,0,10,RUNNING,RUNNING,RUNNING,10,11,21,4.73,14.70,true
1780851778217,7163,step,23,271,209,RUNNING,10,0,10,RUNNING,RUNNING,RUNNING,10,12,22,4.73,14.70,true
1780851778792,7738,step,24,575,208,RUNNING,10,0,10,RUNNING,RUNNING,RUNNING,10,13,23,4.73,16.22,true
1780851779097,8043,step,25,305,196,RUNNING,10,0,10,RUNNING,RUNNING,RUNNING,10,14,24,4.73,16.22,true
1780851779334,8280,step,26,237,208,RUNNING,10,0,10,RUNNING,RUNNING,RUNNING,10,15,25,4.73,16.22,true
1780851779909,8855,step,27,575,196,RUNNING,10,0,10,RUNNING,RUNNING,RUNNING,10,16,26,4.73,18.28,true
1780851780197,9143,step,28,288,196,RUNNING,10,0,10,RUNNING,RUNNING,RUNNING,10,17,27,4.73,18.28,true
1780851780485,9431,step,29,288,208,RUNNING,10,0,10,RUNNING,RUNNING,RUNNING,10,18,28,4.73,18.28,true
1780851781043,9989,step,30,558,208,RUNNING,10,0,10,RUNNING,RUNNING,RUNNING,10,19,29,4.73,18.28,true
1780851781382,10328,step,31,339,176,RUNNING,10,0,10,RUNNING,RUNNING,RUNNING,10,20,30,4.73,18.28,true
1780851781635,10581,step,32,253,208,RUNNING,10,0,10,RUNNING,RUNNING,RUNNING,10,21,31,4.73,20.14,true
1780851782142,11088,step,33,507,176,RUNNING,10,0,10,RUNNING,RUNNING,RUNNING,10,22,32,4.73,20.14,true
1780851782429,11375,step,34,287,176,RUNNING,10,0,10,RUNNING,RUNNING,RUNNING,10,23,33,4.73,21.49,true
1780851782716,11662,step,35,287,209,RUNNING,10,0,10,RUNNING,RUNNING,RUNNING,10,24,34,4.73,21.49,true
1780851783273,12219,step,36,557,209,RUNNING,10,0,10,RUNNING,RUNNING,RUNNING,10,25,35,4.73,21.49,true
1780851783577,12523,step,37,304,197,RUNNING,10,0,10,RUNNING,RUNNING,RUNNING,10,26,36,4.73,22.73,true
1780851783847,12793,step,38,270,209,RUNNING,10,0,10,RUNNING,RUNNING,RUNNING,10,27,37,4.73,22.73,true
1780851784118,13064,step,39,271,209,RUNNING,10,0,10,RUNNING,RUNNING,RUNNING,10,28,38,4.73,22.73,true
1780851784489,13435,step,40,371,197,RUNNING,10,0,10,RUNNING,RUNNING,RUNNING,10,29,39,4.73,23.87,true
1780851784962,13908,step,41,473,197,RUNNING,10,0,10,RUNNING,RUNNING,RUNNING,10,30,40,4.73,23.87,true
1780851785215,14161,step,42,253,221,RUNNING,10,0,10,RUNNING,RUNNING,RUNNING,10,31,41,4.73,23.87,true
1780851785452,14398,step,43,237,221,RUNNING,10,0,10,RUNNING,RUNNING,RUNNING,10,32,42,4.73,25.12,true
1780851785706,14652,step,44,254,236,RUNNING,10,0,10,RUNNING,RUNNING,RUNNING,10,33,43,4.73,25.12,true
1780851786026,14972,step,45,320,236,RUNNING,10,0,10,RUNNING,RUNNING,RUNNING,10,34,44,4.73,25.12,true
1780851786347,15293,step,46,321,236,RUNNING,10,0,10,RUNNING,RUNNING,RUNNING,10,35,45,4.73,25.12,true
1780851786634,15580,step,47,287,209,RUNNING,10,0,10,RUNNING,RUNNING,RUNNING,10,36,46,4.73,26.36,true
1780851786870,15816,step,48,236,209,RUNNING,10,0,10,RUNNING,RUNNING,RUNNING,10,37,47,4.73,26.36,true
1780851787174,16120,step,49,304,197,RUNNING,10,0,10,RUNNING,RUNNING,RUNNING,10,38,48,4.73,26.36,true
1780851787427,16373,step,50,253,209,RUNNING,10,0,10,RUNNING,RUNNING,RUNNING,10,39,49,4.73,27.56,true
1780851787681,16627,step,51,254,236,RUNNING,10,0,10,RUNNING,RUNNING,RUNNING,10,40,50,4.73,27.56,true
1780851787937,16883,step,52,256,236,RUNNING,10,0,10,RUNNING,RUNNING,RUNNING,10,41,51,4.73,27.56,true
1780851788171,17117,step,53,234,236,RUNNING,10,0,10,RUNNING,RUNNING,RUNNING,10,42,52,4.73,27.56,true
1780851788458,17404,step,54,287,236,RUNNING,10,0,10,RUNNING,RUNNING,RUNNING,10,43,53,4.73,28.80,true
1780851788695,17641,step,55,237,236,RUNNING,10,0,10,RUNNING,RUNNING,RUNNING,10,44,54,4.73,28.80,true
1780851788931,17877,step,56,236,253,RUNNING,10,0,10,RUNNING,RUNNING,RUNNING,10,45,55,4.73,28.80,true
1780851789201,18147,step,57,270,253,RUNNING,10,0,10,RUNNING,RUNNING,RUNNING,10,46,56,4.73,28.80,true
1780851789438,18384,step,58,237,253,RUNNING,10,0,10,RUNNING,RUNNING,RUNNING,10,47,57,4.73,28.80,true
1780851789742,18688,step,59,304,253,RUNNING,10,0,10,RUNNING,RUNNING,RUNNING,10,48,58,4.73,28.80,true
1780851789995,18941,step,60,253,237,RUNNING,10,0,10,RUNNING,RUNNING,RUNNING,10,49,59,4.73,28.80,true
1780851790315,19261,step,61,320,222,RUNNING,10,0,10,RUNNING,RUNNING,RUNNING,10,50,60,4.73,28.80,true
1780851790602,19548,step,62,287,209,RUNNING,10,0,10,RUNNING,RUNNING,RUNNING,10,51,61,4.73,30.72,true
1780851790923,19869,step,63,321,197,RUNNING,10,0,10,RUNNING,RUNNING,RUNNING,10,52,62,4.73,30.72,true
1780851791210,20156,step,64,287,209,RUNNING,10,0,10,RUNNING,RUNNING,RUNNING,10,53,63,4.73,30.72,true
1780851791446,20392,step,65,236,209,RUNNING,10,0,10,RUNNING,RUNNING,RUNNING,10,54,64,4.73,32.01,true
1780851791784,20730,step,66,338,209,RUNNING,10,0,10,RUNNING,RUNNING,RUNNING,10,55,65,4.73,32.01,true
1780851792020,20966,step,67,236,209,RUNNING,10,0,10,RUNNING,RUNNING,RUNNING,10,56,66,4.73,32.01,true
1780851792290,21236,step,68,270,222,RUNNING,10,0,10,RUNNING,RUNNING,RUNNING,10,57,67,4.73,32.01,true
1780851792544,21490,step,69,254,236,RUNNING,10,0,10,RUNNING,RUNNING,RUNNING,10,58,68,4.73,33.08,true
1780851792797,21743,step,70,253,236,RUNNING,10,0,10,RUNNING,RUNNING,RUNNING,10,59,69,4.73,33.08,true
1780851793050,21996,step,71,253,237,RUNNING,10,0,10,RUNNING,RUNNING,RUNNING,10,60,70,4.73,33.08,true
1780851793320,22266,step,72,270,236,RUNNING,10,0,10,RUNNING,RUNNING,RUNNING,10,61,71,4.73,33.08,true
1780851793574,22520,step,73,254,236,RUNNING,10,0,10,RUNNING,RUNNING,RUNNING,10,62,72,4.73,34.50,true
1780851793895,22841,step,74,321,236,RUNNING,10,0,10,RUNNING,RUNNING,RUNNING,10,63,73,4.73,34.50,true
1780851794131,23077,step,75,236,236,RUNNING,10,0,10,RUNNING,RUNNING,RUNNING,10,64,74,4.73,34.50,true
1780851794367,23313,step,76,236,236,RUNNING,10,0,10,RUNNING,RUNNING,RUNNING,10,65,75,4.73,34.50,true
1780851794654,23600,step,77,287,236,RUNNING,10,0,10,RUNNING,RUNNING,RUNNING,10,66,76,4.73,36.00,true
1780851794908,23854,step,78,254,236,RUNNING,10,0,10,RUNNING,RUNNING,RUNNING,10,67,77,4.73,36.00,true
1780851795144,24090,step,79,236,254,RUNNING,10,0,10,RUNNING,RUNNING,RUNNING,10,68,78,4.73,36.00,true
1780851795414,24360,step,80,270,236,RUNNING,10,0,10,RUNNING,RUNNING,RUNNING,10,69,79,4.73,37.39,true
1780851795668,24614,step,81,254,236,RUNNING,10,0,10,RUNNING,RUNNING,RUNNING,10,70,80,4.73,37.39,true
1780851795921,24867,step,82,253,236,RUNNING,10,0,10,RUNNING,RUNNING,RUNNING,10,71,81,4.73,37.39,true
1780851796174,25120,step,83,253,237,RUNNING,10,0,10,RUNNING,RUNNING,RUNNING,10,72,82,4.73,37.39,true
1780851796425,25371,step,84,251,237,RUNNING,10,0,10,RUNNING,RUNNING,RUNNING,10,73,83,4.73,38.90,true
1780851796683,25629,step,85,258,237,RUNNING,10,0,10,RUNNING,RUNNING,RUNNING,10,74,84,4.73,38.90,true
1780851796916,25862,step,86,233,237,RUNNING,10,0,10,RUNNING,RUNNING,RUNNING,10,75,85,4.73,38.90,true
1780851797149,26095,step,87,233,239,RUNNING,10,0,10,RUNNING,RUNNING,RUNNING,10,76,86,4.73,38.90,true
1780851797403,26349,step,88,254,239,RUNNING,10,0,10,RUNNING,RUNNING,RUNNING,10,77,87,4.73,40.63,true
1780851797635,26581,step,89,232,257,RUNNING,10,0,10,RUNNING,RUNNING,RUNNING,10,78,88,4.73,40.63,true
1780851797974,26920,step,90,339,257,RUNNING,10,0,10,RUNNING,RUNNING,RUNNING,10,79,89,4.73,40.63,true
1780851798205,27151,step,91,231,257,RUNNING,10,0,10,RUNNING,RUNNING,RUNNING,10,80,90,4.73,40.63,true
1780851798509,27455,step,92,304,236,RUNNING,10,0,10,RUNNING,RUNNING,RUNNING,10,81,91,4.73,42.19,true
1780851798762,27708,step,93,253,237,RUNNING,10,0,10,RUNNING,RUNNING,RUNNING,10,82,92,4.73,42.19,true
1780851798998,27944,step,94,236,237,RUNNING,10,0,10,RUNNING,RUNNING,RUNNING,10,83,93,4.73,42.19,true
1780851799471,28417,step,95,473,237,RUNNING,10,0,10,RUNNING,RUNNING,RUNNING,10,84,94,4.73,43.51,true
1780851799741,28687,step,96,270,222,RUNNING,10,0,10,RUNNING,RUNNING,RUNNING,10,85,95,4.73,43.51,true
1780851799995,28941,step,97,254,236,RUNNING,10,0,10,RUNNING,RUNNING,RUNNING,10,86,96,4.73,43.51,true
1780851800315,29261,step,98,320,222,RUNNING,10,0,10,RUNNING,RUNNING,RUNNING,10,87,97,4.73,43.51,true
1780851800602,29548,step,99,287,209,RUNNING,10,0,10,RUNNING,RUNNING,RUNNING,10,88,98,4.73,44.84,true
1780851801092,30038,step,100,490,209,RUNNING,10,0,10,RUNNING,RUNNING,RUNNING,10,89,99,4.73,44.84,true
1780851801379,30325,step,101,287,209,RUNNING,10,0,10,RUNNING,RUNNING,RUNNING,10,90,100,4.73,44.84,true
1780851801633,30579,step,102,254,209,RUNNING,10,0,10,RUNNING,RUNNING,RUNNING,10,91,101,4.73,46.19,true
1780851801903,30849,step,103,270,209,RUNNING,10,0,10,RUNNING,RUNNING,RUNNING,10,92,102,4.73,46.19,true
1780851802190,31136,step,104,287,209,RUNNING,10,0,10,RUNNING,RUNNING,RUNNING,10,93,103,4.73,46.19,true
1780851802443,31389,step,105,253,222,RUNNING,10,0,10,RUNNING,RUNNING,RUNNING,10,94,104,4.73,47.51,true
1780851802747,31693,step,106,304,222,RUNNING,10,0,10,RUNNING,RUNNING,RUNNING,10,95,105,4.73,47.51,true
1780851803000,31946,step,107,253,222,RUNNING,10,0,10,RUNNING,RUNNING,RUNNING,10,96,106,4.73,47.51,true
1780851803304,32250,step,108,304,209,RUNNING,10,0,10,RUNNING,RUNNING,RUNNING,10,97,107,4.73,47.51,true
1780851803625,32571,step,109,321,197,RUNNING,10,0,10,RUNNING,RUNNING,RUNNING,10,98,108,4.73,48.93,true
1780851803929,32875,step,110,304,197,RUNNING,10,0,10,RUNNING,RUNNING,RUNNING,10,99,109,4.73,48.93,true
1780851804182,33128,step,111,253,197,RUNNING,10,0,10,RUNNING,RUNNING,RUNNING,10,100,110,4.73,48.93,true
1780851804419,33365,step,112,237,197,RUNNING,10,0,10,RUNNING,RUNNING,RUNNING,10,101,111,4.73,50.39,true
1780851804976,33922,step,113,557,197,RUNNING,10,0,10,RUNNING,RUNNING,RUNNING,10,102,112,4.73,50.39,true
1780851805263,34209,step,114,287,209,RUNNING,10,0,10,RUNNING,RUNNING,RUNNING,10,103,113,4.73,50.39,true
1780851805533,34479,step,115,270,222,RUNNING,10,0,10,RUNNING,RUNNING,RUNNING,10,104,114,4.73,51.84,true
1780851805888,34834,step,116,355,209,RUNNING,10,0,10,RUNNING,RUNNING,RUNNING,10,105,115,4.73,51.84,true
1780851806158,35104,step,117,270,209,RUNNING,10,0,10,RUNNING,RUNNING,RUNNING,10,106,116,4.73,51.84,true
1780851806530,35476,step,118,372,209,RUNNING,10,0,10,RUNNING,RUNNING,RUNNING,10,107,117,4.73,53.30,true
1780851806800,35746,step,119,270,222,RUNNING,10,0,10,RUNNING,RUNNING,RUNNING,10,108,118,4.73,53.30,true
1780851807036,35982,step,120,236,222,RUNNING,10,0,10,RUNNING,RUNNING,RUNNING,10,109,119,4.73,53.30,true
1780851807290,36236,step,121,254,222,RUNNING,10,0,10,RUNNING,RUNNING,RUNNING,10,110,120,4.73,53.30,true
1780851807560,36506,step,122,270,222,RUNNING,10,0,10,RUNNING,RUNNING,RUNNING,10,111,121,4.73,54.68,true
1780851807830,36776,step,123,270,222,RUNNING,10,0,10,RUNNING,RUNNING,RUNNING,10,112,122,4.73,54.68,true
1780851808066,37012,step,124,236,236,RUNNING,10,0,10,RUNNING,RUNNING,RUNNING,10,113,123,4.73,54.68,true
1780851808404,37350,step,125,338,222,RUNNING,10,0,10,RUNNING,RUNNING,RUNNING,10,114,124,4.73,55.83,true
1780851808657,37603,step,126,253,222,RUNNING,10,0,10,RUNNING,RUNNING,RUNNING,10,115,125,4.73,55.83,true
1780851808928,37874,step,127,271,222,RUNNING,10,0,10,RUNNING,RUNNING,RUNNING,10,116,126,4.73,55.83,true
1780851809552,38498,step,128,624,221,RUNNING,10,0,10,RUNNING,RUNNING,RUNNING,10,117,127,4.73,55.83,true
1780851810093,39039,step,129,541,177,RUNNING,10,0,10,RUNNING,RUNNING,RUNNING,10,118,128,4.73,55.83,true
1780851810430,39376,step,130,337,178,RUNNING,10,0,10,RUNNING,RUNNING,RUNNING,10,119,129,4.73,58.23,true
1780851810667,39613,step,131,237,178,RUNNING,10,0,10,RUNNING,RUNNING,RUNNING,10,120,130,4.73,58.23,true
1780851811021,39967,step,132,354,169,RUNNING,10,0,10,RUNNING,RUNNING,RUNNING,10,121,131,4.73,58.23,true
1780851811325,40271,step,133,304,178,RUNNING,10,0,10,RUNNING,RUNNING,RUNNING,10,122,132,4.73,58.23,true
1780851811596,40542,step,134,271,197,RUNNING,10,0,10,RUNNING,RUNNING,RUNNING,10,123,133,4.73,59.68,true
1780851811832,40778,step,135,236,221,RUNNING,10,0,10,RUNNING,RUNNING,RUNNING,10,124,134,4.73,59.68,true
1780851812204,41150,step,136,372,197,RUNNING,10,0,10,RUNNING,RUNNING,RUNNING,10,125,135,4.73,59.68,true
1780851812474,41420,step,137,270,221,RUNNING,10,0,10,RUNNING,RUNNING,RUNNING,10,126,136,4.73,60.87,true
1780851812845,41791,step,138,371,221,RUNNING,10,0,10,RUNNING,RUNNING,RUNNING,10,127,137,4.73,60.87,true
1780851813183,42129,step,139,338,177,RUNNING,10,0,10,RUNNING,RUNNING,RUNNING,10,128,138,4.73,60.87,true
1780851813470,42416,step,140,287,177,RUNNING,10,0,10,RUNNING,RUNNING,RUNNING,10,129,139,4.73,62.01,true
1780851813858,42804,step,141,388,177,RUNNING,10,0,10,RUNNING,RUNNING,RUNNING,10,130,140,4.73,62.01,true
1780851814095,43041,step,142,237,177,RUNNING,10,0,10,RUNNING,RUNNING,RUNNING,10,131,141,4.73,62.01,true
1780851814534,43480,step,143,439,177,RUNNING,10,0,10,RUNNING,RUNNING,RUNNING,10,132,142,4.73,63.14,true
1780851814787,43733,step,144,253,209,RUNNING,10,0,10,RUNNING,RUNNING,RUNNING,10,133,143,4.73,63.14,true
1780851815074,44020,step,145,287,209,RUNNING,10,0,10,RUNNING,RUNNING,RUNNING,10,134,144,4.73,63.14,true
1780851815564,44510,step,146,490,209,RUNNING,10,0,10,RUNNING,RUNNING,RUNNING,10,135,145,4.73,64.14,true
1780851816155,45101,step,147,591,136,WALKING,9,1,10,RUNNING,RUNNING,RUNNING,10,136,146,4.73,64.14,true
1780851816408,45354,step,148,253,209,RUNNING,9,1,10,RUNNING,RUNNING,RUNNING,10,137,147,4.73,65.16,true
1780851816662,45608,step,149,254,209,RUNNING,9,1,10,RUNNING,RUNNING,RUNNING,10,138,148,4.73,65.16,true
1780851816999,45945,step,150,337,178,RUNNING,9,1,10,RUNNING,RUNNING,RUNNING,10,139,149,4.73,65.16,true
1780851817253,46199,step,151,254,236,RUNNING,9,1,10,RUNNING,RUNNING,RUNNING,10,140,150,4.73,65.16,true
1780851817523,46469,step,152,270,236,RUNNING,9,1,10,RUNNING,RUNNING,RUNNING,10,141,151,4.73,66.27,true
1780851817810,46756,step,153,287,222,RUNNING,9,1,10,RUNNING,RUNNING,RUNNING,10,142,152,4.73,66.27,true
1780851818097,47043,step,154,287,209,RUNNING,9,1,10,RUNNING,RUNNING,RUNNING,10,143,153,4.73,66.27,true
1780851818401,47347,step,155,304,209,RUNNING,9,1,10,RUNNING,RUNNING,RUNNING,10,144,154,4.73,67.62,true
1780851818874,47820,step,156,473,209,RUNNING,9,1,10,RUNNING,RUNNING,RUNNING,10,145,155,4.73,67.62,true
1780851819178,48124,step,157,304,197,RUNNING,10,0,10,RUNNING,RUNNING,RUNNING,10,146,156,4.73,67.62,true
1780851819482,48428,step,158,304,197,RUNNING,10,0,10,RUNNING,RUNNING,RUNNING,10,147,157,4.73,68.89,true
1780851819718,48664,step,159,236,197,RUNNING,10,0,10,RUNNING,RUNNING,RUNNING,10,148,158,4.73,68.89,true
1780851820056,49002,step,160,338,197,RUNNING,10,0,10,RUNNING,RUNNING,RUNNING,10,149,159,4.73,68.89,true
1780851820478,49424,step,161,422,197,RUNNING,10,0,10,RUNNING,RUNNING,RUNNING,10,150,160,4.73,70.02,true
1780851820816,49762,step,162,338,177,RUNNING,10,0,10,RUNNING,RUNNING,RUNNING,10,151,161,4.73,70.02,true
1780851821120,50066,step,163,304,177,RUNNING,10,0,10,RUNNING,RUNNING,RUNNING,10,152,162,4.73,70.02,true
1780851821424,50370,step,164,304,177,RUNNING,10,0,10,RUNNING,RUNNING,RUNNING,10,153,163,4.73,71.46,true
1780851821660,50606,step,165,236,197,RUNNING,10,0,10,RUNNING,RUNNING,RUNNING,10,154,164,4.73,71.46,true
1780851821964,50910,step,166,304,197,RUNNING,10,0,10,RUNNING,RUNNING,RUNNING,10,155,165,4.73,71.46,true
1780851822234,51180,step,167,270,197,RUNNING,10,0,10,RUNNING,RUNNING,RUNNING,10,156,166,4.73,71.46,true
1780851822521,51467,step,168,287,209,RUNNING,10,0,10,RUNNING,RUNNING,RUNNING,10,157,167,4.73,72.93,true
1780851822808,51754,step,169,287,209,RUNNING,10,0,10,RUNNING,RUNNING,RUNNING,10,158,168,4.73,72.93,true
1780851823062,52008,step,170,254,209,RUNNING,10,0,10,RUNNING,RUNNING,RUNNING,10,159,169,4.73,72.93,true
1780851823366,52312,step,171,304,209,RUNNING,10,0,10,RUNNING,RUNNING,RUNNING,10,160,170,4.73,72.93,true
1780851823653,52599,step,172,287,209,RUNNING,10,0,10,RUNNING,RUNNING,RUNNING,10,161,171,4.73,74.43,true
1780851823906,52852,step,173,253,209,RUNNING,10,0,10,RUNNING,RUNNING,RUNNING,10,162,172,4.73,74.43,true
1780851824142,53088,step,174,236,236,RUNNING,10,0,10,RUNNING,RUNNING,RUNNING,10,163,173,4.73,74.43,true
1780851824463,53409,step,175,321,209,RUNNING,10,0,10,RUNNING,RUNNING,RUNNING,10,164,174,4.73,75.94,true
1780851824767,53713,step,176,304,209,RUNNING,10,0,10,RUNNING,RUNNING,RUNNING,10,165,175,4.73,75.94,true
1780851825037,53983,step,177,270,222,RUNNING,10,0,10,RUNNING,RUNNING,RUNNING,10,166,176,4.73,75.94,true
1780851825307,54253,step,178,270,222,RUNNING,10,0,10,RUNNING,RUNNING,RUNNING,10,167,177,4.73,75.94,true
1780851825544,54490,step,179,237,222,RUNNING,10,0,10,RUNNING,RUNNING,RUNNING,10,168,178,4.73,77.41,true
1780851825865,54811,step,180,321,222,RUNNING,10,0,10,RUNNING,RUNNING,RUNNING,10,169,179,4.73,77.41,true
1780851826118,55064,step,181,253,222,RUNNING,10,0,10,RUNNING,RUNNING,RUNNING,10,170,180,4.73,77.41,true
1780851826371,55317,step,182,253,237,RUNNING,10,0,10,RUNNING,RUNNING,RUNNING,10,171,181,4.73,77.41,true
1780851826608,55554,step,183,237,237,RUNNING,10,0,10,RUNNING,RUNNING,RUNNING,10,172,182,4.73,78.74,true
1780851826929,55875,step,184,321,237,RUNNING,10,0,10,RUNNING,RUNNING,RUNNING,10,173,183,4.73,78.74,true
1780851827216,56162,step,185,287,237,RUNNING,10,0,10,RUNNING,RUNNING,RUNNING,10,174,184,4.73,78.74,true
1780851827469,56415,step,186,253,237,RUNNING,10,0,10,RUNNING,RUNNING,RUNNING,10,175,185,4.73,80.03,true
1780851827773,56719,step,187,304,209,RUNNING,10,0,10,RUNNING,RUNNING,RUNNING,10,176,186,4.73,80.03,true
1780851828060,57006,step,188,287,209,RUNNING,10,0,10,RUNNING,RUNNING,RUNNING,10,177,187,4.73,80.03,true
1780851828364,57310,step,189,304,209,RUNNING,10,0,10,RUNNING,RUNNING,RUNNING,10,178,188,4.73,80.03,true
1780851828702,57648,step,190,338,197,RUNNING,10,0,10,RUNNING,RUNNING,RUNNING,10,179,189,4.73,81.25,true
1780851828989,57935,step,191,287,197,RUNNING,10,0,10,RUNNING,RUNNING,RUNNING,10,180,190,4.73,81.25,true
1780851829225,58171,step,192,236,209,RUNNING,10,0,10,RUNNING,RUNNING,RUNNING,10,181,191,4.73,81.25,true
1780851829478,58424,step,193,253,209,RUNNING,10,0,10,RUNNING,RUNNING,RUNNING,10,182,192,4.73,82.50,true
1780851829732,58678,step,194,254,236,RUNNING,10,0,10,RUNNING,RUNNING,RUNNING,10,183,193,4.73,82.50,true
1780851830002,58948,step,195,270,236,RUNNING,10,0,10,RUNNING,RUNNING,RUNNING,10,184,194,4.73,82.50,true
1780851830238,59184,step,196,236,237,RUNNING,10,0,10,RUNNING,RUNNING,RUNNING,10,185,195,4.73,82.50,true
1780851830559,59505,step,197,321,236,RUNNING,10,0,10,RUNNING,RUNNING,RUNNING,10,186,196,4.73,83.81,true
1780851830829,59775,step,198,270,222,RUNNING,10,0,10,RUNNING,RUNNING,RUNNING,10,187,197,4.73,83.81,true
1780851831150,60096,step,199,321,222,RUNNING,10,0,10,RUNNING,RUNNING,RUNNING,10,188,198,4.73,83.81,true
1780851831589,60535,step,200,439,186,RUNNING,10,0,10,RUNNING,RUNNING,RUNNING,10,189,199,4.73,85.15,true
1780851831876,60822,step,201,287,186,RUNNING,10,0,10,RUNNING,RUNNING,RUNNING,10,190,200,4.73,85.15,true
1780851832180,61126,step,202,304,197,RUNNING,10,0,10,RUNNING,RUNNING,RUNNING,10,191,201,4.73,85.15,true
1780851832451,61397,step,203,271,197,RUNNING,10,0,10,RUNNING,RUNNING,RUNNING,10,192,202,4.73,86.47,true
1780851832838,61784,step,204,387,197,RUNNING,10,0,10,RUNNING,RUNNING,RUNNING,10,193,203,4.73,86.47,true
1780851833379,62325,step,205,541,197,RUNNING,10,0,10,RUNNING,RUNNING,RUNNING,10,194,204,4.73,86.47,true
1780851833717,62663,step,206,338,177,RUNNING,10,0,10,RUNNING,RUNNING,RUNNING,10,195,205,4.73,87.78,true
1780851833987,62933,step,207,270,177,RUNNING,10,0,10,RUNNING,RUNNING,RUNNING,10,196,206,4.73,87.78,true
1780851834223,63169,step,208,236,177,RUNNING,10,0,10,RUNNING,RUNNING,RUNNING,10,197,207,4.73,87.78,true
1780851834493,63439,step,209,270,222,RUNNING,10,0,10,RUNNING,RUNNING,RUNNING,10,198,208,4.73,89.03,true
1780851834814,63760,step,210,321,222,RUNNING,10,0,10,RUNNING,RUNNING,RUNNING,10,199,209,4.73,89.03,true
1780851835051,63997,step,211,237,222,RUNNING,10,0,10,RUNNING,RUNNING,RUNNING,10,200,210,4.73,89.03,true
1780851835338,64284,step,212,287,222,RUNNING,10,0,10,RUNNING,RUNNING,RUNNING,10,201,211,4.73,89.03,true
1780851835608,64554,step,213,270,222,RUNNING,10,0,10,RUNNING,RUNNING,RUNNING,10,202,212,4.73,90.24,true
1780851836064,65010,step,214,456,209,RUNNING,10,0,10,RUNNING,RUNNING,RUNNING,10,203,213,4.73,90.24,true
1780851836435,65381,step,215,371,209,RUNNING,10,0,10,RUNNING,RUNNING,RUNNING,10,204,214,4.73,91.46,true
1780851836722,65668,step,216,287,209,RUNNING,10,0,10,RUNNING,RUNNING,RUNNING,10,205,215,4.73,91.46,true
1780851837229,66175,step,217,507,161,RUNNING,10,0,10,RUNNING,RUNNING,RUNNING,10,206,216,4.73,91.46,true
1780851837516,66462,step,218,287,161,RUNNING,10,0,10,RUNNING,RUNNING,RUNNING,10,207,217,4.73,92.70,true
1780851837837,66783,step,219,321,186,RUNNING,10,0,10,RUNNING,RUNNING,RUNNING,10,208,218,4.73,92.70,true
1780851838174,67120,step,220,337,186,RUNNING,10,0,10,RUNNING,RUNNING,RUNNING,10,209,219,4.73,92.70,true
1780851838461,67407,step,221,287,186,RUNNING,10,0,10,RUNNING,RUNNING,RUNNING,10,210,220,4.73,93.91,true
1780851838934,67880,step,222,473,186,RUNNING,10,0,10,RUNNING,RUNNING,RUNNING,10,211,221,4.73,93.91,true
1780851839221,68167,step,223,287,186,RUNNING,10,0,10,RUNNING,RUNNING,RUNNING,10,212,222,4.73,93.91,true
1780851839525,68471,step,224,304,197,RUNNING,10,0,10,RUNNING,RUNNING,RUNNING,10,213,223,4.73,95.16,true
1780851839846,68792,step,225,321,197,RUNNING,10,0,10,RUNNING,RUNNING,RUNNING,10,214,224,4.73,95.16,true
1780851840083,69029,step,226,237,197,RUNNING,10,0,10,RUNNING,RUNNING,RUNNING,10,215,225,4.73,95.16,true
1780851840640,69586,step,227,557,197,RUNNING,10,0,10,RUNNING,RUNNING,RUNNING,10,216,226,4.73,96.32,true
1780851840927,69873,step,228,287,197,RUNNING,10,0,10,RUNNING,RUNNING,RUNNING,10,217,227,4.73,96.32,true
1780851841197,70143,step,229,270,209,RUNNING,10,0,10,RUNNING,RUNNING,RUNNING,10,218,228,4.73,96.32,true
1780851841518,70464,step,230,321,209,RUNNING,10,0,10,RUNNING,RUNNING,RUNNING,10,219,229,4.73,97.45,true
1780851841839,70785,step,231,321,186,RUNNING,10,0,10,RUNNING,RUNNING,RUNNING,10,220,230,4.73,97.45,true
1780851842109,71055,step,232,270,209,RUNNING,10,0,10,RUNNING,RUNNING,RUNNING,10,221,231,4.73,97.45,true
1780851842413,71359,step,233,304,197,RUNNING,10,0,10,RUNNING,RUNNING,RUNNING,10,222,232,4.73,98.67,true
1780851842886,71832,step,234,473,186,RUNNING,10,0,10,RUNNING,RUNNING,RUNNING,10,223,233,4.73,98.67,true
1780851843291,72237,step,235,405,186,RUNNING,10,0,10,RUNNING,RUNNING,RUNNING,10,224,234,4.73,98.67,true
1780851843544,72490,step,236,253,197,RUNNING,10,0,10,RUNNING,RUNNING,RUNNING,10,225,235,4.73,99.85,true
1780851843797,72743,step,237,253,197,RUNNING,10,0,10,RUNNING,RUNNING,RUNNING,10,226,236,4.73,99.85,true
1780851844118,73064,step,238,321,186,RUNNING,10,0,10,RUNNING,RUNNING,RUNNING,10,227,237,4.73,99.85,true
1780851844355,73301,step,239,237,237,RUNNING,10,0,10,RUNNING,RUNNING,RUNNING,10,228,238,4.73,99.85,true
1780851844676,73622,step,240,321,237,RUNNING,10,0,10,RUNNING,RUNNING,RUNNING,10,229,239,4.73,101.10,true
1780851845047,73993,step,241,371,186,RUNNING,10,0,10,RUNNING,RUNNING,RUNNING,10,230,240,4.73,101.10,true
1780851845317,74263,step,242,270,186,RUNNING,10,0,10,RUNNING,RUNNING,RUNNING,10,231,241,4.73,101.10,true
1780851845722,74668,step,243,405,186,RUNNING,10,0,10,RUNNING,RUNNING,RUNNING,10,232,242,4.73,102.33,true
1780851845959,74905,step,244,237,186,RUNNING,10,0,10,RUNNING,RUNNING,RUNNING,10,233,243,4.73,102.33,true
1780851846212,75158,step,245,253,222,RUNNING,10,0,10,RUNNING,RUNNING,RUNNING,10,234,244,4.73,102.33,true
1780851846465,75411,step,246,253,237,RUNNING,10,0,10,RUNNING,RUNNING,RUNNING,10,235,245,4.73,103.58,true
1780851846888,75834,step,247,423,237,RUNNING,10,0,10,RUNNING,RUNNING,RUNNING,10,236,246,4.73,103.58,true
1780851847192,76138,step,248,304,237,RUNNING,10,0,10,RUNNING,RUNNING,RUNNING,10,237,247,4.73,103.58,true
1780851847462,76408,step,249,270,222,RUNNING,10,0,10,RUNNING,RUNNING,RUNNING,10,238,248,4.73,104.84,true
1780851847715,76661,step,250,253,222,RUNNING,10,0,10,RUNNING,RUNNING,RUNNING,10,239,249,4.73,104.84,true
1780851848053,76999,step,251,338,197,RUNNING,10,0,10,RUNNING,RUNNING,RUNNING,10,240,250,4.73,104.84,true
1780851848323,77269,step,252,270,222,RUNNING,10,0,10,RUNNING,RUNNING,RUNNING,10,241,251,4.73,104.84,true
1780851848593,77539,step,253,270,222,RUNNING,10,0,10,RUNNING,RUNNING,RUNNING,10,242,252,4.73,106.14,true
1780851849117,78063,step,254,524,222,RUNNING,10,0,10,RUNNING,RUNNING,RUNNING,10,243,253,4.73,106.14,true
1780851849640,78586,step,255,523,177,RUNNING,10,0,10,RUNNING,RUNNING,RUNNING,10,244,254,4.73,107.46,true
1780851849944,78890,step,256,304,197,RUNNING,10,0,10,RUNNING,RUNNING,RUNNING,10,245,255,4.73,107.46,true
1780851850383,79329,step,257,439,136,WALKING,9,1,10,RUNNING,RUNNING,RUNNING,10,246,256,4.73,107.46,true
1780851850890,79836,step,258,507,118,WALKING,8,2,10,RUNNING,RUNNING,RUNNING,10,247,257,4.73,108.82,true
1780851851143,80089,step,259,253,136,WALKING,7,3,10,RUNNING,RUNNING,RUNNING,10,248,258,4.73,108.82,true
1780851851396,80342,step,260,253,197,RUNNING,7,3,10,RUNNING,RUNNING,RUNNING,10,249,259,4.73,110.11,true
1780851851920,80866,step,261,524,136,WALKING,6,4,10,RUNNING,RUNNING,RUNNING,10,250,260,4.73,110.11,true
1780851852173,81119,step,262,253,237,RUNNING,6,4,10,RUNNING,RUNNING,RUNNING,10,251,261,4.73,110.11,true
1780851852528,81474,step,263,355,237,RUNNING,6,4,10,RUNNING,RUNNING,RUNNING,10,252,262,4.73,111.46,true
1780851852899,81845,step,264,371,169,RUNNING,6,4,10,RUNNING,RUNNING,RUNNING,10,253,263,4.73,111.46,true
1780851853203,82149,step,265,304,169,RUNNING,6,4,10,RUNNING,RUNNING,RUNNING,10,254,264,4.73,111.46,true
1780851853507,82453,step,266,304,197,RUNNING,6,4,10,RUNNING,RUNNING,RUNNING,10,255,265,4.73,112.92,true
1780851853828,82774,step,267,321,186,RUNNING,7,3,10,RUNNING,RUNNING,RUNNING,10,256,266,4.73,112.92,true
1780851854115,83061,step,268,287,197,RUNNING,8,2,10,RUNNING,RUNNING,RUNNING,10,257,267,4.73,112.92,true
1780851854368,83314,step,269,253,197,RUNNING,9,1,10,RUNNING,RUNNING,RUNNING,10,258,268,4.73,112.92,true
1780851854638,83584,step,270,270,209,RUNNING,9,1,10,RUNNING,RUNNING,RUNNING,10,259,269,4.73,114.08,true
1780851854942,83888,step,271,304,209,RUNNING,10,0,10,RUNNING,RUNNING,RUNNING,10,260,270,4.73,114.08,true
1780851855196,84142,step,272,254,222,RUNNING,10,0,10,RUNNING,RUNNING,RUNNING,10,261,271,4.73,114.08,true
1780851855516,84462,step,273,320,222,RUNNING,10,0,10,RUNNING,RUNNING,RUNNING,10,262,272,4.73,115.23,true
1780851855753,84699,step,274,237,222,RUNNING,10,0,10,RUNNING,RUNNING,RUNNING,10,263,273,4.73,115.23,true
1780851856040,84986,step,275,287,209,RUNNING,10,0,10,RUNNING,RUNNING,RUNNING,10,264,274,4.73,115.23,true
1780851856496,85442,step,276,456,209,RUNNING,10,0,10,RUNNING,RUNNING,RUNNING,10,265,275,4.73,116.43,true
1780851856732,85678,step,277,236,209,RUNNING,10,0,10,RUNNING,RUNNING,RUNNING,10,266,276,4.73,116.43,true
1780851856985,85931,step,278,253,237,RUNNING,10,0,10,RUNNING,RUNNING,RUNNING,10,267,277,4.73,116.43,true
1780851857256,86202,step,279,271,221,RUNNING,10,0,10,RUNNING,RUNNING,RUNNING,10,268,278,4.73,116.43,true
1780851857492,86438,step,280,236,237,RUNNING,10,0,10,RUNNING,RUNNING,RUNNING,10,269,279,4.73,117.85,true
1780851857745,86691,step,281,253,237,RUNNING,10,0,10,RUNNING,RUNNING,RUNNING,10,270,280,4.73,117.85,true
1780851858067,87013,step,282,322,237,RUNNING,10,0,10,RUNNING,RUNNING,RUNNING,10,271,281,4.73,117.85,true
1780851858321,87267,step,283,254,236,RUNNING,10,0,10,RUNNING,RUNNING,RUNNING,10,272,282,4.73,117.85,true
1780851858591,87537,step,284,270,236,RUNNING,10,0,10,RUNNING,RUNNING,RUNNING,10,273,283,4.73,118.97,true
1780851858896,87842,step,285,305,222,RUNNING,10,0,10,RUNNING,RUNNING,RUNNING,10,274,284,4.73,118.97,true
1780851859184,88130,step,286,288,208,RUNNING,10,0,10,RUNNING,RUNNING,RUNNING,10,275,285,4.73,118.97,true
1780851859692,88638,step,287,508,208,RUNNING,10,0,10,RUNNING,RUNNING,RUNNING,10,276,286,4.73,118.97,true
1780851859929,88875,step,288,237,208,RUNNING,10,0,10,RUNNING,RUNNING,RUNNING,10,277,287,4.73,118.97,true
1780851860283,89229,step,289,354,196,RUNNING,10,0,10,RUNNING,RUNNING,RUNNING,10,278,288,4.73,118.97,true
1780851860824,89770,step,290,541,169,RUNNING,10,0,10,RUNNING,RUNNING,RUNNING,10,279,289,4.73,120.83,true
1780851861060,90006,step,291,236,169,RUNNING,10,0,10,RUNNING,RUNNING,RUNNING,10,280,290,4.73,120.83,true
1780851861398,90344,step,292,338,177,RUNNING,10,0,10,RUNNING,RUNNING,RUNNING,10,281,291,4.73,121.95,true
1780851861921,90867,step,293,523,169,RUNNING,10,0,10,RUNNING,RUNNING,RUNNING,10,282,292,4.73,121.95,true
1780851862158,91104,step,294,237,177,RUNNING,10,0,10,RUNNING,RUNNING,RUNNING,10,283,293,4.73,121.95,true
1780851862495,91441,step,295,337,178,RUNNING,10,0,10,RUNNING,RUNNING,RUNNING,10,284,294,4.73,123.20,true
1780851862732,91678,step,296,237,178,RUNNING,10,0,10,RUNNING,RUNNING,RUNNING,10,285,295,4.73,123.20,true
1780851862985,91931,step,297,253,237,RUNNING,10,0,10,RUNNING,RUNNING,RUNNING,10,286,296,4.73,123.20,true
1780851863221,92167,step,298,236,253,RUNNING,10,0,10,RUNNING,RUNNING,RUNNING,10,287,297,4.73,123.20,true
1780851863559,92505,step,299,338,237,RUNNING,10,0,10,RUNNING,RUNNING,RUNNING,10,288,298,4.73,124.46,true
1780851863812,92758,step,300,253,237,RUNNING,10,0,10,RUNNING,RUNNING,RUNNING,10,289,299,4.73,124.46,true
1780851864116,93062,step,301,304,237,RUNNING,10,0,10,RUNNING,RUNNING,RUNNING,10,290,300,4.73,124.46,true
1780851864370,93316,step,302,254,236,RUNNING,10,0,10,RUNNING,RUNNING,RUNNING,10,291,301,4.73,124.46,true
1780851864724,93670,step,303,354,197,RUNNING,10,0,10,RUNNING,RUNNING,RUNNING,10,292,302,4.73,125.54,true
1780851865146,94092,step,304,422,197,RUNNING,10,0,10,RUNNING,RUNNING,RUNNING,10,293,303,4.73,125.54,true
1780851865417,94363,step,305,271,197,RUNNING,10,0,10,RUNNING,RUNNING,RUNNING,10,294,304,4.73,125.54,true
1780851865653,94599,step,306,236,221,RUNNING,10,0,10,RUNNING,RUNNING,RUNNING,10,295,305,4.73,125.54,true
1780851866160,95106,step,307,507,169,RUNNING,10,0,10,RUNNING,RUNNING,RUNNING,10,296,306,4.73,125.54,true
1780851866396,95342,step,308,236,221,RUNNING,10,0,10,RUNNING,RUNNING,RUNNING,10,297,307,4.73,125.54,true
1780851866919,95865,step,309,523,221,RUNNING,10,0,10,RUNNING,RUNNING,RUNNING,10,298,308,4.73,127.38,true
1780851867494,96440,step,310,575,118,WALKING,9,1,10,RUNNING,RUNNING,RUNNING,10,299,309,4.73,128.68,true
1780851868051,96997,step,311,557,114,WALKING,8,2,10,RUNNING,RUNNING,RUNNING,10,300,310,4.73,128.68,true
1780851868439,97385,step,312,388,114,WALKING,7,3,10,RUNNING,RUNNING,RUNNING,10,301,311,4.73,130.20,true
1780851868692,97638,step,313,253,114,WALKING,6,4,10,RUNNING,RUNNING,RUNNING,10,302,312,4.73,130.20,true
1780851869233,98179,step,314,541,110,WALKING,5,5,10,RUNNING,RUNNING,RUNNING,10,303,313,4.73,130.20,true
1780851869807,98753,switch,315,574,110,WALKING,4,6,10,RUNNING,WALKING,RUNNING,10,304,314,4.73,131.71,true
1780851869807,98753,step,315,574,110,WALKING,4,6,10,RUNNING,WALKING,WALKING,10,304,314,4.73,131.71,true
1780851870263,99209,step,316,456,131,WALKING,3,7,10,WALKING,WALKING,WALKING,11,304,315,5.20,131.71,true
1780851870668,99614,step,317,405,131,WALKING,2,8,10,WALKING,WALKING,WALKING,12,304,316,7.15,131.71,true
1780851870938,99884,step,318,270,131,WALKING,1,9,10,WALKING,WALKING,WALKING,13,304,317,7.15,131.71,true
1780851871344,100290,step,319,406,147,WALKING,0,10,10,WALKING,WALKING,WALKING,14,304,318,7.15,131.71,true
1780851871580,100526,step,320,236,148,WALKING,0,10,10,WALKING,WALKING,WALKING,15,304,319,8.62,131.71,true
1780851871850,100796,step,321,270,222,RUNNING,1,9,10,WALKING,WALKING,WALKING,16,304,320,8.62,131.71,true
1780851872104,101050,step,322,254,222,RUNNING,2,8,10,WALKING,WALKING,WALKING,17,304,321,8.62,131.71,true
1780851872374,101320,step,323,270,222,RUNNING,3,7,10,WALKING,WALKING,WALKING,18,304,322,8.62,131.71,true
1780851872610,101556,step,324,236,236,RUNNING,4,6,10,WALKING,WALKING,WALKING,19,304,323,9.88,131.71,true
1780851872880,101826,step,325,270,222,RUNNING,5,5,10,WALKING,WALKING,WALKING,20,304,324,9.88,131.71,true
1780851873150,102096,step,326,270,222,RUNNING,6,4,10,WALKING,WALKING,WALKING,21,304,325,9.88,131.71,true
1780851873404,102350,step,327,254,222,RUNNING,7,3,10,WALKING,WALKING,WALKING,22,304,326,9.88,131.71,true
1780851873725,102671,switch,328,321,222,RUNNING,8,2,10,WALKING,RUNNING,WALKING,23,304,327,11.19,131.71,true
1780851873725,102671,step,328,321,222,RUNNING,8,2,10,WALKING,RUNNING,RUNNING,23,304,327,11.19,131.71,true
1780851874029,102975,step,329,304,222,RUNNING,9,1,10,RUNNING,RUNNING,RUNNING,23,305,328,11.19,132.54,true
1780851874266,103212,step,330,237,222,RUNNING,10,0,10,RUNNING,RUNNING,RUNNING,23,306,329,11.19,133.36,true
1780851874534,103480,step,331,268,223,RUNNING,10,0,10,RUNNING,RUNNING,RUNNING,23,307,330,11.19,135.63,true
1780851874789,103735,step,332,255,223,RUNNING,10,0,10,RUNNING,RUNNING,RUNNING,23,308,331,11.19,135.63,true
1780851875022,103968,step,333,233,235,RUNNING,10,0,10,RUNNING,RUNNING,RUNNING,23,309,332,11.19,135.63,true
1780851875290,104236,step,334,268,235,RUNNING,10,0,10,RUNNING,RUNNING,RUNNING,23,310,333,11.19,135.63,true
1780851875610,104556,step,335,320,223,RUNNING,10,0,10,RUNNING,RUNNING,RUNNING,23,311,334,11.19,137.03,true
1780851875981,104927,step,336,371,223,RUNNING,10,0,10,RUNNING,RUNNING,RUNNING,23,312,335,11.19,137.03,true
1780851876218,105164,step,337,237,223,RUNNING,10,0,10,RUNNING,RUNNING,RUNNING,23,313,336,11.19,137.03,true
1780851876539,105485,step,338,321,187,RUNNING,10,0,10,RUNNING,RUNNING,RUNNING,23,314,337,11.19,138.49,true
1780851876876,105822,step,339,337,186,RUNNING,10,0,10,RUNNING,RUNNING,RUNNING,23,315,338,11.19,138.49,true
1780851877130,106076,step,340,254,186,RUNNING,10,0,10,RUNNING,RUNNING,RUNNING,23,316,339,11.19,138.49,true
1780851877400,106346,step,341,270,222,RUNNING,10,0,10,RUNNING,RUNNING,RUNNING,23,317,340,11.19,140.12,true
1780851877687,106633,step,342,287,209,RUNNING,10,0,10,RUNNING,RUNNING,RUNNING,23,318,341,11.19,140.12,true
1780851878058,107004,step,343,371,209,RUNNING,10,0,10,RUNNING,RUNNING,RUNNING,23,319,342,11.19,140.12,true
1780851878312,107258,step,344,254,222,RUNNING,10,0,10,RUNNING,RUNNING,RUNNING,23,320,343,11.19,140.12,true
1780851878548,107494,step,345,236,222,RUNNING,10,0,10,RUNNING,RUNNING,RUNNING,23,321,344,11.19,141.60,true
1780851878785,107731,step,346,237,236,RUNNING,10,0,10,RUNNING,RUNNING,RUNNING,23,322,345,11.19,141.60,true
1780851879190,108136,step,347,405,236,RUNNING,10,0,10,RUNNING,RUNNING,RUNNING,23,323,346,11.19,141.60,true
1780851879764,108710,step,348,574,236,RUNNING,10,0,10,RUNNING,RUNNING,RUNNING,23,324,347,11.19,143.02,true
1780851880051,108997,step,349,287,209,RUNNING,10,0,10,RUNNING,RUNNING,RUNNING,23,325,348,11.19,143.02,true
1780851880304,109250,step,350,253,209,RUNNING,10,0,10,RUNNING,RUNNING,RUNNING,23,326,349,11.19,143.02,true
1780851880760,109706,step,351,456,148,WALKING,9,1,10,RUNNING,RUNNING,RUNNING,23,327,350,11.19,144.49,true
1780851881047,109993,step,352,287,209,RUNNING,9,1,10,RUNNING,RUNNING,RUNNING,23,328,351,11.19,144.49,true
1780851881436,110382,step,353,389,209,RUNNING,9,1,10,RUNNING,RUNNING,RUNNING,23,329,352,11.19,145.94,true
1780851881757,110703,step,354,321,186,RUNNING,9,1,10,RUNNING,RUNNING,RUNNING,23,330,353,11.19,145.94,true
1780851882010,110956,step,355,253,186,RUNNING,9,1,10,RUNNING,RUNNING,RUNNING,23,331,354,11.19,145.94,true
1780851882246,111192,step,356,236,209,RUNNING,9,1,10,RUNNING,RUNNING,RUNNING,23,332,355,11.19,145.94,true
1780851882567,111513,step,357,321,186,RUNNING,9,1,10,RUNNING,RUNNING,RUNNING,23,333,356,11.19,147.30,true
1780851882888,111834,step,358,321,186,RUNNING,9,1,10,RUNNING,RUNNING,RUNNING,23,334,357,11.19,147.30,true
1780851883226,112172,step,359,338,186,RUNNING,9,1,10,RUNNING,RUNNING,RUNNING,23,335,358,11.19,147.30,true
1780851883462,112408,step,360,236,186,RUNNING,9,1,10,RUNNING,RUNNING,RUNNING,23,336,359,11.19,148.58,true
1780851883715,112661,step,361,253,186,RUNNING,10,0,10,RUNNING,RUNNING,RUNNING,23,337,360,11.19,148.58,true
1780851884036,112982,step,362,321,186,RUNNING,10,0,10,RUNNING,RUNNING,RUNNING,23,338,361,11.19,148.58,true
1780851884273,113219,step,363,237,237,RUNNING,10,0,10,RUNNING,RUNNING,RUNNING,23,339,362,11.19,148.58,true
1780851884830,113776,step,364,557,237,RUNNING,10,0,10,RUNNING,RUNNING,RUNNING,23,340,363,11.19,149.83,true
1780851885151,114097,step,365,321,186,RUNNING,10,0,10,RUNNING,RUNNING,RUNNING,23,341,364,11.19,149.83,true
1780851885387,114333,step,366,236,186,RUNNING,10,0,10,RUNNING,RUNNING,RUNNING,23,342,365,11.19,149.83,true
1780851885961,114907,step,367,574,186,RUNNING,10,0,10,RUNNING,RUNNING,RUNNING,23,343,366,11.19,151.11,true
1780851886283,115229,step,368,322,186,RUNNING,10,0,10,RUNNING,RUNNING,RUNNING,23,344,367,11.19,151.11,true
1780851886603,115549,step,369,320,186,RUNNING,10,0,10,RUNNING,RUNNING,RUNNING,23,345,368,11.19,152.28,true
1780851887380,116326,step,370,777,186,RUNNING,10,0,10,RUNNING,RUNNING,RUNNING,23,346,369,11.19,152.28,true
1780851887616,116562,step,371,236,186,RUNNING,10,0,10,RUNNING,RUNNING,RUNNING,23,347,370,11.19,153.41,true
1780851888157,117103,step,372,541,186,RUNNING,10,0,10,RUNNING,RUNNING,RUNNING,23,348,371,11.19,153.41,true
1780851888393,117339,step,373,236,187,RUNNING,10,0,10,RUNNING,RUNNING,RUNNING,23,349,372,11.19,153.41,true
1780851889153,118099,step,374,760,110,WALKING,9,1,10,RUNNING,RUNNING,RUNNING,23,350,373,11.19,153.41,true
1780851890150,119096,step,375,997,110,WALKING,8,2,10,RUNNING,RUNNING,RUNNING,23,351,374,11.19,155.05,true
1780851891263,120209,step,376,1113,78,WALKING,7,3,10,RUNNING,RUNNING,RUNNING,23,352,375,11.19,155.05,true
1780851893357,122303,step,377,2094,60,WALKING,6,4,10,RUNNING,RUNNING,RUNNING,23,353,376,11.19,156.35,true
1780851893594,122540,step,378,237,60,WALKING,5,5,10,RUNNING,RUNNING,RUNNING,23,354,377,11.19,156.35,true
1780851894303,123249,switch,379,709,60,WALKING,4,6,10,RUNNING,WALKING,RUNNING,23,355,378,11.19,156.35,true
1780851894303,123249,step,379,709,60,WALKING,4,6,10,RUNNING,WALKING,WALKING,23,355,378,11.19,156.35,true
1780851894641,123587,step,380,338,84,WALKING,3,7,10,WALKING,WALKING,WALKING,24,355,379,11.66,156.35,true
1780851897494,126440,step,381,2853,84,WALKING,2,8,10,WALKING,WALKING,WALKING,25,355,380,12.14,156.35,true
1780851901040,129986,step,382,3546,84,WALKING,1,9,10,WALKING,WALKING,WALKING,26,355,381,12.61,156.35,true
1780851909246,138192,step,383,8206,21,WALKING,0,10,10,WALKING,WALKING,WALKING,27,355,382,13.08,156.35,true
1780851909786,138732,step,384,540,21,WALKING,0,10,10,WALKING,WALKING,WALKING,28,355,383,13.56,156.35,true
1780851910445,139391,step,385,659,21,WALKING,0,10,10,WALKING,WALKING,WALKING,29,355,384,14.03,156.35,true
1780851912015,140961,step,386,1570,38,WALKING,0,10,10,WALKING,WALKING,WALKING,30,355,385,14.50,156.35,true
1780851912302,141248,step,387,287,91,WALKING,0,10,10,WALKING,WALKING,WALKING,31,355,386,14.97,156.35,true
1780851912994,141940,step,388,692,91,WALKING,0,10,10,WALKING,WALKING,WALKING,32,355,387,15.45,156.35,true
1780851915527,144473,step,389,2533,86,WALKING,0,10,10,WALKING,WALKING,WALKING,33,355,388,15.92,156.35,true
1780851918296,147242,step,390,2769,38,WALKING,0,10,10,WALKING,WALKING,WALKING,34,355,389,16.39,156.35,true
1780851920677,149623,step,391,2381,25,WALKING,0,10,10,WALKING,WALKING,WALKING,35,355,390,16.87,156.35,true
1780851921285,150231,step,392,608,25,WALKING,0,10,10,WALKING,WALKING,WALKING,36,355,391,17.34,156.35,true
1780851922163,151109,step,393,878,25,WALKING,0,10,10,WALKING,WALKING,WALKING,37,355,392,17.81,156.35,true
1780851924645,153591,step,394,2482,25,WALKING,0,10,10,WALKING,WALKING,WALKING,38,355,393,18.29,156.35,true
1780851924932,153878,step,395,287,68,WALKING,0,10,10,WALKING,WALKING,WALKING,39,355,394,18.76,156.35,true
1780851925185,154131,step,396,253,98,WALKING,0,10,10,WALKING,WALKING,WALKING,40,355,395,19.23,156.35,true
1780851925658,154604,step,397,473,126,WALKING,0,10,10,WALKING,WALKING,WALKING,41,355,396,19.70,156.35,true
1780851925911,154857,step,398,253,209,RUNNING,1,9,10,WALKING,WALKING,WALKING,42,355,397,20.18,156.35,true
1780851926181,155127,step,399,270,222,RUNNING,2,8,10,WALKING,WALKING,WALKING,43,355,398,20.65,156.35,true
1780851926434,155380,step,400,253,237,RUNNING,3,7,10,WALKING,WALKING,WALKING,44,355,399,21.12,156.35,true
1780851926671,155617,step,401,237,237,RUNNING,4,6,10,WALKING,WALKING,WALKING,45,355,400,21.60,156.35,true
1780851926959,155905,step,402,288,237,RUNNING,5,5,10,WALKING,WALKING,WALKING,46,355,401,22.07,156.35,true
1780851932614,161560,step,403,5655,222,RUNNING,6,4,10,WALKING,WALKING,WALKING,47,355,402,22.54,156.35,true
1780851933458,162404,step,404,844,208,RUNNING,7,3,10,WALKING,WALKING,WALKING,48,355,403,23.01,156.35,true
1780851934319,163265,step,405,861,71,WALKING,7,3,10,WALKING,WALKING,WALKING,49,355,404,23.49,156.35,true
1780851935451,164397,step,406,1132,69,WALKING,7,3,10,WALKING,WALKING,WALKING,50,355,405,23.96,156.35,true
1780851935839,164785,step,407,388,69,WALKING,7,3,10,WALKING,WALKING,WALKING,51,355,406,24.43,156.35,true
1780851936785,165731,step,408,946,69,WALKING,6,4,10,WALKING,WALKING,WALKING,52,355,407,24.91,156.35,true
1780851942356,171302,step,409,5571,63,WALKING,5,5,10,WALKING,WALKING,WALKING,53,355,408,25.96,156.35,true
1780851943234,172180,step,410,878,63,WALKING,4,6,10,WALKING,WALKING,WALKING,54,355,409,25.96,156.35,true
1780851943504,172450,step,411,270,68,WALKING,3,7,10,WALKING,WALKING,WALKING,55,355,410,25.96,156.35,true
1780851944838,173784,step,412,1334,63,WALKING,2,8,10,WALKING,WALKING,WALKING,56,355,411,25.96,156.35,true
1780851946071,175017,step,413,1233,48,WALKING,1,9,10,WALKING,WALKING,WALKING,57,355,412,25.96,156.35,true
1780851946442,175388,step,414,371,68,WALKING,0,10,10,WALKING,WALKING,WALKING,58,355,413,25.96,156.35,true
1780851946712,175658,step,415,270,161,RUNNING,1,9,10,WALKING,WALKING,WALKING,59,355,414,25.96,156.35,true
1780851946999,175945,step,416,287,161,RUNNING,2,8,10,WALKING,WALKING,WALKING,60,355,415,25.96,156.35,true
1780851947894,176840,step,417,895,161,RUNNING,3,7,10,WALKING,WALKING,WALKING,61,355,416,25.96,156.35,true
1780851948451,177397,step,418,557,161,RUNNING,4,6,10,WALKING,WALKING,WALKING,62,355,417,26.73,156.35,true
1780851948688,177634,step,419,237,209,RUNNING,5,5,10,WALKING,WALKING,WALKING,63,355,418,26.73,156.35,true
1780851948924,177870,step,420,236,209,RUNNING,6,4,10,WALKING,WALKING,WALKING,64,355,419,26.73,156.35,true
1780851949160,178106,step,421,236,253,RUNNING,7,3,10,WALKING,WALKING,WALKING,65,355,420,26.73,156.35,true
1780851949464,178410,switch,422,304,253,RUNNING,8,2,10,WALKING,RUNNING,WALKING,66,355,421,26.73,156.35,true
1780851949464,178410,step,422,304,253,RUNNING,8,2,10,WALKING,RUNNING,RUNNING,66,355,421,26.73,156.35,true
1780851950342,179288,step,423,878,253,RUNNING,9,1,10,RUNNING,RUNNING,RUNNING,66,356,422,26.73,157.17,true
1780851950579,179525,step,424,237,253,RUNNING,10,0,10,RUNNING,RUNNING,RUNNING,66,357,423,26.73,158.00,true
1780851950933,179879,step,425,354,197,RUNNING,10,0,10,RUNNING,RUNNING,RUNNING,66,358,424,26.73,158.82,true
1780851951186,180132,step,426,253,197,RUNNING,10,0,10,RUNNING,RUNNING,RUNNING,66,359,425,26.73,159.65,true
1780851951473,180419,step,427,287,209,RUNNING,10,0,10,RUNNING,RUNNING,RUNNING,66,360,426,26.73,160.47,true
1780851951777,180723,step,428,304,209,RUNNING,10,0,10,RUNNING,RUNNING,RUNNING,66,361,427,26.73,161.30,true
1780851952031,180977,step,429,254,209,RUNNING,10,0,10,RUNNING,RUNNING,RUNNING,66,362,428,26.73,162.13,true
1780851952284,181230,step,430,253,236,RUNNING,10,0,10,RUNNING,RUNNING,RUNNING,66,363,429,26.73,162.95,true
1780851952554,181500,step,431,270,222,RUNNING,10,0,10,RUNNING,RUNNING,RUNNING,66,364,430,26.73,163.78,true
1780851952925,181871,step,432,371,222,RUNNING,10,0,10,RUNNING,RUNNING,RUNNING,66,365,431,26.73,164.60,true
1780851953246,182192,step,433,321,222,RUNNING,10,0,10,RUNNING,RUNNING,RUNNING,66,366,432,26.73,165.43,true
1780851953483,182429,step,434,237,222,RUNNING,10,0,10,RUNNING,RUNNING,RUNNING,66,367,433,26.73,166.26,true
1780851954090,183036,step,435,607,186,RUNNING,10,0,10,RUNNING,RUNNING,RUNNING,66,368,434,26.73,167.08,true
1780851954361,183307,step,436,271,186,RUNNING,10,0,10,RUNNING,RUNNING,RUNNING,66,369,435,26.73,167.91,true
1780851954664,183610,step,437,303,198,RUNNING,10,0,10,RUNNING,RUNNING,RUNNING,66,370,436,26.73,168.73,true
1780851954985,183931,step,438,321,198,RUNNING,10,0,10,RUNNING,RUNNING,RUNNING,66,371,437,26.73,169.56,true
1780851955323,184269,step,439,338,186,RUNNING,10,0,10,RUNNING,RUNNING,RUNNING,66,372,438,26.73,170.38,true
1780851955576,184522,step,440,253,198,RUNNING,10,0,10,RUNNING,RUNNING,RUNNING,66,373,439,26.73,172.03,true
1780851956505,185451,step,441,929,186,RUNNING,10,0,10,RUNNING,RUNNING,RUNNING,66,374,440,26.73,172.03,true
1780851956775,185721,step,442,270,186,RUNNING,10,0,10,RUNNING,RUNNING,RUNNING,66,375,441,26.73,172.03,true
1780851957113,186059,step,443,338,177,RUNNING,10,0,10,RUNNING,RUNNING,RUNNING,66,376,442,26.73,172.03,true
1780851957366,186312,step,444,253,222,RUNNING,10,0,10,RUNNING,RUNNING,RUNNING,66,377,443,26.73,172.03,true
1780851957619,186565,step,445,253,222,RUNNING,10,0,10,RUNNING,RUNNING,RUNNING,66,378,444,26.73,172.59,true
1780851957940,186886,step,446,321,222,RUNNING,10,0,10,RUNNING,RUNNING,RUNNING,66,379,445,26.73,172.59,true
1780851958176,187122,step,447,236,237,RUNNING,10,0,10,RUNNING,RUNNING,RUNNING,66,380,446,26.73,172.59,true
1780851958413,187359,step,448,237,237,RUNNING,10,0,10,RUNNING,RUNNING,RUNNING,66,381,447,26.73,173.28,true
1780851958700,187646,step,449,287,237,RUNNING,10,0,10,RUNNING,RUNNING,RUNNING,66,382,448,26.73,173.28,true
1780851959071,188017,step,450,371,209,RUNNING,10,0,10,RUNNING,RUNNING,RUNNING,66,383,449,26.73,173.28,true
1780851959324,188270,step,451,253,237,RUNNING,10,0,10,RUNNING,RUNNING,RUNNING,66,384,450,26.73,173.28,true
1780851959645,188591,step,452,321,209,RUNNING,10,0,10,RUNNING,RUNNING,RUNNING,66,385,451,26.73,174.12,true
1780851959915,188861,step,453,270,209,RUNNING,10,0,10,RUNNING,RUNNING,RUNNING,66,386,452,26.73,174.12,true
1780851960219,189165,step,454,304,197,RUNNING,10,0,10,RUNNING,RUNNING,RUNNING,66,387,453,26.73,174.12,true
1780851960574,189520,step,455,355,197,RUNNING,10,0,10,RUNNING,RUNNING,RUNNING,66,388,454,26.73,174.98,true
1780851960878,189824,step,456,304,197,RUNNING,10,0,10,RUNNING,RUNNING,RUNNING,66,389,455,26.73,174.98,true
1780851961182,190128,step,457,304,197,RUNNING,10,0,10,RUNNING,RUNNING,RUNNING,66,390,456,26.73,174.98,true
1780851961435,190381,step,458,253,197,RUNNING,10,0,10,RUNNING,RUNNING,RUNNING,66,391,457,26.73,176.02,true
1780851961688,190634,step,459,253,197,RUNNING,10,0,10,RUNNING,RUNNING,RUNNING,66,392,458,26.73,176.02,true
1780851961941,190887,step,460,253,237,RUNNING,10,0,10,RUNNING,RUNNING,RUNNING,66,393,459,26.73,176.02,true
1780851962245,191191,step,461,304,237,RUNNING,10,0,10,RUNNING,RUNNING,RUNNING,66,394,460,26.73,176.02,true
1780851962515,191461,step,462,270,237,RUNNING,10,0,10,RUNNING,RUNNING,RUNNING,66,395,461,26.73,177.03,true
1780851962870,191816,step,463,355,222,RUNNING,10,0,10,RUNNING,RUNNING,RUNNING,66,396,462,26.73,177.03,true
1780851963174,192120,step,464,304,197,RUNNING,10,0,10,RUNNING,RUNNING,RUNNING,66,397,463,26.73,177.03,true
1780851963444,192390,step,465,270,197,RUNNING,10,0,10,RUNNING,RUNNING,RUNNING,66,398,464,26.73,178.11,true
1780851963731,192677,step,466,287,209,RUNNING,10,0,10,RUNNING,RUNNING,RUNNING,66,399,465,26.73,178.11,true
1780851963987,192933,step,467,256,209,RUNNING,10,0,10,RUNNING,RUNNING,RUNNING,66,400,466,26.73,178.11,true
1780851964271,193217,step,468,284,211,RUNNING,10,0,10,RUNNING,RUNNING,RUNNING,66,401,467,26.73,178.11,true
1780851964546,193492,step,469,275,218,RUNNING,10,0,10,RUNNING,RUNNING,RUNNING,66,402,468,26.73,179.37,true
1780851964802,193748,step,470,256,218,RUNNING,10,0,10,RUNNING,RUNNING,RUNNING,66,403,469,26.73,179.37,true
1780851965035,193981,step,471,233,234,RUNNING,10,0,10,RUNNING,RUNNING,RUNNING,66,404,470,26.73,179.37,true
1780851965310,194256,step,472,275,218,RUNNING,10,0,10,RUNNING,RUNNING,RUNNING,66,405,471,26.73,179.37,true
1780851965607,194553,step,473,297,218,RUNNING,10,0,10,RUNNING,RUNNING,RUNNING,66,406,472,26.73,180.71,true
1780851966110,195056,step,474,503,218,RUNNING,10,0,10,RUNNING,RUNNING,RUNNING,66,407,473,26.73,180.71,true
1780851966366,195312,step,475,256,218,RUNNING,10,0,10,RUNNING,RUNNING,RUNNING,66,408,474,26.73,180.71,true
1780851966902,195848,step,476,536,202,RUNNING,10,0,10,RUNNING,RUNNING,RUNNING,66,409,475,26.73,181.95,true
1780851967375,196321,step,477,473,126,WALKING,9,1,10,RUNNING,RUNNING,RUNNING,66,410,476,26.73,181.95,true
1780851967628,196574,step,478,253,126,WALKING,8,2,10,RUNNING,RUNNING,RUNNING,66,411,477,26.73,183.12,true
1780851967966,196912,step,479,338,177,RUNNING,8,2,10,RUNNING,RUNNING,RUNNING,66,412,478,26.73,183.12,true
1780851968219,197165,step,480,253,177,RUNNING,8,2,10,RUNNING,RUNNING,RUNNING,66,413,479,26.73,183.12,true
1780851968794,197740,step,481,575,177,RUNNING,8,2,10,RUNNING,RUNNING,RUNNING,66,414,480,26.73,184.25,true
1780851969283,198229,step,482,489,177,RUNNING,8,2,10,RUNNING,RUNNING,RUNNING,66,415,481,26.73,184.25,true
1780851969807,198753,step,483,524,122,WALKING,7,3,10,RUNNING,RUNNING,RUNNING,66,416,482,26.73,185.41,true
1780851970043,198989,step,484,236,122,WALKING,6,4,10,RUNNING,RUNNING,RUNNING,66,417,483,26.73,185.41,true
1780851970550,199496,step,485,507,118,WALKING,5,5,10,RUNNING,RUNNING,RUNNING,66,418,484,26.73,186.61,true
1780851971039,199985,switch,486,489,122,WALKING,4,6,10,RUNNING,WALKING,RUNNING,66,419,485,26.73,186.61,true
1780851971039,199985,step,486,489,122,WALKING,4,6,10,RUNNING,WALKING,WALKING,66,419,485,26.73,186.61,true
1780851971799,200745,step,487,760,118,WALKING,4,6,10,WALKING,WALKING,WALKING,67,419,486,28.44,186.61,true
1780851972306,201252,step,488,507,118,WALKING,4,6,10,WALKING,WALKING,WALKING,68,419,487,28.44,186.61,true
1780851972981,201927,step,489,675,118,WALKING,3,7,10,WALKING,WALKING,WALKING,69,419,488,29.65,186.61,true
1780851973218,202164,step,490,237,118,WALKING,2,8,10,WALKING,WALKING,WALKING,70,419,489,29.65,186.61,true
1780851973724,202670,step,491,506,118,WALKING,1,9,10,WALKING,WALKING,WALKING,71,419,490,30.86,186.61,true
1780851974248,203194,step,492,524,118,WALKING,0,10,10,WALKING,WALKING,WALKING,72,419,491,30.86,186.61,true
1780851974974,203920,step,493,726,114,WALKING,0,10,10,WALKING,WALKING,WALKING,73,419,492,32.12,186.61,true
1780851975514,204460,step,494,540,114,WALKING,0,10,10,WALKING,WALKING,WALKING,74,419,493,33.39,186.61,true
1780851975987,204933,step,495,473,114,WALKING,0,10,10,WALKING,WALKING,WALKING,75,419,494,33.39,186.61,true
1780851976324,205270,step,496,337,114,WALKING,0,10,10,WALKING,WALKING,WALKING,76,419,495,33.39,186.61,true
1780851976714,205660,step,497,390,126,WALKING,0,10,10,WALKING,WALKING,WALKING,77,419,496,34.48,186.61,true
1780851977354,206300,step,498,640,126,WALKING,0,10,10,WALKING,WALKING,WALKING,78,419,497,34.48,186.61,true
1780851977945,206891,step,499,591,126,WALKING,0,10,10,WALKING,WALKING,WALKING,79,419,498,35.55,186.61,true
1780851978249,207195,step,500,304,153,RUNNING,1,9,10,WALKING,WALKING,WALKING,80,419,499,35.55,186.61,true
1780851987266,216212,step,501,9017,101,WALKING,1,9,10,WALKING,WALKING,WALKING,81,419,500,36.57,186.61,true
1780851989275,218221,step,502,2009,93,WALKING,1,9,10,WALKING,WALKING,WALKING,82,419,501,36.57,186.61,true
1780852001199,230145,step,503,11924,29,WALKING,1,9,10,WALKING,WALKING,WALKING,83,419,502,36.57,186.61,true
1780852004799,233745,step,504,3600,16,WALKING,1,9,10,WALKING,WALKING,WALKING,84,419,503,36.57,186.61,true
1780852005542,234488,step,505,743,16,WALKING,1,9,10,WALKING,WALKING,WALKING,85,419,504,36.57,186.61,true
1780852005779,234725,step,506,237,29,WALKING,1,9,10,WALKING,WALKING,WALKING,86,419,505,36.57,186.61,true
1780852006032,234978,step,507,253,80,WALKING,1,9,10,WALKING,WALKING,WALKING,87,419,506,36.57,186.61,true
1780852006386,235332,step,508,354,169,RUNNING,2,8,10,WALKING,WALKING,WALKING,88,419,507,36.57,186.61,true
1780852007349,236295,step,509,963,169,RUNNING,3,7,10,WALKING,WALKING,WALKING,89,419,508,36.57,186.61,true
1780852007670,236616,step,510,321,186,RUNNING,3,7,10,WALKING,WALKING,WALKING,90,419,509,36.57,186.61,true
1780852008936,237882,step,511,1266,169,RUNNING,4,6,10,WALKING,WALKING,WALKING,91,419,510,36.57,186.61,true
1780852009443,238389,step,512,507,118,WALKING,4,6,10,WALKING,WALKING,WALKING,92,419,511,37.47,186.61,true
1780852009679,238625,step,513,236,118,WALKING,4,6,10,WALKING,WALKING,WALKING,93,419,512,37.47,186.61,true
1780852009966,238912,step,514,287,186,RUNNING,5,5,10,WALKING,WALKING,WALKING,94,419,513,37.47,186.61,true
1780852010202,239148,step,515,236,209,RUNNING,6,4,10,WALKING,WALKING,WALKING,95,419,514,37.47,186.61,true
1780852010540,239486,step,516,338,209,RUNNING,7,3,10,WALKING,WALKING,WALKING,96,419,515,38.54,186.61,true
1780852010979,239925,switch,517,439,209,RUNNING,8,2,10,WALKING,RUNNING,WALKING,97,419,516,38.54,186.61,true
1780852010979,239925,step,517,439,209,RUNNING,8,2,10,WALKING,RUNNING,RUNNING,97,419,516,38.54,186.61,true
1780852011300,240246,step,518,321,186,RUNNING,8,2,10,RUNNING,RUNNING,RUNNING,97,420,517,38.54,187.43,true
1780852011536,240482,step,519,236,186,RUNNING,8,2,10,RUNNING,RUNNING,RUNNING,97,421,518,38.54,189.88,true
1780852011807,240753,step,520,271,186,RUNNING,8,2,10,RUNNING,RUNNING,RUNNING,97,422,519,38.54,189.88,true
1780852012060,241006,step,521,253,221,RUNNING,8,2,10,RUNNING,RUNNING,RUNNING,97,423,520,38.54,189.88,true
1780852012330,241276,step,522,270,222,RUNNING,9,1,10,RUNNING,RUNNING,RUNNING,97,424,521,38.54,189.88,true
1780852012651,241597,step,523,321,222,RUNNING,10,0,10,RUNNING,RUNNING,RUNNING,97,425,522,38.54,191.96,true
1780852013005,241951,step,524,354,221,RUNNING,10,0,10,RUNNING,RUNNING,RUNNING,97,426,523,38.54,191.96,true
1780852013259,242205,step,525,254,222,RUNNING,10,0,10,RUNNING,RUNNING,RUNNING,97,427,524,38.54,191.96,true
1780852013546,242492,step,526,287,209,RUNNING,10,0,10,RUNNING,RUNNING,RUNNING,97,428,525,38.54,193.92,true
1780852013821,242767,step,527,275,209,RUNNING,10,0,10,RUNNING,RUNNING,RUNNING,97,429,526,38.54,193.92,true
1780852014053,242999,step,528,232,218,RUNNING,10,0,10,RUNNING,RUNNING,RUNNING,97,430,527,38.54,193.92,true
1780852014424,243370,step,529,371,218,RUNNING,10,0,10,RUNNING,RUNNING,RUNNING,97,431,528,38.54,195.81,true
1780852014728,243674,step,530,304,209,RUNNING,10,0,10,RUNNING,RUNNING,RUNNING,97,432,529,38.54,195.81,true
1780852015116,244062,step,531,388,197,RUNNING,10,0,10,RUNNING,RUNNING,RUNNING,97,433,530,38.54,195.81,true
1780852015437,244383,step,532,321,186,RUNNING,10,0,10,RUNNING,RUNNING,RUNNING,97,434,531,38.54,197.98,true
1780852015758,244704,step,533,321,186,RUNNING,10,0,10,RUNNING,RUNNING,RUNNING,97,435,532,38.54,197.98,true
1780852016011,244957,step,534,253,186,RUNNING,10,0,10,RUNNING,RUNNING,RUNNING,97,436,533,38.54,197.98,true
1780852016349,245295,step,535,338,186,RUNNING,10,0,10,RUNNING,RUNNING,RUNNING,97,437,534,38.54,197.98,true
1780852016669,245615,step,536,320,186,RUNNING,10,0,10,RUNNING,RUNNING,RUNNING,97,438,535,38.54,200.47,true
1780852016990,245936,step,537,321,186,RUNNING,10,0,10,RUNNING,RUNNING,RUNNING,97,439,536,38.54,200.47,true
1780852017227,246173,step,538,237,187,RUNNING,10,0,10,RUNNING,RUNNING,RUNNING,97,440,537,38.54,200.47,true
1780852017480,246426,step,539,253,187,RUNNING,10,0,10,RUNNING,RUNNING,RUNNING,97,441,538,38.54,203.30,true
1780852017750,246696,step,540,270,222,RUNNING,10,0,10,RUNNING,RUNNING,RUNNING,97,442,539,38.54,203.30,true
1780852018020,246966,step,541,270,222,RUNNING,10,0,10,RUNNING,RUNNING,RUNNING,97,443,540,38.54,203.30,true
1780852018307,247253,step,542,287,222,RUNNING,10,0,10,RUNNING,RUNNING,RUNNING,97,444,541,38.54,203.30,true
1780852018594,247540,step,543,287,222,RUNNING,10,0,10,RUNNING,RUNNING,RUNNING,97,445,542,38.54,206.34,true
1780852018831,247777,step,544,237,222,RUNNING,10,0,10,RUNNING,RUNNING,RUNNING,97,446,543,38.54,206.34,true
1780852019118,248064,step,545,287,209,RUNNING,10,0,10,RUNNING,RUNNING,RUNNING,97,447,544,38.54,206.34,true
1780852019472,248418,step,546,354,209,RUNNING,10,0,10,RUNNING,RUNNING,RUNNING,97,448,545,38.54,209.49,true
1780852019726,248672,step,547,254,209,RUNNING,10,0,10,RUNNING,RUNNING,RUNNING,97,449,546,38.54,209.49,true
1780852019996,248942,step,548,270,222,RUNNING,10,0,10,RUNNING,RUNNING,RUNNING,97,450,547,38.54,209.49,true
1780852020283,249229,step,549,287,209,RUNNING,10,0,10,RUNNING,RUNNING,RUNNING,97,451,548,38.54,209.49,true
1780852020536,249482,step,550,253,222,RUNNING,10,0,10,RUNNING,RUNNING,RUNNING,97,452,549,38.54,211.73,true
1780852020807,249753,step,551,271,222,RUNNING,10,0,10,RUNNING,RUNNING,RUNNING,97,453,550,38.54,211.73,true
1780852021161,250107,step,552,354,221,RUNNING,10,0,10,RUNNING,RUNNING,RUNNING,97,454,551,38.54,211.73,true
1780852021532,250478,step,553,371,209,RUNNING,10,0,10,RUNNING,RUNNING,RUNNING,97,455,552,38.54,213.57,true
1780852021971,250917,step,554,439,169,RUNNING,10,0,10,RUNNING,RUNNING,RUNNING,97,456,553,38.54,213.57,true
1780852022360,251306,step,555,389,161,RUNNING,10,0,10,RUNNING,RUNNING,RUNNING,97,457,554,38.54,213.57,true
1780852022782,251728,step,556,422,154,RUNNING,10,0,10,RUNNING,RUNNING,RUNNING,97,458,555,38.54,215.51,true
1780852023153,252099,step,557,371,154,RUNNING,10,0,10,RUNNING,RUNNING,RUNNING,97,459,556,38.54,215.51,true
1780852023575,252521,step,558,422,142,WALKING,9,1,10,RUNNING,RUNNING,RUNNING,97,460,557,38.54,217.41,true
1780852023896,252842,step,559,321,154,RUNNING,9,1,10,RUNNING,RUNNING,RUNNING,97,461,558,38.54,217.41,true
1780852024369,253315,step,560,473,142,WALKING,8,2,10,RUNNING,RUNNING,RUNNING,97,462,559,38.54,217.41,true
1780852024774,253720,step,561,405,148,WALKING,7,3,10,RUNNING,RUNNING,RUNNING,97,463,560,38.54,219.42,true
1780852025011,253957,step,562,237,148,WALKING,6,4,10,RUNNING,RUNNING,RUNNING,97,464,561,38.54,219.42,true
1780852025281,254227,step,563,270,186,RUNNING,6,4,10,RUNNING,RUNNING,RUNNING,97,465,562,38.54,219.42,true
1780852025534,254480,step,564,253,222,RUNNING,6,4,10,RUNNING,RUNNING,RUNNING,97,466,563,38.54,221.81,true
1780852025939,254885,step,565,405,222,RUNNING,6,4,10,RUNNING,RUNNING,RUNNING,97,467,564,38.54,221.81,true
1780852026328,255274,step,566,389,222,RUNNING,6,4,10,RUNNING,RUNNING,RUNNING,97,468,565,38.54,221.81,true
1780852026682,255628,step,567,354,169,RUNNING,6,4,10,RUNNING,RUNNING,RUNNING,97,469,566,38.54,224.39,true
1780852027121,256067,step,568,439,154,RUNNING,7,3,10,RUNNING,RUNNING,RUNNING,97,470,567,38.54,224.39,true
1780852027543,256489,step,569,422,148,WALKING,6,4,10,RUNNING,RUNNING,RUNNING,97,471,568,38.54,227.08,true
1780852027932,256878,step,570,389,154,RUNNING,7,3,10,RUNNING,RUNNING,RUNNING,97,472,569,38.54,227.08,true
1780852028354,257300,step,571,422,142,WALKING,7,3,10,RUNNING,RUNNING,RUNNING,97,473,570,38.54,227.08,true
1780852028759,257705,step,572,405,142,WALKING,7,3,10,RUNNING,RUNNING,RUNNING,97,474,571,38.54,230.06,true
1780852029181,258127,step,573,422,142,WALKING,6,4,10,RUNNING,RUNNING,RUNNING,97,475,572,38.54,230.06,true
1780852029570,258516,step,574,389,148,WALKING,5,5,10,RUNNING,RUNNING,RUNNING,97,476,573,38.54,232.67,true
1780852029992,258938,switch,575,422,142,WALKING,4,6,10,RUNNING,WALKING,RUNNING,97,477,574,38.54,232.67,true
1780852029992,258938,step,575,422,142,WALKING,4,6,10,RUNNING,WALKING,WALKING,97,477,574,38.54,232.67,true
1780852030363,259309,step,576,371,148,WALKING,3,7,10,WALKING,WALKING,WALKING,98,477,575,39.01,232.67,true
1780852030802,259748,step,577,439,142,WALKING,2,8,10,WALKING,WALKING,WALKING,99,477,576,41.88,232.67,true
1780852031190,260136,step,578,388,154,RUNNING,2,8,10,WALKING,WALKING,WALKING,100,477,577,41.88,232.67,true
1780852031629,260575,step,579,439,142,WALKING,2,8,10,WALKING,WALKING,WALKING,101,477,578,44.47,232.67,true
1780852031900,260846,step,580,271,154,RUNNING,2,8,10,WALKING,WALKING,WALKING,102,477,579,44.47,232.67,true
1780852032220,261166,step,581,320,154,RUNNING,3,7,10,WALKING,WALKING,WALKING,103,477,580,44.47,232.67,true
1780852032507,261453,step,582,287,187,RUNNING,4,6,10,WALKING,WALKING,WALKING,104,477,581,46.99,232.67,true
1780852032795,261741,step,583,288,208,RUNNING,5,5,10,WALKING,WALKING,WALKING,105,477,582,46.99,232.67,true
1780852033233,262179,step,584,438,208,RUNNING,6,4,10,WALKING,WALKING,WALKING,106,477,583,46.99,232.67,true
1780852033605,262551,step,585,372,187,RUNNING,7,3,10,WALKING,WALKING,WALKING,107,477,584,49.51,232.67,true
1780852034027,262973,switch,586,422,161,RUNNING,8,2,10,WALKING,RUNNING,WALKING,108,477,585,49.51,232.67,true
1780852034027,262973,step,586,422,161,RUNNING,8,2,10,WALKING,RUNNING,RUNNING,108,477,585,49.51,232.67,true
1780852034399,263345,step,587,372,161,RUNNING,9,1,10,RUNNING,RUNNING,RUNNING,108,478,586,49.51,236.29,true
1780852034804,263750,step,588,405,148,WALKING,8,2,10,RUNNING,RUNNING,RUNNING,108,479,587,49.51,236.29,true
1780852035192,264138,step,589,388,154,RUNNING,9,1,10,RUNNING,RUNNING,RUNNING,108,480,588,49.51,236.29,true
1780852035614,264560,step,590,422,148,WALKING,8,2,10,RUNNING,RUNNING,RUNNING,108,481,589,49.51,239.41,true
1780852035986,264932,step,591,372,154,RUNNING,8,2,10,RUNNING,RUNNING,RUNNING,108,482,590,49.51,239.41,true
1780852036340,265286,step,592,354,154,RUNNING,8,2,10,RUNNING,RUNNING,RUNNING,108,483,591,49.51,239.41,true
1780852036796,265742,step,593,456,154,RUNNING,8,2,10,RUNNING,RUNNING,RUNNING,108,484,592,49.51,242.62,true
1780852037235,266181,step,594,439,142,WALKING,7,3,10,RUNNING,RUNNING,RUNNING,108,485,593,49.51,242.62,true
1780852037607,266553,step,595,372,161,RUNNING,7,3,10,RUNNING,RUNNING,RUNNING,108,486,594,49.51,245.64,true
1780852038029,266975,step,596,422,142,WALKING,6,4,10,RUNNING,RUNNING,RUNNING,108,487,595,49.51,245.64,true
1780852038417,267363,step,597,388,142,WALKING,5,5,10,RUNNING,RUNNING,RUNNING,108,488,596,49.51,248.78,true
1780852038755,267701,step,598,338,154,RUNNING,6,4,10,RUNNING,RUNNING,RUNNING,108,489,597,49.51,248.78,true
1780852039227,268173,step,599,472,154,RUNNING,6,4,10,RUNNING,RUNNING,RUNNING,108,490,598,49.51,248.78,true
1780852039616,268562,step,600,389,154,RUNNING,7,3,10,RUNNING,RUNNING,RUNNING,108,491,599,49.51,252.28,true
1780852039987,268933,step,601,371,154,RUNNING,7,3,10,RUNNING,RUNNING,RUNNING,108,492,600,49.51,252.28,true
1780852040409,269355,step,602,422,154,RUNNING,7,3,10,RUNNING,RUNNING,RUNNING,108,493,601,49.51,255.73,true
1780852040764,269710,step,603,355,154,RUNNING,7,3,10,RUNNING,RUNNING,RUNNING,108,494,602,49.51,255.73,true
1780852041203,270149,step,604,439,154,RUNNING,8,2,10,RUNNING,RUNNING,RUNNING,108,495,603,49.51,255.73,true
1780852041591,270537,step,605,388,154,RUNNING,8,2,10,RUNNING,RUNNING,RUNNING,108,496,604,49.51,259.04,true
1780852041996,270942,step,606,405,148,WALKING,8,2,10,RUNNING,RUNNING,RUNNING,108,497,605,49.51,259.04,true
1780852042368,271314,step,607,372,154,RUNNING,9,1,10,RUNNING,RUNNING,RUNNING,108,498,606,49.51,259.04,true
1780852042722,271668,step,608,354,154,RUNNING,9,1,10,RUNNING,RUNNING,RUNNING,108,499,607,49.51,262.39,true
1780852043161,272107,step,609,439,154,RUNNING,9,1,10,RUNNING,RUNNING,RUNNING,108,500,608,49.51,262.39,true
1780852043482,272428,step,610,321,161,RUNNING,9,1,10,RUNNING,RUNNING,RUNNING,108,501,609,49.51,265.66,true
1780852043938,272884,step,611,456,161,RUNNING,9,1,10,RUNNING,RUNNING,RUNNING,108,502,610,49.51,265.66,true
1780852044360,273306,step,612,422,142,WALKING,8,2,10,RUNNING,RUNNING,RUNNING,108,503,611,49.51,265.66,true
1780852044748,273694,step,613,388,142,WALKING,7,3,10,RUNNING,RUNNING,RUNNING,108,504,612,49.51,268.83,true
1780852045170,274116,step,614,422,142,WALKING,6,4,10,RUNNING,RUNNING,RUNNING,108,505,613,49.51,268.83,true
1780852045558,274504,step,615,388,142,WALKING,5,5,10,RUNNING,RUNNING,RUNNING,108,506,614,49.51,271.78,true
1780852045981,274927,step,616,423,142,WALKING,5,5,10,RUNNING,RUNNING,RUNNING,108,507,615,49.51,271.78,true
1780852046352,275298,step,617,371,154,RUNNING,5,5,10,RUNNING,RUNNING,RUNNING,108,508,616,49.51,271.78,true
1780852046740,275686,step,618,388,154,RUNNING,5,5,10,RUNNING,RUNNING,RUNNING,108,509,617,49.51,274.75,true
1780852047129,276075,step,619,389,154,RUNNING,5,5,10,RUNNING,RUNNING,RUNNING,108,510,618,49.51,274.75,true
1780852047365,276311,step,620,236,154,RUNNING,5,5,10,RUNNING,RUNNING,RUNNING,108,511,619,49.51,274.75,true
1780852047618,276564,step,621,253,161,RUNNING,5,5,10,RUNNING,RUNNING,RUNNING,108,512,620,49.51,277.84,true
1780852047922,276868,step,622,304,197,RUNNING,6,4,10,RUNNING,RUNNING,RUNNING,108,513,621,49.51,277.84,true
1780852048327,277273,step,623,405,197,RUNNING,7,3,10,RUNNING,RUNNING,RUNNING,108,514,622,49.51,277.84,true
1780852048716,277662,step,624,389,197,RUNNING,8,2,10,RUNNING,RUNNING,RUNNING,108,515,623,49.51,281.13,true
1780852049071,278017,step,625,355,169,RUNNING,9,1,10,RUNNING,RUNNING,RUNNING,108,516,624,49.51,281.13,true
1780852049376,278322,step,626,305,169,RUNNING,10,0,10,RUNNING,RUNNING,RUNNING,108,517,625,49.51,281.13,true
1780852049680,278626,step,627,304,169,RUNNING,10,0,10,RUNNING,RUNNING,RUNNING,108,518,626,49.51,284.64,true
1780852050035,278981,step,628,355,169,RUNNING,10,0,10,RUNNING,RUNNING,RUNNING,108,519,627,49.51,284.64,true
1780852050289,279235,step,629,254,196,RUNNING,10,0,10,RUNNING,RUNNING,RUNNING,108,520,628,49.51,284.64,true
1780852050610,279556,step,630,321,196,RUNNING,10,0,10,RUNNING,RUNNING,RUNNING,108,521,629,49.51,288.29,true
1780852050898,279844,step,631,288,197,RUNNING,10,0,10,RUNNING,RUNNING,RUNNING,108,522,630,49.51,288.29,true
1780852051235,280181,step,632,337,186,RUNNING,10,0,10,RUNNING,RUNNING,RUNNING,108,523,631,49.51,288.29,true
1780852051472,280418,step,633,237,208,RUNNING,10,0,10,RUNNING,RUNNING,RUNNING,108,524,632,49.51,291.89,true
1780852051742,280688,step,634,270,208,RUNNING,10,0,10,RUNNING,RUNNING,RUNNING,108,525,633,49.51,291.89,true
1780852052046,280992,step,635,304,208,RUNNING,10,0,10,RUNNING,RUNNING,RUNNING,108,526,634,49.51,291.89,true
1780852052333,281279,step,636,287,209,RUNNING,10,0,10,RUNNING,RUNNING,RUNNING,108,527,635,49.51,291.89,true
1780852052637,281583,step,637,304,209,RUNNING,10,0,10,RUNNING,RUNNING,RUNNING,108,528,636,49.51,294.04,true
1780852053059,282005,step,638,422,197,RUNNING,10,0,10,RUNNING,RUNNING,RUNNING,108,529,637,49.51,294.04,true
1780852053430,282376,step,639,371,197,RUNNING,10,0,10,RUNNING,RUNNING,RUNNING,108,530,638,49.51,295.87,true
1780852053768,282714,step,640,338,177,RUNNING,10,0,10,RUNNING,RUNNING,RUNNING,108,531,639,49.51,295.87,true
1780852054207,283153,step,641,439,161,RUNNING,10,0,10,RUNNING,RUNNING,RUNNING,108,532,640,49.51,295.87,true
1780852054544,283490,step,642,337,161,RUNNING,10,0,10,RUNNING,RUNNING,RUNNING,108,533,641,49.51,298.61,true
1780852054983,283929,step,643,439,161,RUNNING,10,0,10,RUNNING,RUNNING,RUNNING,108,534,642,49.51,298.61,true
1780852055422,284368,step,644,439,136,WALKING,9,1,10,RUNNING,RUNNING,RUNNING,108,535,643,49.51,301.51,true
1780852055811,284757,step,645,389,136,WALKING,8,2,10,RUNNING,RUNNING,RUNNING,108,536,644,49.51,301.51,true
1780852056165,285111,step,646,354,154,RUNNING,8,2,10,RUNNING,RUNNING,RUNNING,108,537,645,49.51,301.51,true
1780852056402,285348,step,647,237,154,RUNNING,8,2,10,RUNNING,RUNNING,RUNNING,108,538,646,49.51,301.51,true
1780852056638,285584,step,648,236,169,RUNNING,8,2,10,RUNNING,RUNNING,RUNNING,108,539,647,49.51,303.91,true
1780852057026,285972,step,649,388,169,RUNNING,8,2,10,RUNNING,RUNNING,RUNNING,108,540,648,49.51,303.91,true
1780852057415,286361,step,650,389,169,RUNNING,8,2,10,RUNNING,RUNNING,RUNNING,108,541,649,49.51,306.06,true
1780852057769,286715,step,651,354,169,RUNNING,8,2,10,RUNNING,RUNNING,RUNNING,108,542,650,49.51,306.06,true
1780852058225,287171,step,652,456,154,RUNNING,8,2,10,RUNNING,RUNNING,RUNNING,108,543,651,49.51,306.06,true
1780852058647,287593,step,653,422,154,RUNNING,8,2,10,RUNNING,RUNNING,RUNNING,108,544,652,49.51,308.01,true
1780852059035,287981,step,654,388,154,RUNNING,9,1,10,RUNNING,RUNNING,RUNNING,108,545,653,49.51,308.01,true
1780852059458,288404,step,655,423,142,WALKING,9,1,10,RUNNING,RUNNING,RUNNING,108,546,654,49.51,310.02,true
1780852059829,288775,step,656,371,142,WALKING,8,2,10,RUNNING,RUNNING,RUNNING,108,547,655,49.51,310.02,true
1780852060251,289197,step,657,422,142,WALKING,7,3,10,RUNNING,RUNNING,RUNNING,108,548,656,49.51,310.02,true
1780852060623,289569,step,658,372,154,RUNNING,7,3,10,RUNNING,RUNNING,RUNNING,108,549,657,49.51,312.46,true
1780852061045,289991,step,659,422,142,WALKING,6,4,10,RUNNING,RUNNING,RUNNING,108,550,658,49.51,312.46,true
1780852061416,290362,step,660,371,161,RUNNING,6,4,10,RUNNING,RUNNING,RUNNING,108,551,659,49.51,315.03,true
1780852061838,290784,step,661,422,142,WALKING,5,5,10,RUNNING,RUNNING,RUNNING,108,552,660,49.51,315.03,true
1780852062210,291156,step,662,372,161,RUNNING,5,5,10,RUNNING,RUNNING,RUNNING,108,553,661,49.51,315.03,true
1780852062632,291578,switch,663,422,142,WALKING,4,6,10,RUNNING,WALKING,RUNNING,108,554,662,49.51,318.14,true
1780852062632,291578,step,663,422,142,WALKING,4,6,10,RUNNING,WALKING,WALKING,108,554,662,49.51,318.14,true
1780852063020,291966,step,664,388,154,RUNNING,4,6,10,WALKING,WALKING,WALKING,109,554,663,49.98,318.14,true
1780852063442,292388,step,665,422,142,WALKING,4,6,10,WALKING,WALKING,WALKING,110,554,664,53.82,318.14,true
1780852063830,292776,step,666,388,154,RUNNING,5,5,10,WALKING,WALKING,WALKING,111,554,665,53.82,318.14,true
1780852064236,293182,step,667,406,147,WALKING,5,5,10,WALKING,WALKING,WALKING,112,554,666,53.82,318.14,true
1780852064624,293570,step,668,388,154,RUNNING,5,5,10,WALKING,WALKING,WALKING,113,554,667,57.13,318.14,true
1780852065029,293975,step,669,405,148,WALKING,5,5,10,WALKING,WALKING,WALKING,114,554,668,57.13,318.14,true
1780852065417,294363,step,670,388,154,RUNNING,5,5,10,WALKING,WALKING,WALKING,115,554,669,60.25,318.14,true
1780852065789,294735,step,671,372,154,RUNNING,6,4,10,WALKING,WALKING,WALKING,116,554,670,60.25,318.14,true
1780852066245,295191,step,672,456,154,RUNNING,6,4,10,WALKING,WALKING,WALKING,117,554,671,60.25,318.14,true
1780852066667,295613,step,673,422,148,WALKING,6,4,10,WALKING,WALKING,WALKING,118,554,672,62.79,318.14,true
1780852067055,296001,step,674,388,154,RUNNING,6,4,10,WALKING,WALKING,WALKING,119,554,673,62.79,318.14,true
1780852067477,296423,step,675,422,142,WALKING,6,4,10,WALKING,WALKING,WALKING,120,554,674,65.28,318.14,true
1780852067866,296812,step,676,389,142,WALKING,5,5,10,WALKING,WALKING,WALKING,121,554,675,65.28,318.14,true
1780852068305,297251,step,677,439,142,WALKING,5,5,10,WALKING,WALKING,WALKING,122,554,676,65.28,318.14,true
1780852068693,297639,step,678,388,154,RUNNING,5,5,10,WALKING,WALKING,WALKING,123,554,677,68.20,318.14,true
1780852069132,298078,step,679,439,142,WALKING,5,5,10,WALKING,WALKING,WALKING,124,554,678,68.20,318.14,true
1780852069520,298466,step,680,388,154,RUNNING,5,5,10,WALKING,WALKING,WALKING,125,554,679,70.78,318.14,true
1780852069942,298888,step,681,422,142,WALKING,4,6,10,WALKING,WALKING,WALKING,126,554,680,70.78,318.14,true
1780852070314,299260,step,682,372,154,RUNNING,4,6,10,WALKING,WALKING,WALKING,127,554,681,70.78,318.14,true
1780852070736,299682,step,683,422,142,WALKING,4,6,10,WALKING,WALKING,WALKING,128,554,682,73.33,318.14,true
1780852071107,300053,step,684,371,154,RUNNING,4,6,10,WALKING,WALKING,WALKING,129,554,683,73.33,318.14,true
1780852071344,300290,step,685,237,161,RUNNING,5,5,10,WALKING,WALKING,WALKING,130,554,684,73.33,318.14,true
1780852071648,300594,step,686,304,161,RUNNING,6,4,10,WALKING,WALKING,WALKING,131,554,685,76.19,318.14,true
1780852071918,300864,step,687,270,197,RUNNING,7,3,10,WALKING,WALKING,WALKING,132,554,686,76.19,318.14,true
1780852072340,301286,step,688,422,197,RUNNING,7,3,10,WALKING,WALKING,WALKING,133,554,687,76.19,318.14,true
1780852072728,301674,switch,689,388,197,RUNNING,8,2,10,WALKING,RUNNING,WALKING,134,554,688,78.95,318.14,true
1780852072728,301674,step,689,388,197,RUNNING,8,2,10,WALKING,RUNNING,RUNNING,134,554,688,78.95,318.14,true
1780852073167,302113,step,690,439,154,RUNNING,8,2,10,RUNNING,RUNNING,RUNNING,134,555,689,78.95,318.96,true
1780852073505,302451,step,691,338,154,RUNNING,9,1,10,RUNNING,RUNNING,RUNNING,134,556,690,78.95,322.90,true
1780852073927,302873,step,692,422,142,WALKING,8,2,10,RUNNING,RUNNING,RUNNING,134,557,691,78.95,322.90,true
1780852074298,303244,step,693,371,154,RUNNING,9,1,10,RUNNING,RUNNING,RUNNING,134,558,692,78.95,322.90,true
1780852074720,303666,step,694,422,142,WALKING,8,2,10,RUNNING,RUNNING,RUNNING,134,559,693,78.95,326.29,true
1780852075075,304021,step,695,355,161,RUNNING,8,2,10,RUNNING,RUNNING,RUNNING,134,560,694,78.95,326.29,true
1780852075497,304443,step,696,422,142,WALKING,7,3,10,RUNNING,RUNNING,RUNNING,134,561,695,78.95,329.69,true
1780852075885,304831,step,697,388,154,RUNNING,7,3,10,RUNNING,RUNNING,RUNNING,134,562,696,78.95,329.69,true
1780852076291,305237,step,698,406,147,WALKING,6,4,10,RUNNING,RUNNING,RUNNING,134,563,697,78.95,329.69,true
1780852076662,305608,step,699,371,154,RUNNING,6,4,10,RUNNING,RUNNING,RUNNING,134,564,698,78.95,332.82,true
1780852077084,306030,step,700,422,147,WALKING,5,5,10,RUNNING,RUNNING,RUNNING,134,565,699,78.95,332.82,true
1780852077457,306403,step,701,373,154,RUNNING,5,5,10,RUNNING,RUNNING,RUNNING,134,566,700,78.95,335.93,true
1780852077911,306857,step,702,454,147,WALKING,5,5,10,RUNNING,RUNNING,RUNNING,134,567,701,78.95,335.93,true
1780852078283,307229,step,703,372,160,RUNNING,5,5,10,RUNNING,RUNNING,RUNNING,134,568,702,78.95,335.93,true
1780852078705,307651,step,704,422,142,WALKING,5,5,10,RUNNING,RUNNING,RUNNING,134,569,703,78.95,339.02,true
1780852079093,308039,step,705,388,154,RUNNING,5,5,10,RUNNING,RUNNING,RUNNING,134,570,704,78.95,339.02,true
1780852079515,308461,step,706,422,142,WALKING,5,5,10,RUNNING,RUNNING,RUNNING,134,571,705,78.95,341.96,true
1780852079904,308850,step,707,389,154,RUNNING,5,5,10,RUNNING,RUNNING,RUNNING,134,572,706,78.95,341.96,true
1780852080343,309289,step,708,439,142,WALKING,5,5,10,RUNNING,RUNNING,RUNNING,134,573,707,78.95,341.96,true
1780852080714,309660,step,709,371,154,RUNNING,5,5,10,RUNNING,RUNNING,RUNNING,134,574,708,78.95,344.82,true
1780852081153,310099,step,710,439,142,WALKING,5,5,10,RUNNING,RUNNING,RUNNING,134,575,709,78.95,344.82,true
1780852081508,310454,step,711,355,154,RUNNING,5,5,10,RUNNING,RUNNING,RUNNING,134,576,710,78.95,347.74,true
1780852081862,310808,step,712,354,161,RUNNING,6,4,10,RUNNING,RUNNING,RUNNING,134,577,711,78.95,347.74,true
1780852082301,311247,step,713,439,161,RUNNING,6,4,10,RUNNING,RUNNING,RUNNING,134,578,712,78.95,347.74,true
1780852082656,311602,step,714,355,169,RUNNING,7,3,10,RUNNING,RUNNING,RUNNING,134,579,713,78.95,350.50,true
1780852082926,311872,step,715,270,169,RUNNING,7,3,10,RUNNING,RUNNING,RUNNING,134,580,714,78.95,350.50,true
1780852083196,312142,step,716,270,169,RUNNING,8,2,10,RUNNING,RUNNING,RUNNING,134,581,715,78.95,350.50,true
1780852083500,312446,step,717,304,197,RUNNING,8,2,10,RUNNING,RUNNING,RUNNING,134,582,716,78.95,353.22,true
1780852083888,312834,step,718,388,197,RUNNING,9,1,10,RUNNING,RUNNING,RUNNING,134,583,717,78.95,353.22,true
1780852084293,313239,step,719,405,197,RUNNING,9,1,10,RUNNING,RUNNING,RUNNING,134,584,718,78.95,353.22,true
1780852084682,313628,step,720,389,154,RUNNING,10,0,10,RUNNING,RUNNING,RUNNING,134,585,719,78.95,356.00,true
1780852084952,313898,step,721,270,154,RUNNING,10,0,10,RUNNING,RUNNING,RUNNING,134,586,720,78.95,356.00,true
1780852085239,314185,step,722,287,154,RUNNING,10,0,10,RUNNING,RUNNING,RUNNING,134,587,721,78.95,356.00,true
1780852085509,314455,step,723,270,209,RUNNING,10,0,10,RUNNING,RUNNING,RUNNING,134,588,722,78.95,358.68,true
1780852085914,314860,step,724,405,209,RUNNING,10,0,10,RUNNING,RUNNING,RUNNING,134,589,723,78.95,358.68,true
1780852086302,315248,step,725,388,209,RUNNING,10,0,10,RUNNING,RUNNING,RUNNING,134,590,724,78.95,358.68,true
1780852086674,315620,step,726,372,161,RUNNING,10,0,10,RUNNING,RUNNING,RUNNING,134,591,725,78.95,361.36,true
1780852086944,315890,step,727,270,161,RUNNING,10,0,10,RUNNING,RUNNING,RUNNING,134,592,726,78.95,361.36,true
1780852087383,316329,step,728,439,154,RUNNING,10,0,10,RUNNING,RUNNING,RUNNING,134,593,727,78.95,361.36,true
1780852087822,316768,step,729,439,154,RUNNING,10,0,10,RUNNING,RUNNING,RUNNING,134,594,728,78.95,363.83,true
1780852088227,317173,step,730,405,148,WALKING,9,1,10,RUNNING,RUNNING,RUNNING,134,595,729,78.95,363.83,true
1780852088464,317410,step,731,237,148,WALKING,8,2,10,RUNNING,RUNNING,RUNNING,134,596,730,78.95,366.28,true
1780852088734,317680,step,732,270,148,WALKING,7,3,10,RUNNING,RUNNING,RUNNING,134,597,731,78.95,366.28,true
1780852089021,317967,step,733,287,209,RUNNING,7,3,10,RUNNING,RUNNING,RUNNING,134,598,732,78.95,366.28,true
1780852089392,318338,step,734,371,209,RUNNING,7,3,10,RUNNING,RUNNING,RUNNING,134,599,733,78.95,366.28,true
1780852089814,318760,step,735,422,209,RUNNING,7,3,10,RUNNING,RUNNING,RUNNING,134,600,734,78.95,368.84,true
1780852090169,319115,step,736,355,169,RUNNING,7,3,10,RUNNING,RUNNING,RUNNING,134,601,735,78.95,368.84,true
1780852090524,319470,step,737,355,169,RUNNING,7,3,10,RUNNING,RUNNING,RUNNING,134,602,736,78.95,371.32,true
1780852090945,319891,step,738,421,161,RUNNING,7,3,10,RUNNING,RUNNING,RUNNING,134,603,737,78.95,371.32,true
1780852091300,320246,step,739,355,169,RUNNING,7,3,10,RUNNING,RUNNING,RUNNING,134,604,738,78.95,371.32,true
1780852091739,320685,step,740,439,169,RUNNING,8,2,10,RUNNING,RUNNING,RUNNING,134,605,739,78.95,373.74,true
1780852092060,321006,step,741,321,169,RUNNING,9,1,10,RUNNING,RUNNING,RUNNING,134,606,740,78.95,373.74,true
1780852092499,321445,step,742,439,142,WALKING,9,1,10,RUNNING,RUNNING,RUNNING,134,607,741,78.95,376.03,true
1780852092938,321884,step,743,439,136,WALKING,8,2,10,RUNNING,RUNNING,RUNNING,134,608,742,78.95,376.03,true
1780852093309,322255,step,744,371,136,WALKING,7,3,10,RUNNING,RUNNING,RUNNING,134,609,743,78.95,376.03,true
1780852093596,322542,step,745,287,161,RUNNING,7,3,10,RUNNING,RUNNING,RUNNING,134,610,744,78.95,377.96,true
1780852093917,322863,step,746,321,161,RUNNING,7,3,10,RUNNING,RUNNING,RUNNING,134,611,745,78.95,377.96,true
1780852094288,323234,step,747,371,161,RUNNING,7,3,10,RUNNING,RUNNING,RUNNING,134,612,746,78.95,377.96,true
1780852094575,323521,step,748,287,186,RUNNING,7,3,10,RUNNING,RUNNING,RUNNING,134,613,747,78.95,379.91,true
1780852095014,323960,step,749,439,186,RUNNING,7,3,10,RUNNING,RUNNING,RUNNING,134,614,748,78.95,379.91,true
1780852095436,324382,step,750,422,161,RUNNING,7,3,10,RUNNING,RUNNING,RUNNING,134,615,749,78.95,382.06,true
1780852095808,324754,step,751,372,161,RUNNING,7,3,10,RUNNING,RUNNING,RUNNING,134,616,750,78.95,382.06,true
1780852096247,325193,step,752,439,142,WALKING,7,3,10,RUNNING,RUNNING,RUNNING,134,617,751,78.95,382.06,true
1780852096618,325564,step,753,371,142,WALKING,7,3,10,RUNNING,RUNNING,RUNNING,134,618,752,78.95,384.19,true
1780852096905,325851,step,754,287,161,RUNNING,8,2,10,RUNNING,RUNNING,RUNNING,134,619,753,78.95,384.19,true
1780852097142,326088,step,755,237,161,RUNNING,8,2,10,RUNNING,RUNNING,RUNNING,134,620,754,78.95,384.19,true
1780852097395,326341,step,756,253,209,RUNNING,8,2,10,RUNNING,RUNNING,RUNNING,134,621,755,78.95,384.19,true
1780852097817,326763,step,757,422,209,RUNNING,8,2,10,RUNNING,RUNNING,RUNNING,134,622,756,78.95,386.21,true
1780852098171,327117,step,758,354,209,RUNNING,8,2,10,RUNNING,RUNNING,RUNNING,134,623,757,78.95,386.21,true
1780852098543,327489,step,759,372,169,RUNNING,8,2,10,RUNNING,RUNNING,RUNNING,134,624,758,78.95,388.37,true
1780852098965,327911,step,760,422,161,RUNNING,8,2,10,RUNNING,RUNNING,RUNNING,134,625,759,78.95,388.37,true
1780852099370,328316,step,761,405,148,WALKING,7,3,10,RUNNING,RUNNING,RUNNING,134,626,760,78.95,388.37,true
1780852099742,328688,step,762,372,161,RUNNING,8,2,10,RUNNING,RUNNING,RUNNING,134,627,761,78.95,390.50,true
1780852100164,329110,step,763,422,148,WALKING,8,2,10,RUNNING,RUNNING,RUNNING,134,628,762,78.95,390.50,true
1780852100536,329482,step,764,372,148,WALKING,7,3,10,RUNNING,RUNNING,RUNNING,134,629,763,78.95,392.88,true
1780852100890,329836,step,765,354,161,RUNNING,7,3,10,RUNNING,RUNNING,RUNNING,134,630,764,78.95,392.88,true
1780852101193,330139,step,766,303,161,RUNNING,7,3,10,RUNNING,RUNNING,RUNNING,134,631,765,78.95,392.88,true
1780852101430,330376,step,767,237,169,RUNNING,7,3,10,RUNNING,RUNNING,RUNNING,134,632,766,78.95,395.73,true
1780852101717,330663,step,768,287,198,RUNNING,7,3,10,RUNNING,RUNNING,RUNNING,134,633,767,78.95,395.73,true
1780852102088,331034,step,769,371,198,RUNNING,7,3,10,RUNNING,RUNNING,RUNNING,134,634,768,78.95,395.73,true
1780852102493,331439,step,770,405,198,RUNNING,7,3,10,RUNNING,RUNNING,RUNNING,134,635,769,78.95,398.63,true
1780852102865,331811,step,771,372,161,RUNNING,8,2,10,RUNNING,RUNNING,RUNNING,134,636,770,78.95,398.63,true
1780852103270,332216,step,772,405,161,RUNNING,8,2,10,RUNNING,RUNNING,RUNNING,134,637,771,78.95,398.63,true
1780852103658,332604,step,773,388,154,RUNNING,9,1,10,RUNNING,RUNNING,RUNNING,134,638,772,78.95,401.35,true
1780852104064,333010,step,774,406,148,WALKING,9,1,10,RUNNING,RUNNING,RUNNING,134,639,773,78.95,401.35,true
1780852104435,333381,step,775,371,154,RUNNING,9,1,10,RUNNING,RUNNING,RUNNING,134,640,774,78.95,404.09,true
1780852104790,333736,step,776,355,154,RUNNING,9,1,10,RUNNING,RUNNING,RUNNING,134,641,775,78.95,404.09,true
1780852105043,333989,step,777,253,161,RUNNING,9,1,10,RUNNING,RUNNING,RUNNING,134,642,776,78.95,404.09,true
1780852105347,334293,step,778,304,169,RUNNING,9,1,10,RUNNING,RUNNING,RUNNING,134,643,777,78.95,404.09,true
1780852105601,334547,step,779,254,197,RUNNING,9,1,10,RUNNING,RUNNING,RUNNING,134,644,778,78.95,406.81,true
1780852105844,334790,step,780,243,236,RUNNING,9,1,10,RUNNING,RUNNING,RUNNING,134,645,779,78.95,406.81,true
1780852106161,335107,step,781,317,236,RUNNING,9,1,10,RUNNING,RUNNING,RUNNING,134,646,780,78.95,406.81,true
1780852106457,335403,step,782,296,202,RUNNING,9,1,10,RUNNING,RUNNING,RUNNING,134,647,781,78.95,409.30,true
1780852106844,335790,step,783,387,202,RUNNING,9,1,10,RUNNING,RUNNING,RUNNING,134,648,782,78.95,409.30,true
1780852107249,336195,step,784,405,189,RUNNING,10,0,10,RUNNING,RUNNING,RUNNING,134,649,783,78.95,409.30,true
1780852107637,336583,step,785,388,155,RUNNING,10,0,10,RUNNING,RUNNING,RUNNING,134,650,784,78.95,411.45,true
1780852107890,336836,step,786,253,155,RUNNING,10,0,10,RUNNING,RUNNING,RUNNING,134,651,785,78.95,411.45,true
1780852108144,337090,step,787,254,155,RUNNING,10,0,10,RUNNING,RUNNING,RUNNING,134,652,786,78.95,411.45,true
1780852108431,337377,step,788,287,209,RUNNING,10,0,10,RUNNING,RUNNING,RUNNING,134,653,787,78.95,413.35,true
1780852108768,337714,step,789,337,209,RUNNING,10,0,10,RUNNING,RUNNING,RUNNING,134,654,788,78.95,413.35,true
1780852109005,337951,step,790,237,236,RUNNING,10,0,10,RUNNING,RUNNING,RUNNING,134,655,789,78.95,413.35,true
1780852109309,338255,step,791,304,209,RUNNING,10,0,10,RUNNING,RUNNING,RUNNING,134,656,790,78.95,413.35,true
1780852109545,338491,step,792,236,209,RUNNING,10,0,10,RUNNING,RUNNING,RUNNING,134,657,791,78.95,414.78,true
1780852110001,338947,step,793,456,197,RUNNING,10,0,10,RUNNING,RUNNING,RUNNING,134,658,792,78.95,414.78,true
1780852110338,339284,step,794,337,197,RUNNING,10,0,10,RUNNING,RUNNING,RUNNING,134,659,793,78.95,414.78,true
1780852110592,339538,step,795,254,197,RUNNING,10,0,10,RUNNING,RUNNING,RUNNING,134,660,794,78.95,416.60,true
1780852110896,339842,step,796,304,197,RUNNING,10,0,10,RUNNING,RUNNING,RUNNING,134,661,795,78.95,416.60,true
1780852111132,340078,step,797,236,197,RUNNING,10,0,10,RUNNING,RUNNING,RUNNING,134,662,796,78.95,416.60,true
1780852111385,340331,step,798,253,236,RUNNING,10,0,10,RUNNING,RUNNING,RUNNING,134,663,797,78.95,416.60,true
1780852111706,340652,step,799,321,236,RUNNING,10,0,10,RUNNING,RUNNING,RUNNING,134,664,798,78.95,419.07,true
1780852111942,340888,step,800,236,237,RUNNING,10,0,10,RUNNING,RUNNING,RUNNING,134,665,799,78.95,419.07,true
1780852112196,341142,step,801,254,237,RUNNING,10,0,10,RUNNING,RUNNING,RUNNING,134,666,800,78.95,419.07,true
1780852112499,341445,step,802,303,236,RUNNING,10,0,10,RUNNING,RUNNING,RUNNING,134,667,801,78.95,421.90,true
1780852112770,341716,step,803,271,221,RUNNING,10,0,10,RUNNING,RUNNING,RUNNING,134,668,802,78.95,421.90,true
1780852113225,342171,step,804,455,221,RUNNING,10,0,10,RUNNING,RUNNING,RUNNING,134,669,803,78.95,421.90,true
1780852113664,342610,step,805,439,198,RUNNING,10,0,10,RUNNING,RUNNING,RUNNING,134,670,804,78.95,424.95,true
1780852114036,342982,step,806,372,161,RUNNING,10,0,10,RUNNING,RUNNING,RUNNING,134,671,805,78.95,424.95,true
1780852114458,343404,step,807,422,142,WALKING,9,1,10,RUNNING,RUNNING,RUNNING,134,672,806,78.95,427.99,true
1780852114863,343809,step,808,405,142,WALKING,8,2,10,RUNNING,RUNNING,RUNNING,134,673,807,78.95,427.99,true
1780852115133,344079,step,809,270,148,WALKING,7,3,10,RUNNING,RUNNING,RUNNING,134,674,808,78.95,427.99,true
1780852115370,344316,step,810,237,161,RUNNING,7,3,10,RUNNING,RUNNING,RUNNING,134,675,809,78.95,427.99,true
1780852115606,344552,step,811,236,222,RUNNING,7,3,10,RUNNING,RUNNING,RUNNING,134,676,810,78.95,430.99,true
1780852116112,345058,step,812,506,222,RUNNING,7,3,10,RUNNING,RUNNING,RUNNING,134,677,811,78.95,430.99,true
1780852116501,345447,step,813,389,222,RUNNING,7,3,10,RUNNING,RUNNING,RUNNING,134,678,812,78.95,433.98,true
1780852116889,345835,step,814,388,154,RUNNING,7,3,10,RUNNING,RUNNING,RUNNING,134,679,813,78.95,433.98,true
1780852117125,346071,step,815,236,154,RUNNING,7,3,10,RUNNING,RUNNING,RUNNING,134,680,814,78.95,433.98,true
1780852117446,346392,step,816,321,154,RUNNING,7,3,10,RUNNING,RUNNING,RUNNING,134,681,815,78.95,437.64,true
1780852117767,346713,step,817,321,186,RUNNING,8,2,10,RUNNING,RUNNING,RUNNING,134,682,816,78.95,437.64,true
1780852118155,347101,step,818,388,186,RUNNING,9,1,10,RUNNING,RUNNING,RUNNING,134,683,817,78.95,437.64,true
1780852118392,347338,step,819,237,186,RUNNING,10,0,10,RUNNING,RUNNING,RUNNING,134,684,818,78.95,437.64,true
1780852118696,347642,step,820,304,186,RUNNING,10,0,10,RUNNING,RUNNING,RUNNING,134,685,819,78.95,441.25,true
1780852118983,347929,step,821,287,197,RUNNING,10,0,10,RUNNING,RUNNING,RUNNING,134,686,820,78.95,441.25,true
1780852119337,348283,step,822,354,197,RUNNING,10,0,10,RUNNING,RUNNING,RUNNING,134,687,821,78.95,441.25,true
1780852119776,348722,step,823,439,197,RUNNING,10,0,10,RUNNING,RUNNING,RUNNING,134,688,822,78.95,444.14,true
1780852120198,349144,step,824,422,169,RUNNING,10,0,10,RUNNING,RUNNING,RUNNING,134,689,823,78.95,444.14,true
1780852120620,349566,step,825,422,142,WALKING,9,1,10,RUNNING,RUNNING,RUNNING,134,690,824,78.95,446.93,true
1780852120958,349904,step,826,338,142,WALKING,8,2,10,RUNNING,RUNNING,RUNNING,134,691,825,78.95,446.93,true
1780852121228,350174,step,827,270,142,WALKING,7,3,10,RUNNING,RUNNING,RUNNING,134,692,826,78.95,446.93,true
1780852121532,350478,step,828,304,177,RUNNING,7,3,10,RUNNING,RUNNING,RUNNING,134,693,827,78.95,449.57,true
1780852121768,350714,step,829,236,197,RUNNING,7,3,10,RUNNING,RUNNING,RUNNING,134,694,828,78.95,449.57,true
1780852122022,350968,step,830,254,222,RUNNING,7,3,10,RUNNING,RUNNING,RUNNING,134,695,829,78.95,449.57,true
1780852122309,351255,step,831,287,222,RUNNING,7,3,10,RUNNING,RUNNING,RUNNING,134,696,830,78.95,449.57,true
1780852122612,351558,step,832,303,209,RUNNING,7,3,10,RUNNING,RUNNING,RUNNING,134,697,831,78.95,452.17,true
1780852122849,351795,step,833,237,236,RUNNING,7,3,10,RUNNING,RUNNING,RUNNING,134,698,832,78.95,452.17,true
1780852123085,352031,step,834,236,236,RUNNING,7,3,10,RUNNING,RUNNING,RUNNING,134,699,833,78.95,452.17,true
1780852123440,352386,step,835,355,209,RUNNING,8,2,10,RUNNING,RUNNING,RUNNING,134,700,834,78.95,454.88,true
1780852123811,352757,step,836,371,198,RUNNING,9,1,10,RUNNING,RUNNING,RUNNING,134,701,835,78.95,454.88,true
1780852124216,353162,step,837,405,169,RUNNING,10,0,10,RUNNING,RUNNING,RUNNING,134,702,836,78.95,454.88,true
1780852124470,353416,step,838,254,169,RUNNING,10,0,10,RUNNING,RUNNING,RUNNING,134,703,837,78.95,457.52,true
1780852124807,353753,step,839,337,169,RUNNING,10,0,10,RUNNING,RUNNING,RUNNING,134,704,838,78.95,457.52,true
1780852125128,354074,step,840,321,178,RUNNING,10,0,10,RUNNING,RUNNING,RUNNING,134,705,839,78.95,457.52,true
1780852125364,354310,step,841,236,186,RUNNING,10,0,10,RUNNING,RUNNING,RUNNING,134,706,840,78.95,457.52,true
1780852125601,354547,step,842,237,236,RUNNING,10,0,10,RUNNING,RUNNING,RUNNING,134,707,841,78.95,460.26,true
1780852125922,354868,step,843,321,186,RUNNING,10,0,10,RUNNING,RUNNING,RUNNING,134,708,842,78.95,460.26,true
1780852126225,355171,step,844,303,198,RUNNING,10,0,10,RUNNING,RUNNING,RUNNING,134,709,843,78.95,460.26,true
1780852126631,355577,step,845,406,198,RUNNING,10,0,10,RUNNING,RUNNING,RUNNING,134,710,844,78.95,462.93,true
1780852127019,355965,step,846,388,186,RUNNING,10,0,10,RUNNING,RUNNING,RUNNING,134,711,845,78.95,462.93,true
1780852127424,356370,step,847,405,154,RUNNING,10,0,10,RUNNING,RUNNING,RUNNING,134,712,846,78.95,465.66,true
1780852127829,356775,step,848,405,148,WALKING,9,1,10,RUNNING,RUNNING,RUNNING,134,713,847,78.95,465.66,true
1780852128235,357181,step,849,406,148,WALKING,8,2,10,RUNNING,RUNNING,RUNNING,134,714,848,78.95,465.66,true
1780852128471,357417,step,850,236,148,WALKING,7,3,10,RUNNING,RUNNING,RUNNING,134,715,849,78.95,468.45,true
1780852128758,357704,step,851,287,148,WALKING,6,4,10,RUNNING,RUNNING,RUNNING,134,716,850,78.95,468.45,true
1780852129011,357957,step,852,253,209,RUNNING,6,4,10,RUNNING,RUNNING,RUNNING,134,717,851,78.95,468.45,true
1780852129417,358363,step,853,406,209,RUNNING,6,4,10,RUNNING,RUNNING,RUNNING,134,718,852,78.95,471.40,true
1780852129805,358751,step,854,388,209,RUNNING,6,4,10,RUNNING,RUNNING,RUNNING,134,719,853,78.95,471.40,true
1780852130041,358987,step,855,236,209,RUNNING,6,4,10,RUNNING,RUNNING,RUNNING,134,720,854,78.95,471.40,true
1780852130277,359223,step,856,236,237,RUNNING,6,4,10,RUNNING,RUNNING,RUNNING,134,721,855,78.95,471.40,true
1780852130615,359561,step,857,338,177,RUNNING,6,4,10,RUNNING,RUNNING,RUNNING,134,722,856,78.95,474.34,true
1780852131003,359949,step,858,388,177,RUNNING,7,3,10,RUNNING,RUNNING,RUNNING,134,723,857,78.95,474.34,true
1780852131408,360354,step,859,405,177,RUNNING,8,2,10,RUNNING,RUNNING,RUNNING,134,724,858,78.95,477.28,true
1780852131679,360625,step,860,271,177,RUNNING,9,1,10,RUNNING,RUNNING,RUNNING,134,725,859,78.95,477.28,true
1780852131999,360945,step,861,320,177,RUNNING,10,0,10,RUNNING,RUNNING,RUNNING,134,726,860,78.95,477.28,true
1780852132320,361266,step,862,321,186,RUNNING,10,0,10,RUNNING,RUNNING,RUNNING,134,727,861,78.95,477.28,true
1780852132607,361553,step,863,287,187,RUNNING,10,0,10,RUNNING,RUNNING,RUNNING,134,728,862,78.95,480.18,true
1780852132945,361891,step,864,338,187,RUNNING,10,0,10,RUNNING,RUNNING,RUNNING,134,729,863,78.95,480.18,true
1780852133350,362296,step,865,405,186,RUNNING,10,0,10,RUNNING,RUNNING,RUNNING,134,730,864,78.95,480.18,true
1780852133587,362533,step,866,237,186,RUNNING,10,0,10,RUNNING,RUNNING,RUNNING,134,731,865,78.95,483.01,true
1780852133908,362854,step,867,321,186,RUNNING,10,0,10,RUNNING,RUNNING,RUNNING,134,732,866,78.95,483.01,true
1780852134228,363174,step,868,320,186,RUNNING,10,0,10,RUNNING,RUNNING,RUNNING,134,733,867,78.95,483.01,true
1780852134616,363562,step,869,388,186,RUNNING,10,0,10,RUNNING,RUNNING,RUNNING,134,734,868,78.95,485.70,true
1780852135004,363950,step,870,388,186,RUNNING,10,0,10,RUNNING,RUNNING,RUNNING,134,735,869,78.95,485.70,true
1780852135393,364339,step,871,389,154,RUNNING,10,0,10,RUNNING,RUNNING,RUNNING,134,736,870,78.95,485.70,true
1780852135798,364744,step,872,405,154,RUNNING,10,0,10,RUNNING,RUNNING,RUNNING,134,737,871,78.95,488.32,true
1780852136186,365132,step,873,388,154,RUNNING,10,0,10,RUNNING,RUNNING,RUNNING,134,738,872,78.95,488.32,true
1780852136422,365368,step,874,236,154,RUNNING,10,0,10,RUNNING,RUNNING,RUNNING,134,739,873,78.95,490.91,true
1780852136659,365605,step,875,237,154,RUNNING,10,0,10,RUNNING,RUNNING,RUNNING,134,740,874,78.95,490.91,true
1780852136963,365909,step,876,304,197,RUNNING,10,0,10,RUNNING,RUNNING,RUNNING,134,741,875,78.95,490.91,true
1780852137216,366162,step,877,253,237,RUNNING,10,0,10,RUNNING,RUNNING,RUNNING,134,742,876,78.95,490.91,true
1780852137520,366466,step,878,304,237,RUNNING,10,0,10,RUNNING,RUNNING,RUNNING,134,743,877,78.95,493.56,true
1780852137841,366787,step,879,321,197,RUNNING,10,0,10,RUNNING,RUNNING,RUNNING,134,744,878,78.95,493.56,true
1780852138144,367090,step,880,303,197,RUNNING,10,0,10,RUNNING,RUNNING,RUNNING,134,745,879,78.95,493.56,true
1780852138533,367479,step,881,389,197,RUNNING,10,0,10,RUNNING,RUNNING,RUNNING,134,746,880,78.95,496.42,true
1780852138938,367884,step,882,405,186,RUNNING,10,0,10,RUNNING,RUNNING,RUNNING,134,747,881,78.95,496.42,true
1780852139326,368272,step,883,388,154,RUNNING,10,0,10,RUNNING,RUNNING,RUNNING,134,748,882,78.95,496.42,true
1780852139731,368677,step,884,405,154,RUNNING,10,0,10,RUNNING,RUNNING,RUNNING,134,749,883,78.95,499.36,true
1780852140053,368999,step,885,322,154,RUNNING,10,0,10,RUNNING,RUNNING,RUNNING,134,750,884,78.95,499.36,true
1780852140491,369437,step,886,438,148,WALKING,9,1,10,RUNNING,RUNNING,RUNNING,134,751,885,78.95,502.35,true
1780852140829,369775,step,887,338,154,RUNNING,9,1,10,RUNNING,RUNNING,RUNNING,134,752,886,78.95,502.35,true
1780852141268,370214,step,888,439,148,WALKING,8,2,10,RUNNING,RUNNING,RUNNING,134,753,887,78.95,502.35,true
1780852141605,370551,step,889,337,177,RUNNING,8,2,10,RUNNING,RUNNING,RUNNING,134,754,888,78.95,505.32,true
1780852142061,371007,step,890,456,136,WALKING,7,3,10,RUNNING,RUNNING,RUNNING,134,755,889,78.95,505.32,true
1780852142399,371345,step,891,338,177,RUNNING,7,3,10,RUNNING,RUNNING,RUNNING,134,756,890,78.95,508.33,true
1780852142686,371632,step,892,287,177,RUNNING,7,3,10,RUNNING,RUNNING,RUNNING,134,757,891,78.95,508.33,true
1780852142939,371885,step,893,253,178,RUNNING,7,3,10,RUNNING,RUNNING,RUNNING,134,758,892,78.95,508.33,true
1780852143277,372223,step,894,338,177,RUNNING,7,3,10,RUNNING,RUNNING,RUNNING,134,759,893,78.95,508.33,true
1780852143631,372577,step,895,354,177,RUNNING,7,3,10,RUNNING,RUNNING,RUNNING,134,760,894,78.95,511.29,true
1780852143986,372932,step,896,355,177,RUNNING,8,2,10,RUNNING,RUNNING,RUNNING,134,761,895,78.95,511.29,true
1780852144441,373387,step,897,455,169,RUNNING,8,2,10,RUNNING,RUNNING,RUNNING,134,762,896,78.95,513.58,true
1780852144830,373776,step,898,389,169,RUNNING,9,1,10,RUNNING,RUNNING,RUNNING,134,763,897,78.95,513.58,true
1780852145235,374181,step,899,405,154,RUNNING,9,1,10,RUNNING,RUNNING,RUNNING,134,764,898,78.95,513.58,true
1780852145623,374569,step,900,388,154,RUNNING,10,0,10,RUNNING,RUNNING,RUNNING,134,765,899,78.95,515.42,true
1780852145893,374839,step,901,270,154,RUNNING,10,0,10,RUNNING,RUNNING,RUNNING,134,766,900,78.95,515.42,true
1780852146434,375380,step,902,541,154,RUNNING,10,0,10,RUNNING,RUNNING,RUNNING,134,767,901,78.95,517.58,true
1780852146670,375616,step,903,236,154,RUNNING,10,0,10,RUNNING,RUNNING,RUNNING,134,768,902,78.95,517.58,true
1780852146906,375852,step,904,236,222,RUNNING,10,0,10,RUNNING,RUNNING,RUNNING,134,769,903,78.95,517.58,true
1780852147227,376173,step,905,321,222,RUNNING,10,0,10,RUNNING,RUNNING,RUNNING,134,770,904,78.95,517.58,true
1780852147615,376561,step,906,388,186,RUNNING,10,0,10,RUNNING,RUNNING,RUNNING,134,771,905,78.95,519.64,true
1780852147953,376899,step,907,338,186,RUNNING,10,0,10,RUNNING,RUNNING,RUNNING,134,772,906,78.95,519.64,true
1780852148274,377220,step,908,321,186,RUNNING,10,0,10,RUNNING,RUNNING,RUNNING,134,773,907,78.95,519.64,true
1780852148578,377524,step,909,304,186,RUNNING,10,0,10,RUNNING,RUNNING,RUNNING,134,774,908,78.95,521.74,true
1780852148915,377861,step,910,337,178,RUNNING,10,0,10,RUNNING,RUNNING,RUNNING,134,775,909,78.95,521.74,true
1780852149185,378131,step,911,270,186,RUNNING,10,0,10,RUNNING,RUNNING,RUNNING,134,776,910,78.95,521.74,true
1780852149422,378368,step,912,237,197,RUNNING,10,0,10,RUNNING,RUNNING,RUNNING,134,777,911,78.95,524.00,true
1780852149726,378672,step,913,304,197,RUNNING,10,0,10,RUNNING,RUNNING,RUNNING,134,778,912,78.95,524.00,true
1780852149996,378942,step,914,270,222,RUNNING,10,0,10,RUNNING,RUNNING,RUNNING,134,779,913,78.95,524.00,true
1780852150316,379262,step,915,320,222,RUNNING,10,0,10,RUNNING,RUNNING,RUNNING,134,780,914,78.95,524.00,true
1780852150806,379752,step,916,490,197,RUNNING,10,0,10,RUNNING,RUNNING,RUNNING,134,781,915,78.95,526.37,true
1780852151127,380073,step,917,321,187,RUNNING,10,0,10,RUNNING,RUNNING,RUNNING,134,782,916,78.95,526.37,true
1780852151583,380529,step,918,456,186,RUNNING,10,0,10,RUNNING,RUNNING,RUNNING,134,783,917,78.95,528.99,true
1780852151954,380900,step,919,371,161,RUNNING,10,0,10,RUNNING,RUNNING,RUNNING,134,784,918,78.95,528.99,true
1780852152207,381153,step,920,253,161,RUNNING,10,0,10,RUNNING,RUNNING,RUNNING,134,785,919,78.95,528.99,true
1780852152730,381676,step,921,523,161,RUNNING,10,0,10,RUNNING,RUNNING,RUNNING,134,786,920,78.95,531.47,true
1780852153102,382048,step,922,372,161,RUNNING,10,0,10,RUNNING,RUNNING,RUNNING,134,787,921,78.95,531.47,true
1780852153440,382386,step,923,338,161,RUNNING,10,0,10,RUNNING,RUNNING,RUNNING,134,788,922,78.95,534.08,true
1780852153828,382774,step,924,388,161,RUNNING,10,0,10,RUNNING,RUNNING,RUNNING,134,789,923,78.95,534.08,true
1780852154115,383061,step,925,287,161,RUNNING,10,0,10,RUNNING,RUNNING,RUNNING,134,790,924,78.95,534.08,true
1780852154385,383331,step,926,270,177,RUNNING,10,0,10,RUNNING,RUNNING,RUNNING,134,791,925,78.95,534.08,true
1780852154672,383618,step,927,287,209,RUNNING,10,0,10,RUNNING,RUNNING,RUNNING,134,792,926,78.95,536.82,true
1780852155077,384023,step,928,405,209,RUNNING,10,0,10,RUNNING,RUNNING,RUNNING,134,793,927,78.95,536.82,true
1780852155465,384411,step,929,388,209,RUNNING,10,0,10,RUNNING,RUNNING,RUNNING,134,794,928,78.95,539.64,true
1780852155854,384800,step,930,389,154,RUNNING,10,0,10,RUNNING,RUNNING,RUNNING,134,795,929,78.95,539.64,true
1780852156242,385188,step,931,388,154,RUNNING,10,0,10,RUNNING,RUNNING,RUNNING,134,796,930,78.95,539.64,true
1780852156546,385492,step,932,304,154,RUNNING,10,0,10,RUNNING,RUNNING,RUNNING,134,797,931,78.95,542.76,true
1780852157002,385948,step,933,456,154,RUNNING,10,0,10,RUNNING,RUNNING,RUNNING,134,798,932,78.95,542.76,true
1780852157424,386370,step,934,422,154,RUNNING,10,0,10,RUNNING,RUNNING,RUNNING,134,799,933,78.95,546.07,true
1780852157795,386741,step,935,371,154,RUNNING,10,0,10,RUNNING,RUNNING,RUNNING,134,800,934,78.95,546.07,true
1780852158031,386977,step,936,236,161,RUNNING,10,0,10,RUNNING,RUNNING,RUNNING,134,801,935,78.95,546.07,true
1780852158301,387247,step,937,270,161,RUNNING,10,0,10,RUNNING,RUNNING,RUNNING,134,802,936,78.95,546.07,true
1780852158622,387568,step,938,321,186,RUNNING,10,0,10,RUNNING,RUNNING,RUNNING,134,803,937,78.95,549.56,true
1780852158859,387805,step,939,237,222,RUNNING,10,0,10,RUNNING,RUNNING,RUNNING,134,804,938,78.95,549.56,true
1780852159112,388058,step,940,253,237,RUNNING,10,0,10,RUNNING,RUNNING,RUNNING,134,805,939,78.95,549.56,true
1780852159399,388345,step,941,287,222,RUNNING,10,0,10,RUNNING,RUNNING,RUNNING,134,806,940,78.95,549.56,true
1780852159753,388699,step,942,354,209,RUNNING,10,0,10,RUNNING,RUNNING,RUNNING,134,807,941,78.95,553.03,true
1780852160158,389104,step,943,405,209,RUNNING,10,0,10,RUNNING,RUNNING,RUNNING,134,808,942,78.95,553.03,true
1780852160547,389493,step,944,389,169,RUNNING,10,0,10,RUNNING,RUNNING,RUNNING,134,809,943,78.95,555.55,true
1780852160867,389813,step,945,320,169,RUNNING,10,0,10,RUNNING,RUNNING,RUNNING,134,810,944,78.95,555.55,true
1780852161138,390084,step,946,271,169,RUNNING,10,0,10,RUNNING,RUNNING,RUNNING,134,811,945,78.95,555.55,true
1780852161425,390371,step,947,287,187,RUNNING,10,0,10,RUNNING,RUNNING,RUNNING,134,812,946,78.95,557.02,true
1780852161813,390759,step,948,388,187,RUNNING,10,0,10,RUNNING,RUNNING,RUNNING,134,813,947,78.95,557.02,true
1780852162134,391080,step,949,321,187,RUNNING,10,0,10,RUNNING,RUNNING,RUNNING,134,814,948,78.95,557.02,true
1780852162589,391535,step,950,455,186,RUNNING,10,0,10,RUNNING,RUNNING,RUNNING,134,815,949,78.95,558.59,true
1780852162978,391924,step,951,389,154,RUNNING,10,0,10,RUNNING,RUNNING,RUNNING,134,816,950,78.95,558.59,true
1780852163349,392295,step,952,371,154,RUNNING,10,0,10,RUNNING,RUNNING,RUNNING,134,817,951,78.95,558.59,true
1780852163754,392700,step,953,405,154,RUNNING,10,0,10,RUNNING,RUNNING,RUNNING,134,818,952,78.95,560.64,true
1780852164007,392953,step,954,253,154,RUNNING,10,0,10,RUNNING,RUNNING,RUNNING,134,819,953,78.95,560.64,true
1780852164278,393224,step,955,271,161,RUNNING,10,0,10,RUNNING,RUNNING,RUNNING,134,820,954,78.95,560.64,true
1780852164514,393460,step,956,236,221,RUNNING,10,0,10,RUNNING,RUNNING,RUNNING,134,821,955,78.95,562.91,true
1780852164919,393865,step,957,405,221,RUNNING,10,0,10,RUNNING,RUNNING,RUNNING,134,822,956,78.95,562.91,true
1780852165307,394253,step,958,388,221,RUNNING,10,0,10,RUNNING,RUNNING,RUNNING,134,823,957,78.95,562.91,true
1780852165696,394642,step,959,389,154,RUNNING,10,0,10,RUNNING,RUNNING,RUNNING,134,824,958,78.95,565.37,true
1780852165949,394895,step,960,253,154,RUNNING,10,0,10,RUNNING,RUNNING,RUNNING,134,825,959,78.95,565.37,true
1780852166185,395131,step,961,236,154,RUNNING,10,0,10,RUNNING,RUNNING,RUNNING,134,826,960,78.95,565.37,true
1780852166506,395452,step,962,321,186,RUNNING,10,0,10,RUNNING,RUNNING,RUNNING,134,827,961,78.95,567.94,true
1780852166776,395722,step,963,270,222,RUNNING,10,0,10,RUNNING,RUNNING,RUNNING,134,828,962,78.95,567.94,true
1780852167299,396245,step,964,523,222,RUNNING,10,0,10,RUNNING,RUNNING,RUNNING,134,829,963,78.95,567.94,true
1780852167637,396583,step,965,338,186,RUNNING,10,0,10,RUNNING,RUNNING,RUNNING,134,830,964,78.95,570.49,true
1780852167975,396921,step,966,338,177,RUNNING,10,0,10,RUNNING,RUNNING,RUNNING,134,831,965,78.95,570.49,true
1780852168245,397191,step,967,270,177,RUNNING,10,0,10,RUNNING,RUNNING,RUNNING,134,832,966,78.95,570.49,true
1780852168498,397444,step,968,253,177,RUNNING,10,0,10,RUNNING,RUNNING,RUNNING,134,833,967,78.95,573.05,true
1780852168903,397849,step,969,405,177,RUNNING,10,0,10,RUNNING,RUNNING,RUNNING,134,834,968,78.95,573.05,true
1780852169140,398086,step,970,237,222,RUNNING,10,0,10,RUNNING,RUNNING,RUNNING,134,835,969,78.95,573.05,true
1780852169427,398373,step,971,287,222,RUNNING,10,0,10,RUNNING,RUNNING,RUNNING,134,836,970,78.95,575.81,true
1780852169714,398660,step,972,287,209,RUNNING,10,0,10,RUNNING,RUNNING,RUNNING,134,837,971,78.95,575.81,true
1780852170119,399065,step,973,405,209,RUNNING,10,0,10,RUNNING,RUNNING,RUNNING,134,838,972,78.95,575.81,true
1780852170406,399352,step,974,287,209,RUNNING,10,0,10,RUNNING,RUNNING,RUNNING,134,839,973,78.95,578.79,true
1780852170727,399673,step,975,321,209,RUNNING,10,0,10,RUNNING,RUNNING,RUNNING,134,840,974,78.95,578.79,true
1780852171030,399976,step,976,303,198,RUNNING,10,0,10,RUNNING,RUNNING,RUNNING,134,841,975,78.95,578.79,true
1780852171334,400280,step,977,304,197,RUNNING,10,0,10,RUNNING,RUNNING,RUNNING,134,842,976,78.95,578.79,true
1780852171723,400669,step,978,389,197,RUNNING,10,0,10,RUNNING,RUNNING,RUNNING,134,843,977,78.95,581.67,true
1780852171976,400922,step,979,253,197,RUNNING,10,0,10,RUNNING,RUNNING,RUNNING,134,844,978,78.95,581.67,true
1780852172212,401158,step,980,236,198,RUNNING,10,0,10,RUNNING,RUNNING,RUNNING,134,845,979,78.95,581.67,true
1780852172567,401513,step,981,355,197,RUNNING,10,0,10,RUNNING,RUNNING,RUNNING,134,846,980,78.95,584.58,true
1780852172955,401901,step,982,388,169,RUNNING,10,0,10,RUNNING,RUNNING,RUNNING,134,847,981,78.95,584.58,true
1780852173309,402255,step,983,354,169,RUNNING,10,0,10,RUNNING,RUNNING,RUNNING,134,848,982,78.95,584.58,true
1780852173748,402694,step,984,439,169,RUNNING,10,0,10,RUNNING,RUNNING,RUNNING,134,849,983,78.95,587.28,true
1780852174087,403033,step,985,339,169,RUNNING,10,0,10,RUNNING,RUNNING,RUNNING,134,850,984,78.95,587.28,true
1780852174424,403370,step,986,337,169,RUNNING,10,0,10,RUNNING,RUNNING,RUNNING,134,851,985,78.95,589.95,true
1780852174761,403707,step,987,337,176,RUNNING,10,0,10,RUNNING,RUNNING,RUNNING,134,852,986,78.95,589.95,true
1780852174998,403944,step,988,237,178,RUNNING,10,0,10,RUNNING,RUNNING,RUNNING,134,853,987,78.95,589.95,true
1780852175301,404247,step,989,303,178,RUNNING,10,0,10,RUNNING,RUNNING,RUNNING,134,854,988,78.95,589.95,true
1780852175639,404585,step,990,338,178,RUNNING,10,0,10,RUNNING,RUNNING,RUNNING,134,855,989,78.95,592.82,true
1780852176095,405041,step,991,456,178,RUNNING,10,0,10,RUNNING,RUNNING,RUNNING,134,856,990,78.95,592.82,true
1780852176399,405345,step,992,304,197,RUNNING,10,0,10,RUNNING,RUNNING,RUNNING,134,857,991,78.95,592.82,true
1780852176855,405801,step,993,456,177,RUNNING,10,0,10,RUNNING,RUNNING,RUNNING,134,858,992,78.95,595.77,true
1780852177277,406223,step,994,422,142,WALKING,9,1,10,RUNNING,RUNNING,RUNNING,134,859,993,78.95,595.77,true
1780852177631,406577,step,995,354,142,WALKING,8,2,10,RUNNING,RUNNING,RUNNING,134,860,994,78.95,598.51,true
1780852177952,406898,step,996,321,169,RUNNING,8,2,10,RUNNING,RUNNING,RUNNING,134,861,995,78.95,598.51,true
1780852178239,407185,step,997,287,169,RUNNING,8,2,10,RUNNING,RUNNING,RUNNING,134,862,996,78.95,598.51,true
1780852178560,407506,step,998,321,186,RUNNING,8,2,10,RUNNING,RUNNING,RUNNING,134,863,997,78.95,601.15,true
1780852178847,407793,step,999,287,186,RUNNING,8,2,10,RUNNING,RUNNING,RUNNING,134,864,998,78.95,601.15,true
1780852179218,408164,step,1000,371,186,RUNNING,8,2,10,RUNNING,RUNNING,RUNNING,134,865,999,78.95,601.15,true
1780852179454,408400,step,1001,236,209,RUNNING,8,2,10,RUNNING,RUNNING,RUNNING,134,866,1000,78.95,603.57,true
1780852179724,408670,step,1002,270,209,RUNNING,8,2,10,RUNNING,RUNNING,RUNNING,134,867,1001,78.95,603.57,true
1780852179995,408941,step,1003,271,221,RUNNING,8,2,10,RUNNING,RUNNING,RUNNING,134,868,1002,78.95,603.57,true
1780852180315,409261,step,1004,320,221,RUNNING,9,1,10,RUNNING,RUNNING,RUNNING,134,869,1003,78.95,603.57,true
1780852180771,409717,step,1005,456,221,RUNNING,10,0,10,RUNNING,RUNNING,RUNNING,134,870,1004,78.95,605.91,true
1780852181176,410122,step,1006,405,187,RUNNING,10,0,10,RUNNING,RUNNING,RUNNING,134,871,1005,78.95,605.91,true
1780852181430,410376,step,1007,254,187,RUNNING,10,0,10,RUNNING,RUNNING,RUNNING,134,872,1006,78.95,608.41,true
1780852181683,410629,step,1008,253,187,RUNNING,10,0,10,RUNNING,RUNNING,RUNNING,134,873,1007,78.95,608.41,true
1780852181953,410899,step,1009,270,222,RUNNING,10,0,10,RUNNING,RUNNING,RUNNING,134,874,1008,78.95,608.41,true
1780852182324,411270,step,1010,371,222,RUNNING,10,0,10,RUNNING,RUNNING,RUNNING,134,875,1009,78.95,608.41,true
1780852182645,411591,step,1011,321,222,RUNNING,10,0,10,RUNNING,RUNNING,RUNNING,134,876,1010,78.95,610.97,true
1780852183118,412064,step,1012,473,186,RUNNING,10,0,10,RUNNING,RUNNING,RUNNING,134,877,1011,78.95,610.97,true
1780852183540,412486,step,1013,422,161,RUNNING,10,0,10,RUNNING,RUNNING,RUNNING,134,878,1012,78.95,613.61,true
1780852183928,412874,step,1014,388,154,RUNNING,10,0,10,RUNNING,RUNNING,RUNNING,134,879,1013,78.95,613.61,true
1780852184350,413296,step,1015,422,142,WALKING,9,1,10,RUNNING,RUNNING,RUNNING,134,880,1014,78.95,613.61,true
1780852184738,413684,step,1016,388,142,WALKING,8,2,10,RUNNING,RUNNING,RUNNING,134,881,1015,78.95,616.24,true
1780852185177,414123,step,1017,439,142,WALKING,7,3,10,RUNNING,RUNNING,RUNNING,134,882,1016,78.95,616.24,true
1780852185549,414495,step,1018,372,154,RUNNING,7,3,10,RUNNING,RUNNING,RUNNING,134,883,1017,78.95,618.70,true
1780852185971,414917,step,1019,422,142,WALKING,6,4,10,RUNNING,RUNNING,RUNNING,134,884,1018,78.95,618.70,true
1780852186241,415187,step,1020,270,154,RUNNING,6,4,10,RUNNING,RUNNING,RUNNING,134,885,1019,78.95,618.70,true
1780852186477,415423,step,1021,236,161,RUNNING,6,4,10,RUNNING,RUNNING,RUNNING,134,886,1020,78.95,621.13,true
1780852186714,415660,step,1022,237,222,RUNNING,6,4,10,RUNNING,RUNNING,RUNNING,134,887,1021,78.95,621.13,true
1780852186984,415930,step,1023,270,222,RUNNING,6,4,10,RUNNING,RUNNING,RUNNING,134,888,1022,78.95,621.13,true
1780852187239,416185,step,1024,255,235,RUNNING,6,4,10,RUNNING,RUNNING,RUNNING,134,889,1023,78.95,621.13,true
1780852187514,416460,step,1025,275,235,RUNNING,7,3,10,RUNNING,RUNNING,RUNNING,134,890,1024,78.95,623.26,true
1780852187789,416735,step,1026,275,222,RUNNING,8,2,10,RUNNING,RUNNING,RUNNING,134,891,1025,78.95,623.26,true
1780852188057,417003,step,1027,268,222,RUNNING,9,1,10,RUNNING,RUNNING,RUNNING,134,892,1026,78.95,623.26,true
1780852188328,417274,step,1028,271,221,RUNNING,9,1,10,RUNNING,RUNNING,RUNNING,134,893,1027,78.95,623.26,true
1780852188632,417578,step,1029,304,218,RUNNING,10,0,10,RUNNING,RUNNING,RUNNING,134,894,1028,78.95,625.48,true
1780852188936,417882,step,1030,304,218,RUNNING,10,0,10,RUNNING,RUNNING,RUNNING,134,895,1029,78.95,625.48,true
1780852189172,418118,step,1031,236,221,RUNNING,10,0,10,RUNNING,RUNNING,RUNNING,134,896,1030,78.95,625.48,true
1780852189544,418490,step,1032,372,197,RUNNING,10,0,10,RUNNING,RUNNING,RUNNING,134,897,1031,78.95,627.60,true
1780852189797,418743,step,1033,253,197,RUNNING,10,0,10,RUNNING,RUNNING,RUNNING,134,898,1032,78.95,627.60,true
1780852190168,419114,step,1034,371,197,RUNNING,10,0,10,RUNNING,RUNNING,RUNNING,134,899,1033,78.95,627.60,true
1780852190405,419351,step,1035,237,237,RUNNING,10,0,10,RUNNING,RUNNING,RUNNING,134,900,1034,78.95,629.63,true
1780852190709,419655,step,1036,304,197,RUNNING,10,0,10,RUNNING,RUNNING,RUNNING,134,901,1035,78.95,629.63,true
1780852191014,419960,step,1037,305,197,RUNNING,10,0,10,RUNNING,RUNNING,RUNNING,134,902,1036,78.95,629.63,true
1780852191334,420280,step,1038,320,196,RUNNING,10,0,10,RUNNING,RUNNING,RUNNING,134,903,1037,78.95,629.63,true
1780852191620,420566,step,1039,286,197,RUNNING,10,0,10,RUNNING,RUNNING,RUNNING,134,904,1038,78.95,631.54,true
1780852191975,420921,step,1040,355,196,RUNNING,10,0,10,RUNNING,RUNNING,RUNNING,134,905,1039,78.95,631.54,true
1780852192279,421225,step,1041,304,196,RUNNING,10,0,10,RUNNING,RUNNING,RUNNING,134,906,1040,78.95,631.54,true
1780852192532,421478,step,1042,253,197,RUNNING,10,0,10,RUNNING,RUNNING,RUNNING,134,907,1041,78.95,633.52,true
1780852192802,421748,step,1043,270,209,RUNNING,10,0,10,RUNNING,RUNNING,RUNNING,134,908,1042,78.95,633.52,true
1780852193106,422052,step,1044,304,197,RUNNING,10,0,10,RUNNING,RUNNING,RUNNING,134,909,1043,78.95,633.52,true
1780852193545,422491,step,1045,439,197,RUNNING,10,0,10,RUNNING,RUNNING,RUNNING,134,910,1044,78.95,635.77,true
1780852193866,422812,step,1046,321,197,RUNNING,10,0,10,RUNNING,RUNNING,RUNNING,134,911,1045,78.95,635.77,true
1780852194153,423099,step,1047,287,197,RUNNING,10,0,10,RUNNING,RUNNING,RUNNING,134,912,1046,78.95,635.77,true
1780852194406,423352,step,1048,253,197,RUNNING,10,0,10,RUNNING,RUNNING,RUNNING,134,913,1047,78.95,638.11,true
1780852194659,423605,step,1049,253,209,RUNNING,10,0,10,RUNNING,RUNNING,RUNNING,134,914,1048,78.95,638.11,true
1780852195081,424027,step,1050,422,209,RUNNING,10,0,10,RUNNING,RUNNING,RUNNING,134,915,1049,78.95,638.11,true
1780852195319,424265,step,1051,238,237,RUNNING,10,0,10,RUNNING,RUNNING,RUNNING,134,916,1050,78.95,638.11,true
1780852195571,424517,step,1052,252,237,RUNNING,10,0,10,RUNNING,RUNNING,RUNNING,134,917,1051,78.95,640.40,true
1780852195875,424821,step,1053,304,237,RUNNING,10,0,10,RUNNING,RUNNING,RUNNING,134,918,1052,78.95,640.40,true
1780852196196,425142,step,1054,321,197,RUNNING,10,0,10,RUNNING,RUNNING,RUNNING,134,919,1053,78.95,640.40,true
1780852196466,425412,step,1055,270,222,RUNNING,10,0,10,RUNNING,RUNNING,RUNNING,134,920,1054,78.95,642.64,true
1780852196753,425699,step,1056,287,209,RUNNING,10,0,10,RUNNING,RUNNING,RUNNING,134,921,1055,78.95,642.64,true
1780852197158,426104,step,1057,405,197,RUNNING,10,0,10,RUNNING,RUNNING,RUNNING,134,922,1056,78.95,642.64,true
1780852197530,426476,step,1058,372,186,RUNNING,10,0,10,RUNNING,RUNNING,RUNNING,134,923,1057,78.95,644.81,true
1780852197766,426712,step,1059,236,209,RUNNING,10,0,10,RUNNING,RUNNING,RUNNING,134,924,1058,78.95,644.81,true
1780852198104,427050,step,1060,338,177,RUNNING,10,0,10,RUNNING,RUNNING,RUNNING,134,925,1059,78.95,644.81,true
1780852198357,427303,step,1061,253,177,RUNNING,10,0,10,RUNNING,RUNNING,RUNNING,134,926,1060,78.95,644.81,true
1780852198593,427539,step,1062,236,237,RUNNING,10,0,10,RUNNING,RUNNING,RUNNING,134,927,1061,78.95,647.03,true
1780852198863,427809,step,1063,270,237,RUNNING,10,0,10,RUNNING,RUNNING,RUNNING,134,928,1062,78.95,647.03,true
1780852199150,428096,step,1064,287,222,RUNNING,10,0,10,RUNNING,RUNNING,RUNNING,134,929,1063,78.95,647.03,true
1780852199404,428350,step,1065,254,236,RUNNING,10,0,10,RUNNING,RUNNING,RUNNING,134,930,1064,78.95,649.24,true
1780852199657,428603,step,1066,253,236,RUNNING,10,0,10,RUNNING,RUNNING,RUNNING,134,931,1065,78.95,649.24,true
1780852199910,428856,step,1067,253,236,RUNNING,10,0,10,RUNNING,RUNNING,RUNNING,134,932,1066,78.95,649.24,true
1780852200180,429126,step,1068,270,236,RUNNING,10,0,10,RUNNING,RUNNING,RUNNING,134,933,1067,78.95,649.24,true
1780852200434,429380,step,1069,254,236,RUNNING,10,0,10,RUNNING,RUNNING,RUNNING,134,934,1068,78.95,651.79,true
1780852200687,429633,step,1070,253,237,RUNNING,10,0,10,RUNNING,RUNNING,RUNNING,134,935,1069,78.95,651.79,true
1780852200974,429920,step,1071,287,236,RUNNING,10,0,10,RUNNING,RUNNING,RUNNING,134,936,1070,78.95,651.79,true
1780852201210,430156,step,1072,236,236,RUNNING,10,0,10,RUNNING,RUNNING,RUNNING,134,937,1071,78.95,651.79,true
1780852201464,430410,step,1073,254,236,RUNNING,10,0,10,RUNNING,RUNNING,RUNNING,134,938,1072,78.95,654.35,true
1780852201751,430697,step,1074,287,236,RUNNING,10,0,10,RUNNING,RUNNING,RUNNING,134,939,1073,78.95,654.35,true
1780852201987,430933,step,1075,236,236,RUNNING,10,0,10,RUNNING,RUNNING,RUNNING,134,940,1074,78.95,654.35,true
1780852202257,431203,step,1076,270,236,RUNNING,10,0,10,RUNNING,RUNNING,RUNNING,134,941,1075,78.95,654.35,true
1780852202595,431541,step,1077,338,222,RUNNING,10,0,10,RUNNING,RUNNING,RUNNING,134,942,1076,78.95,656.81,true
1780852202865,431811,step,1078,270,222,RUNNING,10,0,10,RUNNING,RUNNING,RUNNING,134,943,1077,78.95,656.81,true
1780852203135,432081,step,1079,270,222,RUNNING,10,0,10,RUNNING,RUNNING,RUNNING,134,944,1078,78.95,656.81,true
1780852203439,432385,step,1080,304,222,RUNNING,10,0,10,RUNNING,RUNNING,RUNNING,134,945,1079,78.95,659.22,true
1780852203743,432689,step,1081,304,197,RUNNING,10,0,10,RUNNING,RUNNING,RUNNING,134,946,1080,78.95,659.22,true
1780852203979,432925,step,1082,236,222,RUNNING,10,0,10,RUNNING,RUNNING,RUNNING,134,947,1081,78.95,659.22,true
1780852204216,433162,step,1083,237,222,RUNNING,10,0,10,RUNNING,RUNNING,RUNNING,134,948,1082,78.95,659.22,true
1780852204469,433415,step,1084,253,237,RUNNING,10,0,10,RUNNING,RUNNING,RUNNING,134,949,1083,78.95,661.67,true
1780852204705,433651,step,1085,236,253,RUNNING,10,0,10,RUNNING,RUNNING,RUNNING,134,950,1084,78.95,661.67,true
1780852204975,433921,step,1086,270,253,RUNNING,10,0,10,RUNNING,RUNNING,RUNNING,134,951,1085,78.95,661.67,true
1780852205262,434208,step,1087,287,237,RUNNING,10,0,10,RUNNING,RUNNING,RUNNING,134,952,1086,78.95,661.67,true
1780852205499,434445,step,1088,237,237,RUNNING,10,0,10,RUNNING,RUNNING,RUNNING,134,953,1087,78.95,664.04,true
1780852205769,434715,step,1089,270,222,RUNNING,10,0,10,RUNNING,RUNNING,RUNNING,134,954,1088,78.95,664.04,true
1780852206157,435103,step,1090,388,222,RUNNING,10,0,10,RUNNING,RUNNING,RUNNING,134,955,1089,78.95,664.04,true
1780852206444,435390,step,1091,287,209,RUNNING,10,0,10,RUNNING,RUNNING,RUNNING,134,956,1090,78.95,666.37,true
1780852206698,435644,step,1092,254,222,RUNNING,10,0,10,RUNNING,RUNNING,RUNNING,134,957,1091,78.95,666.37,true
1780852206951,435897,step,1093,253,222,RUNNING,10,0,10,RUNNING,RUNNING,RUNNING,134,958,1092,78.95,666.37,true
1780852207289,436235,step,1094,338,209,RUNNING,10,0,10,RUNNING,RUNNING,RUNNING,134,959,1093,78.95,666.37,true
1780852207559,436505,step,1095,270,222,RUNNING,10,0,10,RUNNING,RUNNING,RUNNING,134,960,1094,78.95,668.62,true
1780852207829,436775,step,1096,270,222,RUNNING,10,0,10,RUNNING,RUNNING,RUNNING,134,961,1095,78.95,668.62,true
1780852208065,437011,step,1097,236,222,RUNNING,10,0,10,RUNNING,RUNNING,RUNNING,134,962,1096,78.95,668.62,true
1780852208403,437349,step,1098,338,222,RUNNING,10,0,10,RUNNING,RUNNING,RUNNING,134,963,1097,78.95,670.83,true
1780852208707,437653,step,1099,304,222,RUNNING,10,0,10,RUNNING,RUNNING,RUNNING,134,964,1098,78.95,670.83,true
1780852208943,437889,step,1100,236,222,RUNNING,10,0,10,RUNNING,RUNNING,RUNNING,134,965,1099,78.95,670.83,true
1780852209180,438126,step,1101,237,253,RUNNING,10,0,10,RUNNING,RUNNING,RUNNING,134,966,1100,78.95,670.83,true
1780852209433,438379,step,1102,253,237,RUNNING,10,0,10,RUNNING,RUNNING,RUNNING,134,967,1101,78.95,673.09,true
1780852209669,438615,step,1103,236,253,RUNNING,10,0,10,RUNNING,RUNNING,RUNNING,134,968,1102,78.95,673.09,true
1780852209906,438852,step,1104,237,253,RUNNING,10,0,10,RUNNING,RUNNING,RUNNING,134,969,1103,78.95,673.09,true
1780852210243,439189,step,1105,337,253,RUNNING,10,0,10,RUNNING,RUNNING,RUNNING,134,970,1104,78.95,673.09,true
1780852210530,439476,step,1106,287,237,RUNNING,10,0,10,RUNNING,RUNNING,RUNNING,134,971,1105,78.95,675.38,true
1780852210902,439848,step,1107,372,209,RUNNING,10,0,10,RUNNING,RUNNING,RUNNING,134,972,1106,78.95,675.38,true
1780852211256,440202,step,1108,354,178,RUNNING,10,0,10,RUNNING,RUNNING,RUNNING,134,973,1107,78.95,675.38,true
1780852211695,440641,step,1109,439,169,RUNNING,10,0,10,RUNNING,RUNNING,RUNNING,134,974,1108,78.95,677.65,true
1780852212016,440962,step,1110,321,169,RUNNING,10,0,10,RUNNING,RUNNING,RUNNING,134,975,1109,78.95,677.65,true
1780852212472,441418,step,1111,456,161,RUNNING,10,0,10,RUNNING,RUNNING,RUNNING,134,976,1110,78.95,679.84,true
1780852212793,441739,step,1112,321,169,RUNNING,10,0,10,RUNNING,RUNNING,RUNNING,134,977,1111,78.95,679.84,true
1780852213232,442178,step,1113,439,136,WALKING,9,1,10,RUNNING,RUNNING,RUNNING,134,978,1112,78.95,679.84,true
1780852213586,442532,step,1114,354,169,RUNNING,9,1,10,RUNNING,RUNNING,RUNNING,134,979,1113,78.95,682.08,true
1780852214025,442971,step,1115,439,136,WALKING,8,2,10,RUNNING,RUNNING,RUNNING,134,980,1114,78.95,682.08,true
1780852214363,443309,step,1116,338,169,RUNNING,8,2,10,RUNNING,RUNNING,RUNNING,134,981,1115,78.95,682.08,true
1780852214802,443748,step,1117,439,136,WALKING,7,3,10,RUNNING,RUNNING,RUNNING,134,982,1116,78.95,684.30,true
1780852215123,444069,step,1118,321,169,RUNNING,7,3,10,RUNNING,RUNNING,RUNNING,134,983,1117,78.95,684.30,true
1780852215579,444525,step,1119,456,136,WALKING,6,4,10,RUNNING,RUNNING,RUNNING,134,984,1118,78.95,686.56,true
1780852215899,444845,step,1120,320,177,RUNNING,6,4,10,RUNNING,RUNNING,RUNNING,134,985,1119,78.95,686.56,true
1780852216288,445234,step,1121,389,154,RUNNING,6,4,10,RUNNING,RUNNING,RUNNING,134,986,1120,78.95,686.56,true
1780852216642,445588,step,1122,354,169,RUNNING,6,4,10,RUNNING,RUNNING,RUNNING,134,987,1121,78.95,688.84,true
1780852216879,445825,step,1123,237,169,RUNNING,7,3,10,RUNNING,RUNNING,RUNNING,134,988,1122,78.95,688.84,true
1780852217132,446078,step,1124,253,187,RUNNING,7,3,10,RUNNING,RUNNING,RUNNING,134,989,1123,78.95,688.84,true
1780852217436,446382,step,1125,304,197,RUNNING,8,2,10,RUNNING,RUNNING,RUNNING,134,990,1124,78.95,691.15,true
1780852217689,446635,step,1126,253,237,RUNNING,8,2,10,RUNNING,RUNNING,RUNNING,134,991,1125,78.95,691.15,true
1780852217959,446905,step,1127,270,237,RUNNING,9,1,10,RUNNING,RUNNING,RUNNING,134,992,1126,78.95,691.15,true
1780852218229,447175,step,1128,270,222,RUNNING,9,1,10,RUNNING,RUNNING,RUNNING,134,993,1127,78.95,691.15,true
1780852218618,447564,step,1129,389,222,RUNNING,10,0,10,RUNNING,RUNNING,RUNNING,134,994,1128,78.95,693.52,true
1780852218871,447817,step,1130,253,222,RUNNING,10,0,10,RUNNING,RUNNING,RUNNING,134,995,1129,78.95,693.52,true
1780852219158,448104,step,1131,287,222,RUNNING,10,0,10,RUNNING,RUNNING,RUNNING,134,996,1130,78.95,693.52,true
1780852219479,448425,step,1132,321,209,RUNNING,10,0,10,RUNNING,RUNNING,RUNNING,134,997,1131,78.95,695.91,true
1780852219732,448678,step,1133,253,209,RUNNING,10,0,10,RUNNING,RUNNING,RUNNING,134,998,1132,78.95,695.91,true
1780852220019,448965,step,1134,287,209,RUNNING,10,0,10,RUNNING,RUNNING,RUNNING,134,999,1133,78.95,695.91,true
1780852220255,449201,step,1135,236,209,RUNNING,10,0,10,RUNNING,RUNNING,RUNNING,134,1000,1134,78.95,695.91,true
1780852220509,449455,step,1136,254,236,RUNNING,10,0,10,RUNNING,RUNNING,RUNNING,134,1001,1135,78.95,698.18,true
1780852220796,449742,step,1137,287,236,RUNNING,10,0,10,RUNNING,RUNNING,RUNNING,134,1002,1136,78.95,698.18,true
1780852221032,449978,step,1138,236,236,RUNNING,10,0,10,RUNNING,RUNNING,RUNNING,134,1003,1137,78.95,698.18,true
1780852221336,450282,step,1139,304,236,RUNNING,10,0,10,RUNNING,RUNNING,RUNNING,134,1004,1138,78.95,698.18,true
1780852221623,450569,step,1140,287,209,RUNNING,10,0,10,RUNNING,RUNNING,RUNNING,134,1005,1139,78.95,700.52,true
1780852221876,450822,step,1141,253,209,RUNNING,10,0,10,RUNNING,RUNNING,RUNNING,134,1006,1140,78.95,700.52,true
1780852222129,451075,step,1142,253,237,RUNNING,10,0,10,RUNNING,RUNNING,RUNNING,134,1007,1141,78.95,700.52,true
1780852222585,451531,step,1143,456,209,RUNNING,10,0,10,RUNNING,RUNNING,RUNNING,134,1008,1142,78.95,703.26,true
1780852222974,451920,step,1144,389,209,RUNNING,10,0,10,RUNNING,RUNNING,RUNNING,134,1009,1143,78.95,703.26,true
1780852223379,452325,step,1145,405,154,RUNNING,10,0,10,RUNNING,RUNNING,RUNNING,134,1010,1144,78.95,703.26,true
1780852223733,452679,step,1146,354,154,RUNNING,10,0,10,RUNNING,RUNNING,RUNNING,134,1011,1145,78.95,706.21,true
1780852224139,453085,step,1147,406,148,WALKING,9,1,10,RUNNING,RUNNING,RUNNING,134,1012,1146,78.95,706.21,true
1780852224375,453321,step,1148,236,154,RUNNING,9,1,10,RUNNING,RUNNING,RUNNING,134,1013,1147,78.95,706.21,true
1780852224645,453591,step,1149,270,169,RUNNING,9,1,10,RUNNING,RUNNING,RUNNING,134,1014,1148,78.95,709.25,true
1780852224915,453861,step,1150,270,222,RUNNING,9,1,10,RUNNING,RUNNING,RUNNING,134,1015,1149,78.95,709.25,true
1780852225270,454216,step,1151,355,222,RUNNING,9,1,10,RUNNING,RUNNING,RUNNING,134,1016,1150,78.95,709.25,true
1780852225608,454554,step,1152,338,222,RUNNING,9,1,10,RUNNING,RUNNING,RUNNING,134,1017,1151,78.95,712.49,true
1780852225962,454908,step,1153,354,177,RUNNING,9,1,10,RUNNING,RUNNING,RUNNING,134,1018,1152,78.95,712.49,true
1780852226283,455229,step,1154,321,177,RUNNING,9,1,10,RUNNING,RUNNING,RUNNING,134,1019,1153,78.95,712.49,true
1780852226604,455550,step,1155,321,177,RUNNING,9,1,10,RUNNING,RUNNING,RUNNING,134,1020,1154,78.95,715.65,true
1780852226840,455786,step,1156,236,186,RUNNING,9,1,10,RUNNING,RUNNING,RUNNING,134,1021,1155,78.95,715.65,true
1780852227161,456107,step,1157,321,186,RUNNING,10,0,10,RUNNING,RUNNING,RUNNING,134,1022,1156,78.95,715.65,true
1780852227515,456461,step,1158,354,186,RUNNING,10,0,10,RUNNING,RUNNING,RUNNING,134,1023,1157,78.95,718.68,true
1780852227752,456698,step,1159,237,186,RUNNING,10,0,10,RUNNING,RUNNING,RUNNING,134,1024,1158,78.95,718.68,true
1780852228005,456951,step,1160,253,237,RUNNING,10,0,10,RUNNING,RUNNING,RUNNING,134,1025,1159,78.95,718.68,true
1780852228309,457255,step,1161,304,197,RUNNING,10,0,10,RUNNING,RUNNING,RUNNING,134,1026,1160,78.95,718.68,true
1780852228596,457542,step,1162,287,209,RUNNING,10,0,10,RUNNING,RUNNING,RUNNING,134,1027,1161,78.95,721.51,true
1780852228951,457897,step,1163,355,209,RUNNING,10,0,10,RUNNING,RUNNING,RUNNING,134,1028,1162,78.95,721.51,true
1780852229288,458234,step,1164,337,197,RUNNING,10,0,10,RUNNING,RUNNING,RUNNING,134,1029,1163,78.95,721.51,true
1780852229626,458572,step,1165,338,178,RUNNING,10,0,10,RUNNING,RUNNING,RUNNING,134,1030,1164,78.95,724.31,true
1780852229879,458825,step,1166,253,178,RUNNING,10,0,10,RUNNING,RUNNING,RUNNING,134,1031,1165,78.95,724.31,true
1780852230251,459197,step,1167,372,177,RUNNING,10,0,10,RUNNING,RUNNING,RUNNING,134,1032,1166,78.95,724.31,true
1780852230622,459568,step,1168,371,177,RUNNING,10,0,10,RUNNING,RUNNING,RUNNING,134,1033,1167,78.95,727.04,true
1780852230909,459855,step,1169,287,177,RUNNING,10,0,10,RUNNING,RUNNING,RUNNING,134,1034,1168,78.95,727.04,true
1780852231230,460176,step,1170,321,186,RUNNING,10,0,10,RUNNING,RUNNING,RUNNING,134,1035,1169,78.95,727.04,true
1780852231466,460412,step,1171,236,186,RUNNING,10,0,10,RUNNING,RUNNING,RUNNING,134,1036,1170,78.95,729.70,true
1780852231838,460784,step,1172,372,186,RUNNING,10,0,10,RUNNING,RUNNING,RUNNING,134,1037,1171,78.95,729.70,true
1780852232108,461054,step,1173,270,209,RUNNING,10,0,10,RUNNING,RUNNING,RUNNING,134,1038,1172,78.95,729.70,true
1780852232361,461307,step,1174,253,222,RUNNING,10,0,10,RUNNING,RUNNING,RUNNING,134,1039,1173,78.95,729.70,true
1780852232614,461560,step,1175,253,237,RUNNING,10,0,10,RUNNING,RUNNING,RUNNING,134,1040,1174,78.95,732.46,true
1780852232969,461915,step,1176,355,222,RUNNING,10,0,10,RUNNING,RUNNING,RUNNING,134,1041,1175,78.95,732.46,true
1780852233374,462320,step,1177,405,222,RUNNING,10,0,10,RUNNING,RUNNING,RUNNING,134,1042,1176,78.95,732.46,true
1780852233813,462759,step,1178,439,169,RUNNING,10,0,10,RUNNING,RUNNING,RUNNING,134,1043,1177,78.95,735.15,true
1780852234117,463063,step,1179,304,169,RUNNING,10,0,10,RUNNING,RUNNING,RUNNING,134,1044,1178,78.95,735.15,true
1780852234488,463434,step,1180,371,161,RUNNING,10,0,10,RUNNING,RUNNING,RUNNING,134,1045,1179,78.95,737.67,true
1780852234775,463721,step,1181,287,161,RUNNING,10,0,10,RUNNING,RUNNING,RUNNING,134,1046,1180,78.95,737.67,true
1780852235096,464042,step,1182,321,186,RUNNING,10,0,10,RUNNING,RUNNING,RUNNING,134,1047,1181,78.95,737.67,true
1780852235366,464312,step,1183,270,197,RUNNING,10,0,10,RUNNING,RUNNING,RUNNING,134,1048,1182,78.95,737.67,true
1780852235653,464599,step,1184,287,209,RUNNING,10,0,10,RUNNING,RUNNING,RUNNING,134,1049,1183,78.95,740.11,true
1780852236042,464988,step,1185,389,209,RUNNING,10,0,10,RUNNING,RUNNING,RUNNING,134,1050,1184,78.95,740.11,true
1780852236295,465241,step,1186,253,209,RUNNING,10,0,10,RUNNING,RUNNING,RUNNING,134,1051,1185,78.95,740.11,true
1780852236666,465612,step,1187,371,209,RUNNING,10,0,10,RUNNING,RUNNING,RUNNING,134,1052,1186,78.95,742.63,true
1780852236920,465866,step,1188,254,209,RUNNING,10,0,10,RUNNING,RUNNING,RUNNING,134,1053,1187,78.95,742.63,true
1780852237274,466220,step,1189,354,169,RUNNING,10,0,10,RUNNING,RUNNING,RUNNING,134,1054,1188,78.95,742.63,true
1780852237612,466558,step,1190,338,177,RUNNING,10,0,10,RUNNING,RUNNING,RUNNING,134,1055,1189,78.95,745.25,true
1780852237848,466794,step,1191,236,177,RUNNING,10,0,10,RUNNING,RUNNING,RUNNING,134,1056,1190,78.95,745.25,true
1780852238220,467166,step,1192,372,177,RUNNING,10,0,10,RUNNING,RUNNING,RUNNING,134,1057,1191,78.95,745.25,true
1780852238456,467402,step,1193,236,177,RUNNING,10,0,10,RUNNING,RUNNING,RUNNING,134,1058,1192,78.95,747.92,true
1780852238726,467672,step,1194,270,222,RUNNING,10,0,10,RUNNING,RUNNING,RUNNING,134,1059,1193,78.95,747.92,true
1780852239047,467993,step,1195,321,222,RUNNING,10,0,10,RUNNING,RUNNING,RUNNING,134,1060,1194,78.95,747.92,true
1780852239368,468314,step,1196,321,186,RUNNING,10,0,10,RUNNING,RUNNING,RUNNING,134,1061,1195,78.95,747.92,true
1780852239621,468567,step,1197,253,222,RUNNING,10,0,10,RUNNING,RUNNING,RUNNING,134,1062,1196,78.95,750.43,true
1780852239942,468888,step,1198,321,186,RUNNING,10,0,10,RUNNING,RUNNING,RUNNING,134,1063,1197,78.95,750.43,true
1780852240398,469344,step,1199,456,186,RUNNING,10,0,10,RUNNING,RUNNING,RUNNING,134,1064,1198,78.95,752.81,true
1780852240786,469732,step,1200,388,186,RUNNING,10,0,10,RUNNING,RUNNING,RUNNING,134,1065,1199,78.95,752.81,true
1780852241141,470087,step,1201,355,169,RUNNING,10,0,10,RUNNING,RUNNING,RUNNING,134,1066,1200,78.95,752.81,true
1780852241495,470441,step,1202,354,169,RUNNING,10,0,10,RUNNING,RUNNING,RUNNING,134,1067,1201,78.95,755.02,true
1780852241934,470880,step,1203,439,154,RUNNING,10,0,10,RUNNING,RUNNING,RUNNING,134,1068,1202,78.95,755.02,true
1780852242272,471218,step,1204,338,169,RUNNING,10,0,10,RUNNING,RUNNING,RUNNING,134,1069,1203,78.95,755.02,true
1780852242525,471471,step,1205,253,169,RUNNING,10,0,10,RUNNING,RUNNING,RUNNING,134,1070,1204,78.95,757.46,true
1780852242812,471758,step,1206,287,177,RUNNING,10,0,10,RUNNING,RUNNING,RUNNING,134,1071,1205,78.95,757.46,true
1780852243082,472028,step,1207,270,209,RUNNING,10,0,10,RUNNING,RUNNING,RUNNING,134,1072,1206,78.95,757.46,true
1780852243369,472315,step,1208,287,209,RUNNING,10,0,10,RUNNING,RUNNING,RUNNING,134,1073,1207,78.95,757.46,true
1780852243639,472585,step,1209,270,222,RUNNING,10,0,10,RUNNING,RUNNING,RUNNING,134,1074,1208,78.95,760.07,true
1780852243926,472872,step,1210,287,209,RUNNING,10,0,10,RUNNING,RUNNING,RUNNING,134,1075,1209,78.95,760.07,true
1780852244247,473193,step,1211,321,209,RUNNING,10,0,10,RUNNING,RUNNING,RUNNING,134,1076,1210,78.95,760.07,true
1780852244534,473480,step,1212,287,209,RUNNING,10,0,10,RUNNING,RUNNING,RUNNING,134,1077,1211,78.95,762.30,true
1780852244804,473750,step,1213,270,209,RUNNING,10,0,10,RUNNING,RUNNING,RUNNING,134,1078,1212,78.95,762.30,true
1780852245074,474020,step,1214,270,209,RUNNING,10,0,10,RUNNING,RUNNING,RUNNING,134,1079,1213,78.95,762.30,true
1780852245378,474324,step,1215,304,209,RUNNING,10,0,10,RUNNING,RUNNING,RUNNING,134,1080,1214,78.95,762.30,true
1780852245649,474595,step,1216,271,221,RUNNING,10,0,10,RUNNING,RUNNING,RUNNING,134,1081,1215,78.95,764.71,true
1780852245885,474831,step,1217,236,222,RUNNING,10,0,10,RUNNING,RUNNING,RUNNING,134,1082,1216,78.95,764.71,true
1780852246155,475101,step,1218,270,222,RUNNING,10,0,10,RUNNING,RUNNING,RUNNING,134,1083,1217,78.95,764.71,true
1780852246391,475337,step,1219,236,222,RUNNING,10,0,10,RUNNING,RUNNING,RUNNING,134,1084,1218,78.95,764.71,true
1780852246628,475574,step,1220,237,253,RUNNING,10,0,10,RUNNING,RUNNING,RUNNING,134,1085,1219,78.95,767.52,true
1780852246965,475911,step,1221,337,253,RUNNING,10,0,10,RUNNING,RUNNING,RUNNING,134,1086,1220,78.95,767.52,true
1780852247269,476215,step,1222,304,222,RUNNING,10,0,10,RUNNING,RUNNING,RUNNING,134,1087,1221,78.95,767.52,true
1780852247607,476553,step,1223,338,197,RUNNING,10,0,10,RUNNING,RUNNING,RUNNING,134,1088,1222,78.95,770.26,true
1780852247894,476840,step,1224,287,197,RUNNING,10,0,10,RUNNING,RUNNING,RUNNING,134,1089,1223,78.95,770.26,true
1780852248181,477127,step,1225,287,197,RUNNING,10,0,10,RUNNING,RUNNING,RUNNING,134,1090,1224,78.95,770.26,true
1780852248434,477380,step,1226,253,209,RUNNING,10,0,10,RUNNING,RUNNING,RUNNING,134,1091,1225,78.95,772.96,true
1780852248688,477634,step,1227,254,209,RUNNING,10,0,10,RUNNING,RUNNING,RUNNING,134,1092,1226,78.95,772.96,true
1780852249025,477971,step,1228,337,209,RUNNING,10,0,10,RUNNING,RUNNING,RUNNING,134,1093,1227,78.95,772.96,true
1780852249346,478292,step,1229,321,209,RUNNING,10,0,10,RUNNING,RUNNING,RUNNING,134,1094,1228,78.95,772.96,true
1780852249583,478529,step,1230,237,236,RUNNING,10,0,10,RUNNING,RUNNING,RUNNING,134,1095,1229,78.95,775.61,true
1780852249819,478765,step,1231,236,236,RUNNING,10,0,10,RUNNING,RUNNING,RUNNING,134,1096,1230,78.95,775.61,true
1780852250072,479018,step,1232,253,237,RUNNING,10,0,10,RUNNING,RUNNING,RUNNING,134,1097,1231,78.95,775.61,true
1780852250325,479271,step,1233,253,237,RUNNING,10,0,10,RUNNING,RUNNING,RUNNING,134,1098,1232,78.95,775.61,true
1780852250629,479575,step,1234,304,237,RUNNING,10,0,10,RUNNING,RUNNING,RUNNING,134,1099,1233,78.95,778.12,true
1780852250899,479845,step,1235,270,237,RUNNING,10,0,10,RUNNING,RUNNING,RUNNING,134,1100,1234,78.95,778.12,true
1780852251136,480082,step,1236,237,237,RUNNING,10,0,10,RUNNING,RUNNING,RUNNING,134,1101,1235,78.95,778.12,true
1780852251423,480369,step,1237,287,222,RUNNING,10,0,10,RUNNING,RUNNING,RUNNING,134,1102,1236,78.95,780.62,true
1780852251777,480723,step,1238,354,209,RUNNING,10,0,10,RUNNING,RUNNING,RUNNING,134,1103,1237,78.95,780.62,true
1780852252200,481146,step,1239,423,209,RUNNING,10,0,10,RUNNING,RUNNING,RUNNING,134,1104,1238,78.95,780.62,true
1780852252554,481500,step,1240,354,169,RUNNING,10,0,10,RUNNING,RUNNING,RUNNING,134,1105,1239,78.95,783.22,true
1780852252807,481753,step,1241,253,169,RUNNING,10,0,10,RUNNING,RUNNING,RUNNING,134,1106,1240,78.95,783.22,true
1780852253111,482057,step,1242,304,169,RUNNING,10,0,10,RUNNING,RUNNING,RUNNING,134,1107,1241,78.95,783.22,true
1780852253364,482310,step,1243,253,197,RUNNING,10,0,10,RUNNING,RUNNING,RUNNING,134,1108,1242,78.95,783.22,true
1780852253702,482648,step,1244,338,197,RUNNING,10,0,10,RUNNING,RUNNING,RUNNING,134,1109,1243,78.95,785.10,true
1780852253955,482901,step,1245,253,237,RUNNING,10,0,10,RUNNING,RUNNING,RUNNING,134,1110,1244,78.95,785.10,true
1780852254242,483188,step,1246,287,209,RUNNING,10,0,10,RUNNING,RUNNING,RUNNING,134,1111,1245,78.95,785.10,true
1780852254614,483560,step,1247,372,209,RUNNING,10,0,10,RUNNING,RUNNING,RUNNING,134,1112,1246,78.95,786.88,true
1780852254985,483931,step,1248,371,177,RUNNING,10,0,10,RUNNING,RUNNING,RUNNING,134,1113,1247,78.95,786.88,true
1780852255407,484353,step,1249,422,161,RUNNING,10,0,10,RUNNING,RUNNING,RUNNING,134,1114,1248,78.95,789.43,true
1780852255745,484691,step,1250,338,161,RUNNING,10,0,10,RUNNING,RUNNING,RUNNING,134,1115,1249,78.95,789.43,true
1780852256066,485012,step,1251,321,161,RUNNING,10,0,10,RUNNING,RUNNING,RUNNING,134,1116,1250,78.95,789.43,true
1780852256302,485248,step,1252,236,177,RUNNING,10,0,10,RUNNING,RUNNING,RUNNING,134,1117,1251,78.95,789.43,true
1780852256572,485518,step,1253,270,186,RUNNING,10,0,10,RUNNING,RUNNING,RUNNING,134,1118,1252,78.95,792.61,true
1780852256910,485856,step,1254,338,186,RUNNING,10,0,10,RUNNING,RUNNING,RUNNING,134,1119,1253,78.95,792.61,true
1780852257281,486227,step,1255,371,186,RUNNING,10,0,10,RUNNING,RUNNING,RUNNING,134,1120,1254,78.95,792.61,true
1780852257737,486683,step,1256,456,177,RUNNING,10,0,10,RUNNING,RUNNING,RUNNING,134,1121,1255,78.95,795.66,true
1780852258058,487004,step,1257,321,177,RUNNING,10,0,10,RUNNING,RUNNING,RUNNING,134,1122,1256,78.95,795.66,true
1780852258480,487426,step,1258,422,161,RUNNING,10,0,10,RUNNING,RUNNING,RUNNING,134,1123,1257,78.95,798.66,true
1780852258835,487781,step,1259,355,161,RUNNING,10,0,10,RUNNING,RUNNING,RUNNING,134,1124,1258,78.95,798.66,true
1780852259071,488017,step,1260,236,169,RUNNING,10,0,10,RUNNING,RUNNING,RUNNING,134,1125,1259,78.95,798.66,true
1780852259341,488287,step,1261,270,186,RUNNING,10,0,10,RUNNING,RUNNING,RUNNING,134,1126,1260,78.95,798.66,true
1780852259595,488541,step,1262,254,222,RUNNING,10,0,10,RUNNING,RUNNING,RUNNING,134,1127,1261,78.95,801.80,true
1780852259865,488811,step,1263,270,222,RUNNING,10,0,10,RUNNING,RUNNING,RUNNING,134,1128,1262,78.95,801.80,true
1780852260118,489064,step,1264,253,236,RUNNING,10,0,10,RUNNING,RUNNING,RUNNING,134,1129,1263,78.95,801.80,true
1780852260354,489300,step,1265,236,236,RUNNING,10,0,10,RUNNING,RUNNING,RUNNING,134,1130,1264,78.95,801.80,true
1780852260658,489604,step,1266,304,236,RUNNING,10,0,10,RUNNING,RUNNING,RUNNING,134,1131,1265,78.95,804.88,true
1780852260979,489925,step,1267,321,222,RUNNING,10,0,10,RUNNING,RUNNING,RUNNING,134,1132,1266,78.95,804.88,true
1780852261249,490195,step,1268,270,222,RUNNING,10,0,10,RUNNING,RUNNING,RUNNING,134,1133,1267,78.95,804.88,true
1780852261553,490499,step,1269,304,197,RUNNING,10,0,10,RUNNING,RUNNING,RUNNING,134,1134,1268,78.95,807.88,true
1780852261908,490854,step,1270,355,197,RUNNING,10,0,10,RUNNING,RUNNING,RUNNING,134,1135,1269,78.95,807.88,true
1780852262178,491124,step,1271,270,197,RUNNING,10,0,10,RUNNING,RUNNING,RUNNING,134,1136,1270,78.95,807.88,true
1780852262465,491411,step,1272,287,209,RUNNING,10,0,10,RUNNING,RUNNING,RUNNING,134,1137,1271,78.95,810.85,true
1780852262752,491698,step,1273,287,209,RUNNING,10,0,10,RUNNING,RUNNING,RUNNING,134,1138,1272,78.95,810.85,true
1780852263039,491985,step,1274,287,209,RUNNING,10,0,10,RUNNING,RUNNING,RUNNING,134,1139,1273,78.95,810.85,true
1780852263343,492289,step,1275,304,209,RUNNING,10,0,10,RUNNING,RUNNING,RUNNING,134,1140,1274,78.95,810.85,true
1780852263596,492542,step,1276,253,209,RUNNING,10,0,10,RUNNING,RUNNING,RUNNING,134,1141,1275,78.95,813.37,true
1780852263883,492829,step,1277,287,209,RUNNING,10,0,10,RUNNING,RUNNING,RUNNING,134,1142,1276,78.95,813.37,true
1780852264136,493082,step,1278,253,209,RUNNING,10,0,10,RUNNING,RUNNING,RUNNING,134,1143,1277,78.95,813.37,true
1780852264525,493471,step,1279,389,209,RUNNING,10,0,10,RUNNING,RUNNING,RUNNING,134,1144,1278,78.95,815.77,true
1780852264829,493775,step,1280,304,209,RUNNING,10,0,10,RUNNING,RUNNING,RUNNING,134,1145,1279,78.95,815.77,true
1780852265166,494112,step,1281,337,197,RUNNING,10,0,10,RUNNING,RUNNING,RUNNING,134,1146,1280,78.95,815.77,true
1780852265420,494366,step,1282,254,197,RUNNING,10,0,10,RUNNING,RUNNING,RUNNING,134,1147,1281,78.95,818.14,true
1780852265656,494602,step,1283,236,197,RUNNING,10,0,10,RUNNING,RUNNING,RUNNING,134,1148,1282,78.95,818.14,true
1780852265943,494889,step,1284,287,209,RUNNING,10,0,10,RUNNING,RUNNING,RUNNING,134,1149,1283,78.95,818.14,true
1780852266298,495244,step,1285,355,209,RUNNING,10,0,10,RUNNING,RUNNING,RUNNING,134,1150,1284,78.95,818.14,true
1780852266669,495615,step,1286,371,209,RUNNING,10,0,10,RUNNING,RUNNING,RUNNING,134,1151,1285,78.95,820.41,true
1780852267125,496071,step,1287,456,169,RUNNING,10,0,10,RUNNING,RUNNING,RUNNING,134,1152,1286,78.95,820.41,true
1780852267496,496442,step,1288,371,161,RUNNING,10,0,10,RUNNING,RUNNING,RUNNING,134,1153,1287,78.95,822.83,true
1780852267868,496814,step,1289,372,161,RUNNING,10,0,10,RUNNING,RUNNING,RUNNING,134,1154,1288,78.95,822.83,true
1780852268256,497202,step,1290,388,161,RUNNING,10,0,10,RUNNING,RUNNING,RUNNING,134,1155,1289,78.95,822.83,true
1780852268627,497573,step,1291,371,161,RUNNING,10,0,10,RUNNING,RUNNING,RUNNING,134,1156,1290,78.95,825.38,true
1780852268965,497911,step,1292,338,161,RUNNING,10,0,10,RUNNING,RUNNING,RUNNING,134,1157,1291,78.95,825.38,true
1780852269303,498249,step,1293,338,161,RUNNING,10,0,10,RUNNING,RUNNING,RUNNING,134,1158,1292,78.95,825.38,true
1780852269539,498485,step,1294,236,177,RUNNING,10,0,10,RUNNING,RUNNING,RUNNING,134,1159,1293,78.95,828.04,true
1780852269809,498755,step,1295,270,177,RUNNING,10,0,10,RUNNING,RUNNING,RUNNING,134,1160,1294,78.95,828.04,true
1780852270164,499110,step,1296,355,177,RUNNING,10,0,10,RUNNING,RUNNING,RUNNING,134,1161,1295,78.95,828.04,true
1780852270400,499346,step,1297,236,222,RUNNING,10,0,10,RUNNING,RUNNING,RUNNING,134,1162,1296,78.95,830.76,true
1780852270687,499633,step,1298,287,222,RUNNING,10,0,10,RUNNING,RUNNING,RUNNING,134,1163,1297,78.95,830.76,true
1780852270941,499887,step,1299,254,222,RUNNING,10,0,10,RUNNING,RUNNING,RUNNING,134,1164,1298,78.95,830.76,true
1780852271278,500224,step,1300,337,209,RUNNING,10,0,10,RUNNING,RUNNING,RUNNING,134,1165,1299,78.95,830.76,true
1780852271700,500646,step,1301,422,209,RUNNING,10,0,10,RUNNING,RUNNING,RUNNING,134,1166,1300,78.95,833.54,true
1780852272055,501001,step,1302,355,178,RUNNING,10,0,10,RUNNING,RUNNING,RUNNING,134,1167,1301,78.95,833.54,true
1780852272511,501457,step,1303,456,169,RUNNING,10,0,10,RUNNING,RUNNING,RUNNING,134,1168,1302,78.95,836.28,true
1780852272815,501761,step,1304,304,169,RUNNING,10,0,10,RUNNING,RUNNING,RUNNING,134,1169,1303,78.95,836.28,true
1780852273271,502217,step,1305,456,142,WALKING,9,1,10,RUNNING,RUNNING,RUNNING,134,1170,1304,78.95,836.28,true
1780852273574,502520,step,1306,303,169,RUNNING,9,1,10,RUNNING,RUNNING,RUNNING,134,1171,1305,78.95,839.10,true
1780852273828,502774,step,1307,254,197,RUNNING,9,1,10,RUNNING,RUNNING,RUNNING,134,1172,1306,78.95,839.10,true
1780852274115,503061,step,1308,287,198,RUNNING,9,1,10,RUNNING,RUNNING,RUNNING,134,1173,1307,78.95,839.10,true
1780852274385,503331,step,1309,270,209,RUNNING,9,1,10,RUNNING,RUNNING,RUNNING,134,1174,1308,78.95,839.10,true
1780852274773,503719,step,1310,388,209,RUNNING,9,1,10,RUNNING,RUNNING,RUNNING,134,1175,1309,78.95,841.79,true
1780852275094,504040,step,1311,321,209,RUNNING,9,1,10,RUNNING,RUNNING,RUNNING,134,1176,1310,78.95,841.79,true
1780852275516,504462,step,1312,422,186,RUNNING,9,1,10,RUNNING,RUNNING,RUNNING,134,1177,1311,78.95,844.42,true
1780852275854,504800,step,1313,338,177,RUNNING,9,1,10,RUNNING,RUNNING,RUNNING,134,1178,1312,78.95,844.42,true
1780852276293,505239,step,1314,439,154,RUNNING,9,1,10,RUNNING,RUNNING,RUNNING,134,1179,1313,78.95,844.42,true
1780852276630,505576,step,1315,337,177,RUNNING,10,0,10,RUNNING,RUNNING,RUNNING,134,1180,1314,78.95,846.93,true
1780852277069,506015,step,1316,439,142,WALKING,9,1,10,RUNNING,RUNNING,RUNNING,134,1181,1315,78.95,846.93,true
1780852277390,506336,step,1317,321,177,RUNNING,9,1,10,RUNNING,RUNNING,RUNNING,134,1182,1316,78.95,846.93,true
1780852277643,506589,step,1318,253,178,RUNNING,9,1,10,RUNNING,RUNNING,RUNNING,134,1183,1317,78.95,849.29,true
1780852277930,506876,step,1319,287,186,RUNNING,9,1,10,RUNNING,RUNNING,RUNNING,134,1184,1318,78.95,849.29,true
1780852278200,507146,step,1320,270,209,RUNNING,9,1,10,RUNNING,RUNNING,RUNNING,134,1185,1319,78.95,849.29,true
1780852278471,507417,step,1321,271,221,RUNNING,9,1,10,RUNNING,RUNNING,RUNNING,134,1186,1320,78.95,851.58,true
1780852278707,507653,step,1322,236,222,RUNNING,9,1,10,RUNNING,RUNNING,RUNNING,134,1187,1321,78.95,851.58,true
1780852278960,507906,step,1323,253,222,RUNNING,9,1,10,RUNNING,RUNNING,RUNNING,134,1188,1322,78.95,851.58,true
1780852279213,508159,step,1324,253,237,RUNNING,9,1,10,RUNNING,RUNNING,RUNNING,134,1189,1323,78.95,851.58,true
1780852279450,508396,step,1325,237,237,RUNNING,9,1,10,RUNNING,RUNNING,RUNNING,134,1190,1324,78.95,854.08,true
1780852279720,508666,step,1326,270,237,RUNNING,10,0,10,RUNNING,RUNNING,RUNNING,134,1191,1325,78.95,854.08,true
1780852279973,508919,step,1327,253,237,RUNNING,10,0,10,RUNNING,RUNNING,RUNNING,134,1192,1326,78.95,854.08,true
1780852280226,509172,step,1328,253,237,RUNNING,10,0,10,RUNNING,RUNNING,RUNNING,134,1193,1327,78.95,854.08,true
1780852280463,509409,step,1329,237,237,RUNNING,10,0,10,RUNNING,RUNNING,RUNNING,134,1194,1328,78.95,856.58,true
1780852280834,509780,step,1330,371,237,RUNNING,10,0,10,RUNNING,RUNNING,RUNNING,134,1195,1329,78.95,856.58,true
1780852281138,510084,step,1331,304,237,RUNNING,10,0,10,RUNNING,RUNNING,RUNNING,134,1196,1330,78.95,856.58,true
1780852281459,510405,step,1332,321,197,RUNNING,10,0,10,RUNNING,RUNNING,RUNNING,134,1197,1331,78.95,859.18,true
1780852281729,510675,step,1333,270,197,RUNNING,10,0,10,RUNNING,RUNNING,RUNNING,134,1198,1332,78.95,859.18,true
1780852281966,510912,step,1334,237,197,RUNNING,10,0,10,RUNNING,RUNNING,RUNNING,134,1199,1333,78.95,859.18,true
1780852282303,511249,step,1335,337,197,RUNNING,10,0,10,RUNNING,RUNNING,RUNNING,134,1200,1334,78.95,859.18,true
1780852282658,511604,step,1336,355,186,RUNNING,10,0,10,RUNNING,RUNNING,RUNNING,134,1201,1335,78.95,861.76,true
1780852282911,511857,step,1337,253,222,RUNNING,10,0,10,RUNNING,RUNNING,RUNNING,134,1202,1336,78.95,861.76,true
1780852283215,512161,step,1338,304,197,RUNNING,10,0,10,RUNNING,RUNNING,RUNNING,134,1203,1337,78.95,861.76,true
1780852283502,512448,step,1339,287,197,RUNNING,10,0,10,RUNNING,RUNNING,RUNNING,134,1204,1338,78.95,864.30,true
1780852283840,512786,step,1340,338,197,RUNNING,10,0,10,RUNNING,RUNNING,RUNNING,134,1205,1339,78.95,864.30,true
1780852284093,513039,step,1341,253,209,RUNNING,10,0,10,RUNNING,RUNNING,RUNNING,134,1206,1340,78.95,864.30,true
1780852284346,513292,step,1342,253,209,RUNNING,10,0,10,RUNNING,RUNNING,RUNNING,134,1207,1341,78.95,864.30,true
1780852284616,513562,step,1343,270,222,RUNNING,10,0,10,RUNNING,RUNNING,RUNNING,134,1208,1342,78.95,866.93,true
1780852285021,513967,step,1344,405,222,RUNNING,10,0,10,RUNNING,RUNNING,RUNNING,134,1209,1343,78.95,866.93,true
1780852285393,514339,step,1345,372,222,RUNNING,10,0,10,RUNNING,RUNNING,RUNNING,134,1210,1344,78.95,866.93,true
1780852285680,514626,step,1346,287,209,RUNNING,10,0,10,RUNNING,RUNNING,RUNNING,134,1211,1345,78.95,869.65,true
1780852286051,514997,step,1347,371,161,RUNNING,10,0,10,RUNNING,RUNNING,RUNNING,134,1212,1346,78.95,869.65,true
1780852286473,515419,step,1348,422,161,RUNNING,10,0,10,RUNNING,RUNNING,RUNNING,134,1213,1347,78.95,872.33,true
1780852286727,515673,step,1349,254,161,RUNNING,10,0,10,RUNNING,RUNNING,RUNNING,134,1214,1348,78.95,872.33,true
1780852286997,515943,step,1350,270,209,RUNNING,10,0,10,RUNNING,RUNNING,RUNNING,134,1215,1349,78.95,872.33,true
1780852287284,516230,step,1351,287,209,RUNNING,10,0,10,RUNNING,RUNNING,RUNNING,134,1216,1350,78.95,872.33,true
1780852287655,516601,step,1352,371,209,RUNNING,10,0,10,RUNNING,RUNNING,RUNNING,134,1217,1351,78.95,875.06,true
1780852288027,516973,step,1353,372,209,RUNNING,10,0,10,RUNNING,RUNNING,RUNNING,134,1218,1352,78.95,875.06,true
1780852288364,517310,step,1354,337,178,RUNNING,10,0,10,RUNNING,RUNNING,RUNNING,134,1219,1353,78.95,875.06,true
1780852288618,517564,step,1355,254,178,RUNNING,10,0,10,RUNNING,RUNNING,RUNNING,134,1220,1354,78.95,877.92,true
1780852288871,517817,step,1356,253,178,RUNNING,10,0,10,RUNNING,RUNNING,RUNNING,134,1221,1355,78.95,877.92,true
1780852289175,518121,step,1357,304,197,RUNNING,10,0,10,RUNNING,RUNNING,RUNNING,134,1222,1356,78.95,877.92,true
1780852289512,518458,step,1358,337,197,RUNNING,10,0,10,RUNNING,RUNNING,RUNNING,134,1223,1357,78.95,880.74,true
1780852289783,518729,step,1359,271,221,RUNNING,10,0,10,RUNNING,RUNNING,RUNNING,134,1224,1358,78.95,880.74,true
1780852290053,518999,step,1360,270,221,RUNNING,10,0,10,RUNNING,RUNNING,RUNNING,134,1225,1359,78.95,880.74,true
1780852290340,519286,step,1361,287,209,RUNNING,10,0,10,RUNNING,RUNNING,RUNNING,134,1226,1360,78.95,880.74,true
1780852290576,519522,step,1362,236,221,RUNNING,10,0,10,RUNNING,RUNNING,RUNNING,134,1227,1361,78.95,883.67,true
1780852290846,519792,step,1363,270,222,RUNNING,10,0,10,RUNNING,RUNNING,RUNNING,134,1228,1362,78.95,883.67,true
1780852291116,520062,step,1364,270,222,RUNNING,10,0,10,RUNNING,RUNNING,RUNNING,134,1229,1363,78.95,883.67,true
1780852291420,520366,step,1365,304,222,RUNNING,10,0,10,RUNNING,RUNNING,RUNNING,134,1230,1364,78.95,886.40,true
1780852291691,520637,step,1366,271,222,RUNNING,10,0,10,RUNNING,RUNNING,RUNNING,134,1231,1365,78.95,886.40,true
1780852292011,520957,step,1367,320,221,RUNNING,10,0,10,RUNNING,RUNNING,RUNNING,134,1232,1366,78.95,886.40,true
1780852292265,521211,step,1368,254,221,RUNNING,10,0,10,RUNNING,RUNNING,RUNNING,134,1233,1367,78.95,886.40,true
1780852292501,521447,step,1369,236,221,RUNNING,10,0,10,RUNNING,RUNNING,RUNNING,134,1234,1368,78.95,889.27,true
1780852292822,521768,step,1370,321,221,RUNNING,10,0,10,RUNNING,RUNNING,RUNNING,134,1235,1369,78.95,889.27,true
1780852293143,522089,step,1371,321,187,RUNNING,10,0,10,RUNNING,RUNNING,RUNNING,134,1236,1370,78.95,889.27,true
1780852293413,522359,step,1372,270,222,RUNNING,10,0,10,RUNNING,RUNNING,RUNNING,134,1237,1371,78.95,892.14,true
1780852293885,522831,step,1373,472,186,RUNNING,10,0,10,RUNNING,RUNNING,RUNNING,134,1238,1372,78.95,892.14,true
1780852294257,523203,step,1374,372,186,RUNNING,10,0,10,RUNNING,RUNNING,RUNNING,134,1239,1373,78.95,892.14,true
1780852294493,523439,step,1375,236,186,RUNNING,10,0,10,RUNNING,RUNNING,RUNNING,134,1240,1374,78.95,894.96,true
1780852294848,523794,step,1376,355,169,RUNNING,10,0,10,RUNNING,RUNNING,RUNNING,134,1241,1375,78.95,894.96,true
1780852295135,524081,step,1377,287,169,RUNNING,10,0,10,RUNNING,RUNNING,RUNNING,134,1242,1376,78.95,894.96,true
1780852295506,524452,step,1378,371,169,RUNNING,10,0,10,RUNNING,RUNNING,RUNNING,134,1243,1377,78.95,897.01,true
1780852295861,524807,step,1379,355,169,RUNNING,10,0,10,RUNNING,RUNNING,RUNNING,134,1244,1378,78.95,897.01,true
1780852296097,525043,step,1380,236,169,RUNNING,10,0,10,RUNNING,RUNNING,RUNNING,134,1245,1379,78.95,897.01,true
1780852296418,525364,step,1381,321,186,RUNNING,10,0,10,RUNNING,RUNNING,RUNNING,134,1246,1380,78.95,898.58,true
1780852296688,525634,step,1382,270,186,RUNNING,10,0,10,RUNNING,RUNNING,RUNNING,134,1247,1381,78.95,898.58,true
1780852296925,525871,step,1383,237,222,RUNNING,10,0,10,RUNNING,RUNNING,RUNNING,134,1248,1382,78.95,898.58,true
1780852297279,526225,step,1384,354,222,RUNNING,10,0,10,RUNNING,RUNNING,RUNNING,134,1249,1383,78.95,898.58,true
1780852297516,526462,step,1385,237,222,RUNNING,10,0,10,RUNNING,RUNNING,RUNNING,134,1250,1384,78.95,900.38,true
1780852297786,526732,step,1386,270,222,RUNNING,10,0,10,RUNNING,RUNNING,RUNNING,134,1251,1385,78.95,900.38,true
1780852298174,527120,step,1387,388,222,RUNNING,10,0,10,RUNNING,RUNNING,RUNNING,134,1252,1386,78.95,900.38,true
1780852298444,527390,step,1388,270,222,RUNNING,10,0,10,RUNNING,RUNNING,RUNNING,134,1253,1387,78.95,902.27,true
1780852298866,527812,step,1389,422,222,RUNNING,10,0,10,RUNNING,RUNNING,RUNNING,134,1254,1388,78.95,902.27,true
1780852299238,528184,step,1390,372,161,RUNNING,10,0,10,RUNNING,RUNNING,RUNNING,134,1255,1389,78.95,902.27,true
1780852299711,528657,step,1391,473,154,RUNNING,10,0,10,RUNNING,RUNNING,RUNNING,134,1256,1390,78.95,904.28,true
1780852300082,529028,step,1392,371,161,RUNNING,10,0,10,RUNNING,RUNNING,RUNNING,134,1257,1391,78.95,904.28,true
1780852300335,529281,step,1393,253,161,RUNNING,10,0,10,RUNNING,RUNNING,RUNNING,134,1258,1392,78.95,904.28,true
1780852300656,529602,step,1394,321,161,RUNNING,10,0,10,RUNNING,RUNNING,RUNNING,134,1259,1393,78.95,905.80,true
1780852300994,529940,step,1395,338,177,RUNNING,10,0,10,RUNNING,RUNNING,RUNNING,134,1260,1394,78.95,905.80,true
1780852301331,530277,step,1396,337,178,RUNNING,10,0,10,RUNNING,RUNNING,RUNNING,134,1261,1395,78.95,905.80,true
1780852301754,530700,step,1397,423,178,RUNNING,10,0,10,RUNNING,RUNNING,RUNNING,134,1262,1396,78.95,907.39,true
1780852302226,531172,step,1398,472,177,RUNNING,10,0,10,RUNNING,RUNNING,RUNNING,134,1263,1397,78.95,907.39,true
1780852302581,531527,step,1399,355,169,RUNNING,10,0,10,RUNNING,RUNNING,RUNNING,134,1264,1398,78.95,908.93,true
1780852303037,531983,step,1400,456,141,WALKING,9,1,10,RUNNING,RUNNING,RUNNING,134,1265,1399,78.95,908.93,true
1780852303358,532304,step,1401,321,141,WALKING,8,2,10,RUNNING,RUNNING,RUNNING,134,1266,1400,78.95,908.93,true
1780852303678,532624,step,1402,320,169,RUNNING,8,2,10,RUNNING,RUNNING,RUNNING,134,1267,1401,78.95,910.09,true
1780852303965,532911,step,1403,287,186,RUNNING,8,2,10,RUNNING,RUNNING,RUNNING,134,1268,1402,78.95,910.09,true
1780852304438,533384,step,1404,473,186,RUNNING,8,2,10,RUNNING,RUNNING,RUNNING,134,1269,1403,78.95,910.09,true
1780852304708,533654,step,1405,270,187,RUNNING,8,2,10,RUNNING,RUNNING,RUNNING,134,1270,1404,78.95,910.09,true
1780852304978,533924,step,1406,270,209,RUNNING,8,2,10,RUNNING,RUNNING,RUNNING,134,1271,1405,78.95,910.09,true
1780852305249,534195,step,1407,271,221,RUNNING,8,2,10,RUNNING,RUNNING,RUNNING,134,1272,1406,78.95,910.09,true
1780852305637,534583,step,1408,388,221,RUNNING,8,2,10,RUNNING,RUNNING,RUNNING,134,1273,1407,78.95,911.52,true
1780852306025,534971,step,1409,388,221,RUNNING,8,2,10,RUNNING,RUNNING,RUNNING,134,1274,1408,78.95,911.52,true
1780852306262,535208,step,1410,237,221,RUNNING,9,1,10,RUNNING,RUNNING,RUNNING,134,1275,1409,78.95,911.52,true
1780852306633,535579,step,1411,371,161,RUNNING,10,0,10,RUNNING,RUNNING,RUNNING,134,1276,1410,78.95,913.96,true
1780852306903,535849,step,1412,270,161,RUNNING,10,0,10,RUNNING,RUNNING,RUNNING,134,1277,1411,78.95,913.96,true
1780852307308,536254,step,1413,405,161,RUNNING,10,0,10,RUNNING,RUNNING,RUNNING,134,1278,1412,78.95,913.96,true
1780852307680,536626,step,1414,372,161,RUNNING,10,0,10,RUNNING,RUNNING,RUNNING,134,1279,1413,78.95,916.45,true
1780852308051,536997,step,1415,371,161,RUNNING,10,0,10,RUNNING,RUNNING,RUNNING,134,1280,1414,78.95,916.45,true
1780852308541,537487,step,1416,490,161,RUNNING,10,0,10,RUNNING,RUNNING,RUNNING,134,1281,1415,78.95,918.86,true
1780852308929,537875,step,1417,388,154,RUNNING,10,0,10,RUNNING,RUNNING,RUNNING,134,1282,1416,78.95,918.86,true
1780852309419,538365,step,1418,490,154,RUNNING,10,0,10,RUNNING,RUNNING,RUNNING,134,1283,1417,78.95,920.05,true
1780852309655,538601,step,1419,236,154,RUNNING,10,0,10,RUNNING,RUNNING,RUNNING,134,1284,1418,78.95,920.05,true
1780852309892,538838,step,1420,237,154,RUNNING,10,0,10,RUNNING,RUNNING,RUNNING,134,1285,1419,78.95,920.05,true
1780852310162,539108,step,1421,270,222,RUNNING,10,0,10,RUNNING,RUNNING,RUNNING,134,1286,1420,78.95,920.05,true
1780852310449,539395,step,1422,287,222,RUNNING,10,0,10,RUNNING,RUNNING,RUNNING,134,1287,1421,78.95,921.11,true
1780852310719,539665,step,1423,270,222,RUNNING,10,0,10,RUNNING,RUNNING,RUNNING,134,1288,1422,78.95,921.11,true
1780852311158,540104,step,1424,439,222,RUNNING,10,0,10,RUNNING,RUNNING,RUNNING,134,1289,1423,78.95,921.11,true
1780852311529,540475,step,1425,371,209,RUNNING,10,0,10,RUNNING,RUNNING,RUNNING,134,1290,1424,78.95,923.37,true
1780852311918,540864,step,1426,389,161,RUNNING,10,0,10,RUNNING,RUNNING,RUNNING,134,1291,1425,78.95,923.37,true
1780852312374,541320,step,1427,456,154,RUNNING,10,0,10,RUNNING,RUNNING,RUNNING,134,1292,1426,78.95,923.37,true
1780852312813,541759,step,1428,439,136,WALKING,9,1,10,RUNNING,RUNNING,RUNNING,134,1293,1427,78.95,926.09,true
1780852313235,542181,step,1429,422,142,WALKING,8,2,10,RUNNING,RUNNING,RUNNING,134,1294,1428,78.95,926.09,true
1780852313572,542518,step,1430,337,142,WALKING,7,3,10,RUNNING,RUNNING,RUNNING,134,1295,1429,78.95,928.47,true
1780852313843,542789,step,1431,271,142,WALKING,6,4,10,RUNNING,RUNNING,RUNNING,134,1296,1430,78.95,928.47,true
1780852314113,543059,step,1432,270,178,RUNNING,6,4,10,RUNNING,RUNNING,RUNNING,134,1297,1431,78.95,928.47,true
1780852314400,543346,step,1433,287,209,RUNNING,6,4,10,RUNNING,RUNNING,RUNNING,134,1298,1432,78.95,930.38,true
1780852314670,543616,step,1434,270,221,RUNNING,6,4,10,RUNNING,RUNNING,RUNNING,134,1299,1433,78.95,930.38,true
1780852314940,543886,step,1435,270,222,RUNNING,6,4,10,RUNNING,RUNNING,RUNNING,134,1300,1434,78.95,930.38,true
1780852315227,544173,step,1436,287,222,RUNNING,6,4,10,RUNNING,RUNNING,RUNNING,134,1301,1435,78.95,930.38,true
1780852315548,544494,step,1437,321,209,RUNNING,6,4,10,RUNNING,RUNNING,RUNNING,134,1302,1436,78.95,931.70,true
1780852315784,544730,step,1438,236,222,RUNNING,7,3,10,RUNNING,RUNNING,RUNNING,134,1303,1437,78.95,931.70,true
1780852316156,545102,step,1439,372,209,RUNNING,8,2,10,RUNNING,RUNNING,RUNNING,134,1304,1438,78.95,931.70,true
1780852316628,545574,step,1440,472,186,RUNNING,9,1,10,RUNNING,RUNNING,RUNNING,134,1305,1439,78.95,931.70,true
1780852317000,545946,step,1441,372,161,RUNNING,10,0,10,RUNNING,RUNNING,RUNNING,134,1306,1440,78.95,931.70,true
1780852317270,546216,step,1442,270,161,RUNNING,10,0,10,RUNNING,RUNNING,RUNNING,134,1307,1441,78.95,931.70,true
1780852317574,546520,step,1443,304,161,RUNNING,10,0,10,RUNNING,RUNNING,RUNNING,134,1308,1442,78.95,933.42,true
1780852317878,546824,step,1444,304,197,RUNNING,10,0,10,RUNNING,RUNNING,RUNNING,134,1309,1443,78.95,933.42,true
1780852318367,547313,step,1445,489,197,RUNNING,10,0,10,RUNNING,RUNNING,RUNNING,134,1310,1444,78.95,933.42,true
1780852318823,547769,step,1446,456,197,RUNNING,10,0,10,RUNNING,RUNNING,RUNNING,134,1311,1445,78.95,936.07,true
1780852319245,548191,step,1447,422,142,WALKING,9,1,10,RUNNING,RUNNING,RUNNING,134,1312,1446,78.95,936.07,true
1780852319634,548580,step,1448,389,142,WALKING,8,2,10,RUNNING,RUNNING,RUNNING,134,1313,1447,78.95,938.50,true
1780852319921,548867,step,1449,287,142,WALKING,7,3,10,RUNNING,RUNNING,RUNNING,134,1314,1448,78.95,938.50,true
1780852320208,549154,step,1450,287,154,RUNNING,7,3,10,RUNNING,RUNNING,RUNNING,134,1315,1449,78.95,938.50,true
1780852320528,549474,step,1451,320,187,RUNNING,7,3,10,RUNNING,RUNNING,RUNNING,134,1316,1450,78.95,940.08,true
1780852320799,549745,step,1452,271,209,RUNNING,7,3,10,RUNNING,RUNNING,RUNNING,134,1317,1451,78.95,940.08,true
1780852321187,550133,step,1453,388,209,RUNNING,7,3,10,RUNNING,RUNNING,RUNNING,134,1318,1452,78.95,940.08,true
1780852321508,550454,step,1454,321,187,RUNNING,7,3,10,RUNNING,RUNNING,RUNNING,134,1319,1453,78.95,940.08,true
1780852321896,550842,step,1455,388,186,RUNNING,7,3,10,RUNNING,RUNNING,RUNNING,134,1320,1454,78.95,940.08,true
1780852322301,551247,step,1456,405,154,RUNNING,7,3,10,RUNNING,RUNNING,RUNNING,134,1321,1455,78.95,940.08,true
1780852322774,551720,step,1457,473,154,RUNNING,8,2,10,RUNNING,RUNNING,RUNNING,134,1322,1456,78.95,940.08,true
1780852323078,552024,step,1458,304,154,RUNNING,9,1,10,RUNNING,RUNNING,RUNNING,134,1323,1457,78.95,940.08,true
1780852323348,552294,step,1459,270,154,RUNNING,10,0,10,RUNNING,RUNNING,RUNNING,134,1324,1458,78.95,940.08,true
1780852323635,552581,step,1460,287,197,RUNNING,10,0,10,RUNNING,RUNNING,RUNNING,134,1325,1459,78.95,941.69,true
1780852324108,553054,step,1461,473,197,RUNNING,10,0,10,RUNNING,RUNNING,RUNNING,134,1326,1460,78.95,941.69,true
1780852324496,553442,step,1462,388,197,RUNNING,10,0,10,RUNNING,RUNNING,RUNNING,134,1327,1461,78.95,943.67,true
1780852324969,553915,step,1463,473,154,RUNNING,10,0,10,RUNNING,RUNNING,RUNNING,134,1328,1462,78.95,943.67,true
1780852325374,554320,step,1464,405,148,WALKING,9,1,10,RUNNING,RUNNING,RUNNING,134,1329,1463,78.95,943.67,true
1780852325695,554641,step,1465,321,148,WALKING,8,2,10,RUNNING,RUNNING,RUNNING,134,1330,1464,78.95,945.69,true
1780852325999,554945,step,1466,304,154,RUNNING,8,2,10,RUNNING,RUNNING,RUNNING,134,1331,1465,78.95,945.69,true
1780852326303,555249,step,1467,304,186,RUNNING,8,2,10,RUNNING,RUNNING,RUNNING,134,1332,1466,78.95,945.69,true
1780852326742,555688,step,1468,439,186,RUNNING,8,2,10,RUNNING,RUNNING,RUNNING,134,1333,1467,78.95,946.89,true
1780852327029,555975,step,1469,287,197,RUNNING,8,2,10,RUNNING,RUNNING,RUNNING,134,1334,1468,78.95,946.89,true
1780852327299,556245,step,1470,270,197,RUNNING,8,2,10,RUNNING,RUNNING,RUNNING,134,1335,1469,78.95,946.89,true
1780852327620,556566,step,1471,321,197,RUNNING,8,2,10,RUNNING,RUNNING,RUNNING,134,1336,1470,78.95,947.46,true
1780852327974,556920,step,1472,354,186,RUNNING,8,2,10,RUNNING,RUNNING,RUNNING,134,1337,1471,78.95,947.46,true
1780852328211,557157,step,1473,237,209,RUNNING,8,2,10,RUNNING,RUNNING,RUNNING,134,1338,1472,78.95,947.46,true
1780852328464,557410,step,1474,253,222,RUNNING,9,1,10,RUNNING,RUNNING,RUNNING,134,1339,1473,78.95,948.14,true
1780852328751,557697,step,1475,287,209,RUNNING,10,0,10,RUNNING,RUNNING,RUNNING,134,1340,1474,78.95,948.14,true
1780852329089,558035,step,1476,338,209,RUNNING,10,0,10,RUNNING,RUNNING,RUNNING,134,1341,1475,78.95,948.14,true
1780852329359,558305,step,1477,270,222,RUNNING,10,0,10,RUNNING,RUNNING,RUNNING,134,1342,1476,78.95,948.14,true
1780852329663,558609,step,1478,304,209,RUNNING,10,0,10,RUNNING,RUNNING,RUNNING,134,1343,1477,78.95,950.00,true
1780852329899,558845,step,1479,236,209,RUNNING,10,0,10,RUNNING,RUNNING,RUNNING,134,1344,1478,78.95,950.00,true
1780852330237,559183,step,1480,338,197,RUNNING,10,0,10,RUNNING,RUNNING,RUNNING,134,1345,1479,78.95,950.00,true
1780852330591,559537,step,1481,354,197,RUNNING,10,0,10,RUNNING,RUNNING,RUNNING,134,1346,1480,78.95,952.35,true
1780852330828,559774,step,1482,237,197,RUNNING,10,0,10,RUNNING,RUNNING,RUNNING,134,1347,1481,78.95,952.35,true
1780852331098,560044,step,1483,270,222,RUNNING,10,0,10,RUNNING,RUNNING,RUNNING,134,1348,1482,78.95,952.35,true
1780852331368,560314,step,1484,270,222,RUNNING,10,0,10,RUNNING,RUNNING,RUNNING,134,1349,1483,78.95,952.35,true
1780852331655,560601,step,1485,287,222,RUNNING,10,0,10,RUNNING,RUNNING,RUNNING,134,1350,1484,78.95,954.73,true
1780852331993,560939,step,1486,338,222,RUNNING,10,0,10,RUNNING,RUNNING,RUNNING,134,1351,1485,78.95,954.73,true
1780852332314,561260,step,1487,321,209,RUNNING,10,0,10,RUNNING,RUNNING,RUNNING,134,1352,1486,78.95,954.73,true
1780852332550,561496,step,1488,236,209,RUNNING,10,0,10,RUNNING,RUNNING,RUNNING,134,1353,1487,78.95,956.87,true
1780852332820,561766,step,1489,270,209,RUNNING,10,0,10,RUNNING,RUNNING,RUNNING,134,1354,1488,78.95,956.87,true
1780852333192,562138,step,1490,372,186,RUNNING,10,0,10,RUNNING,RUNNING,RUNNING,134,1355,1489,78.95,956.87,true
1780852333512,562458,step,1491,320,187,RUNNING,10,0,10,RUNNING,RUNNING,RUNNING,134,1356,1490,78.95,958.63,true
1780852333816,562762,step,1492,304,197,RUNNING,10,0,10,RUNNING,RUNNING,RUNNING,134,1357,1491,78.95,958.63,true
1780852334053,562999,step,1493,237,197,RUNNING,10,0,10,RUNNING,RUNNING,RUNNING,134,1358,1492,78.95,958.63,true
1780852334323,563269,step,1494,270,197,RUNNING,10,0,10,RUNNING,RUNNING,RUNNING,134,1359,1493,78.95,958.63,true
1780852334593,563539,step,1495,270,222,RUNNING,10,0,10,RUNNING,RUNNING,RUNNING,134,1360,1494,78.95,960.02,true
1780852334897,563843,step,1496,304,222,RUNNING,10,0,10,RUNNING,RUNNING,RUNNING,134,1361,1495,78.95,960.02,true
1780852335150,564096,step,1497,253,222,RUNNING,10,0,10,RUNNING,RUNNING,RUNNING,134,1362,1496,78.95,960.02,true
1780852335437,564383,step,1498,287,222,RUNNING,10,0,10,RUNNING,RUNNING,RUNNING,134,1363,1497,78.95,961.93,true
1780852335707,564653,step,1499,270,222,RUNNING,10,0,10,RUNNING,RUNNING,RUNNING,134,1364,1498,78.95,961.93,true
1780852336146,565092,step,1500,439,209,RUNNING,10,0,10,RUNNING,RUNNING,RUNNING,134,1365,1499,78.95,961.93,true
1780852336535,565481,step,1501,389,209,RUNNING,10,0,10,RUNNING,RUNNING,RUNNING,134,1366,1500,78.95,964.80,true
1780852336889,565835,step,1502,354,169,RUNNING,10,0,10,RUNNING,RUNNING,RUNNING,134,1367,1501,78.95,964.80,true
1780852337328,566274,step,1503,439,154,RUNNING,10,0,10,RUNNING,RUNNING,RUNNING,134,1368,1502,78.95,964.80,true
1780852337683,566629,step,1504,355,154,RUNNING,10,0,10,RUNNING,RUNNING,RUNNING,134,1369,1503,78.95,968.14,true
1780852338122,567068,step,1505,439,154,RUNNING,10,0,10,RUNNING,RUNNING,RUNNING,134,1370,1504,78.95,968.14,true
1780852338544,567490,step,1506,422,142,WALKING,9,1,10,RUNNING,RUNNING,RUNNING,134,1371,1505,78.95,971.55,true
1780852338915,567861,step,1507,371,142,WALKING,8,2,10,RUNNING,RUNNING,RUNNING,134,1372,1506,78.95,971.55,true
1780852339236,568182,step,1508,321,161,RUNNING,8,2,10,RUNNING,RUNNING,RUNNING,134,1373,1507,78.95,971.55,true
1780852339675,568621,step,1509,439,142,WALKING,7,3,10,RUNNING,RUNNING,RUNNING,134,1374,1508,78.95,974.89,true
1780852339911,568857,step,1510,236,161,RUNNING,7,3,10,RUNNING,RUNNING,RUNNING,134,1375,1509,78.95,974.89,true
1780852340148,569094,step,1511,237,186,RUNNING,7,3,10,RUNNING,RUNNING,RUNNING,134,1376,1510,78.95,974.89,true
1780852340553,569499,step,1512,405,186,RUNNING,7,3,10,RUNNING,RUNNING,RUNNING,134,1377,1511,78.95,978.23,true
1780852340992,569938,step,1513,439,148,WALKING,6,4,10,RUNNING,RUNNING,RUNNING,134,1378,1512,78.95,978.23,true
1780852341364,570310,step,1514,372,161,RUNNING,6,4,10,RUNNING,RUNNING,RUNNING,134,1379,1513,78.95,978.23,true
1780852341785,570731,step,1515,421,148,WALKING,5,5,10,RUNNING,RUNNING,RUNNING,134,1380,1514,78.95,981.49,true
1780852342072,571018,step,1516,287,148,WALKING,5,5,10,RUNNING,RUNNING,RUNNING,134,1381,1515,78.95,981.49,true
1780852342309,571255,step,1517,237,161,RUNNING,6,4,10,RUNNING,RUNNING,RUNNING,134,1382,1516,78.95,981.49,true
1780852342545,571491,step,1518,236,209,RUNNING,6,4,10,RUNNING,RUNNING,RUNNING,134,1383,1517,78.95,984.50,true
1780852342967,571913,step,1519,422,209,RUNNING,7,3,10,RUNNING,RUNNING,RUNNING,134,1384,1518,78.95,984.50,true
1780852343339,572285,step,1520,372,209,RUNNING,7,3,10,RUNNING,RUNNING,RUNNING,134,1385,1519,78.95,984.50,true
1780852343778,572724,step,1521,439,161,RUNNING,7,3,10,RUNNING,RUNNING,RUNNING,134,1386,1520,78.95,986.87,true
1780852344200,573146,step,1522,422,142,WALKING,6,4,10,RUNNING,RUNNING,RUNNING,134,1387,1521,78.95,986.87,true
1780852344571,573517,step,1523,371,142,WALKING,6,4,10,RUNNING,RUNNING,RUNNING,134,1388,1522,78.95,989.03,true
1780852344909,573855,step,1524,338,161,RUNNING,6,4,10,RUNNING,RUNNING,RUNNING,134,1389,1523,78.95,989.03,true
1780852345162,574108,step,1525,253,161,RUNNING,7,3,10,RUNNING,RUNNING,RUNNING,134,1390,1524,78.95,989.03,true
1780852345534,574480,step,1526,372,161,RUNNING,8,2,10,RUNNING,RUNNING,RUNNING,134,1391,1525,78.95,991.16,true
1780852345787,574733,step,1527,253,177,RUNNING,8,2,10,RUNNING,RUNNING,RUNNING,134,1392,1526,78.95,991.16,true
1780852346175,575121,step,1528,388,177,RUNNING,8,2,10,RUNNING,RUNNING,RUNNING,134,1393,1527,78.95,991.16,true
1780852346513,575459,step,1529,338,177,RUNNING,8,2,10,RUNNING,RUNNING,RUNNING,134,1394,1528,78.95,993.28,true
1780852346969,575915,step,1530,456,161,RUNNING,8,2,10,RUNNING,RUNNING,RUNNING,134,1395,1529,78.95,993.28,true
1780852347323,576269,step,1531,354,169,RUNNING,8,2,10,RUNNING,RUNNING,RUNNING,134,1396,1530,78.95,993.28,true
1780852347762,576708,step,1532,439,154,RUNNING,9,1,10,RUNNING,RUNNING,RUNNING,134,1397,1531,78.95,995.25,true
1780852348117,577063,step,1533,355,169,RUNNING,10,0,10,RUNNING,RUNNING,RUNNING,134,1398,1532,78.95,995.25,true
1780852348370,577316,step,1534,253,169,RUNNING,10,0,10,RUNNING,RUNNING,RUNNING,134,1399,1533,78.95,995.25,true
1780852348657,577603,step,1535,287,169,RUNNING,10,0,10,RUNNING,RUNNING,RUNNING,134,1400,1534,78.95,997.32,true
1780852348894,577840,step,1536,237,209,RUNNING,10,0,10,RUNNING,RUNNING,RUNNING,134,1401,1535,78.95,997.32,true
1780852349333,578279,step,1537,439,209,RUNNING,10,0,10,RUNNING,RUNNING,RUNNING,134,1402,1536,78.95,997.32,true
1780852349704,578650,step,1538,371,209,RUNNING,10,0,10,RUNNING,RUNNING,RUNNING,134,1403,1537,78.95,999.61,true
1780852349974,578920,step,1539,270,209,RUNNING,10,0,10,RUNNING,RUNNING,RUNNING,134,1404,1538,78.95,999.61,true
1780852350261,579207,step,1540,287,209,RUNNING,10,0,10,RUNNING,RUNNING,RUNNING,134,1405,1539,78.95,999.61,true
1780852350531,579477,step,1541,270,209,RUNNING,10,0,10,RUNNING,RUNNING,RUNNING,134,1406,1540,78.95,1001.87,true
1780852350970,579916,step,1542,439,209,RUNNING,10,0,10,RUNNING,RUNNING,RUNNING,134,1407,1541,78.95,1001.87,true
1780852351376,580322,step,1543,406,209,RUNNING,10,0,10,RUNNING,RUNNING,RUNNING,134,1408,1542,78.95,1001.87,true
1780852351747,580693,step,1544,371,161,RUNNING,10,0,10,RUNNING,RUNNING,RUNNING,134,1409,1543,78.95,1004.13,true
1780852352102,581048,step,1545,355,161,RUNNING,10,0,10,RUNNING,RUNNING,RUNNING,134,1410,1544,78.95,1004.13,true
1780852352524,581470,step,1546,422,147,WALKING,9,1,10,RUNNING,RUNNING,RUNNING,134,1411,1545,78.95,1006.78,true
1780852352861,581807,step,1547,337,161,RUNNING,9,1,10,RUNNING,RUNNING,RUNNING,134,1412,1546,78.95,1006.78,true
1780852353098,582044,step,1548,237,169,RUNNING,9,1,10,RUNNING,RUNNING,RUNNING,134,1413,1547,78.95,1006.78,true
1780852353402,582348,step,1549,304,178,RUNNING,9,1,10,RUNNING,RUNNING,RUNNING,134,1414,1548,78.95,1009.36,true
1780852353638,582584,step,1550,236,197,RUNNING,9,1,10,RUNNING,RUNNING,RUNNING,134,1415,1549,78.95,1009.36,true
1780852354077,583023,step,1551,439,197,RUNNING,9,1,10,RUNNING,RUNNING,RUNNING,134,1416,1550,78.95,1009.36,true
1780852354482,583428,step,1552,405,197,RUNNING,9,1,10,RUNNING,RUNNING,RUNNING,134,1417,1551,78.95,1011.85,true
1780852354854,583800,step,1553,372,161,RUNNING,9,1,10,RUNNING,RUNNING,RUNNING,134,1418,1552,78.95,1011.85,true
1780852355192,584138,step,1554,338,161,RUNNING,9,1,10,RUNNING,RUNNING,RUNNING,134,1419,1553,78.95,1011.85,true
1780852355462,584408,step,1555,270,161,RUNNING,9,1,10,RUNNING,RUNNING,RUNNING,134,1420,1554,78.95,1014.45,true
1780852355732,584678,step,1556,270,177,RUNNING,10,0,10,RUNNING,RUNNING,RUNNING,134,1421,1555,78.95,1014.45,true
1780852355968,584914,step,1557,236,222,RUNNING,10,0,10,RUNNING,RUNNING,RUNNING,134,1422,1556,78.95,1014.45,true
1780852356221,585167,step,1558,253,222,RUNNING,10,0,10,RUNNING,RUNNING,RUNNING,134,1423,1557,78.95,1014.45,true
1780852356475,585421,step,1559,254,236,RUNNING,10,0,10,RUNNING,RUNNING,RUNNING,134,1424,1558,78.95,1017.14,true
1780852356728,585674,step,1560,253,237,RUNNING,10,0,10,RUNNING,RUNNING,RUNNING,134,1425,1559,78.95,1017.14,true
1780852356981,585927,step,1561,253,237,RUNNING,10,0,10,RUNNING,RUNNING,RUNNING,134,1426,1560,78.95,1017.14,true
1780852357218,586164,step,1562,237,237,RUNNING,10,0,10,RUNNING,RUNNING,RUNNING,134,1427,1561,78.95,1017.14,true
1780852357505,586451,step,1563,287,237,RUNNING,10,0,10,RUNNING,RUNNING,RUNNING,134,1428,1562,78.95,1019.70,true
1780852357741,586687,step,1564,236,237,RUNNING,10,0,10,RUNNING,RUNNING,RUNNING,134,1429,1563,78.95,1019.70,true
1780852358079,587025,step,1565,338,237,RUNNING,10,0,10,RUNNING,RUNNING,RUNNING,134,1430,1564,78.95,1019.70,true
1780852358349,587295,step,1566,270,222,RUNNING,10,0,10,RUNNING,RUNNING,RUNNING,134,1431,1565,78.95,1019.70,true
1780852358703,587649,step,1567,354,209,RUNNING,10,0,10,RUNNING,RUNNING,RUNNING,134,1432,1566,78.95,1022.13,true
1780852359058,588004,step,1568,355,177,RUNNING,10,0,10,RUNNING,RUNNING,RUNNING,134,1433,1567,78.95,1022.13,true
1780852359514,588460,step,1569,456,169,RUNNING,10,0,10,RUNNING,RUNNING,RUNNING,134,1434,1568,78.95,1024.45,true
1780852359852,588798,step,1570,338,169,RUNNING,10,0,10,RUNNING,RUNNING,RUNNING,134,1435,1569,78.95,1024.45,true
1780852360291,589237,step,1571,439,169,RUNNING,10,0,10,RUNNING,RUNNING,RUNNING,134,1436,1570,78.95,1024.45,true
1780852360645,589591,step,1572,354,169,RUNNING,10,0,10,RUNNING,RUNNING,RUNNING,134,1437,1571,78.95,1026.63,true
1780852360966,589912,step,1573,321,169,RUNNING,10,0,10,RUNNING,RUNNING,RUNNING,134,1438,1572,78.95,1026.63,true
1780852361202,590148,step,1574,236,177,RUNNING,10,0,10,RUNNING,RUNNING,RUNNING,134,1439,1573,78.95,1026.63,true
1780852361472,590418,step,1575,270,186,RUNNING,10,0,10,RUNNING,RUNNING,RUNNING,134,1440,1574,78.95,1028.69,true
1780852361743,590689,step,1576,271,221,RUNNING,10,0,10,RUNNING,RUNNING,RUNNING,134,1441,1575,78.95,1028.69,true
1780852362013,590959,step,1577,270,222,RUNNING,10,0,10,RUNNING,RUNNING,RUNNING,134,1442,1576,78.95,1028.69,true
1780852362283,591229,step,1578,270,222,RUNNING,10,0,10,RUNNING,RUNNING,RUNNING,134,1443,1577,78.95,1028.69,true
1780852362739,591685,step,1579,456,222,RUNNING,10,0,10,RUNNING,RUNNING,RUNNING,134,1444,1578,78.95,1030.65,true
1780852363076,592022,step,1580,337,221,RUNNING,10,0,10,RUNNING,RUNNING,RUNNING,134,1445,1579,78.95,1030.65,true
1780852363532,592478,step,1581,456,178,RUNNING,10,0,10,RUNNING,RUNNING,RUNNING,134,1446,1580,78.95,1032.69,true
1780852363870,592816,step,1582,338,177,RUNNING,10,0,10,RUNNING,RUNNING,RUNNING,134,1447,1581,78.95,1032.69,true
1780852364106,593052,step,1583,236,177,RUNNING,10,0,10,RUNNING,RUNNING,RUNNING,134,1448,1582,78.95,1032.69,true
1780852364343,593289,step,1584,237,178,RUNNING,10,0,10,RUNNING,RUNNING,RUNNING,134,1449,1583,78.95,1032.69,true
1780852364680,593626,step,1585,337,178,RUNNING,10,0,10,RUNNING,RUNNING,RUNNING,134,1450,1584,78.95,1035.10,true
1780852365136,594082,step,1586,456,178,RUNNING,10,0,10,RUNNING,RUNNING,RUNNING,134,1451,1585,78.95,1035.10,true
1780852365492,594438,step,1587,356,178,RUNNING,10,0,10,RUNNING,RUNNING,RUNNING,134,1452,1586,78.95,1037.80,true
1780852365744,594690,step,1588,252,178,RUNNING,10,0,10,RUNNING,RUNNING,RUNNING,134,1453,1587,78.95,1037.80,true
1780852366065,595011,step,1589,321,178,RUNNING,10,0,10,RUNNING,RUNNING,RUNNING,134,1454,1588,78.95,1037.80,true
1780852366301,595247,step,1590,236,186,RUNNING,10,0,10,RUNNING,RUNNING,RUNNING,134,1455,1589,78.95,1037.80,true
1780852366538,595484,step,1591,237,238,RUNNING,10,0,10,RUNNING,RUNNING,RUNNING,134,1456,1590,78.95,1040.47,true
1780852366842,595788,step,1592,304,238,RUNNING,10,0,10,RUNNING,RUNNING,RUNNING,134,1457,1591,78.95,1040.47,true
1780852367129,596075,step,1593,287,209,RUNNING,10,0,10,RUNNING,RUNNING,RUNNING,134,1458,1592,78.95,1040.47,true
1780852367584,596530,step,1594,455,209,RUNNING,10,0,10,RUNNING,RUNNING,RUNNING,134,1459,1593,78.95,1043.31,true
1780852367956,596902,step,1595,372,197,RUNNING,10,0,10,RUNNING,RUNNING,RUNNING,134,1460,1594,78.95,1043.31,true
1780852368395,597341,step,1596,439,161,RUNNING,10,0,10,RUNNING,RUNNING,RUNNING,134,1461,1595,78.95,1043.31,true
1780852368733,597679,step,1597,338,161,RUNNING,10,0,10,RUNNING,RUNNING,RUNNING,134,1462,1596,78.95,1046.41,true
1780852369070,598016,step,1598,337,161,RUNNING,10,0,10,RUNNING,RUNNING,RUNNING,134,1463,1597,78.95,1046.41,true
1780852369391,598337,step,1599,321,177,RUNNING,10,0,10,RUNNING,RUNNING,RUNNING,134,1464,1598,78.95,1046.41,true
1780852369695,598641,step,1600,304,178,RUNNING,10,0,10,RUNNING,RUNNING,RUNNING,134,1465,1599,78.95,1049.28,true
1780852369965,598911,step,1601,270,186,RUNNING,10,0,10,RUNNING,RUNNING,RUNNING,134,1466,1600,78.95,1049.28,true
1780852370353,599299,step,1602,388,186,RUNNING,10,0,10,RUNNING,RUNNING,RUNNING,134,1467,1601,78.95,1049.28,true
1780852370826,599772,step,1603,473,186,RUNNING,10,0,10,RUNNING,RUNNING,RUNNING,134,1468,1602,78.95,1052.32,true
1780852371181,600127,step,1604,355,169,RUNNING,10,0,10,RUNNING,RUNNING,RUNNING,134,1469,1603,78.95,1052.32,true
1780852371653,600599,step,1605,472,154,RUNNING,10,0,10,RUNNING,RUNNING,RUNNING,134,1470,1604,78.95,1054.31,true
1780852371991,600937,step,1606,338,154,RUNNING,10,0,10,RUNNING,RUNNING,RUNNING,134,1471,1605,78.95,1054.31,true
1780852372228,601174,step,1607,237,169,RUNNING,10,0,10,RUNNING,RUNNING,RUNNING,134,1472,1606,78.95,1054.31,true
1780852372565,601511,step,1608,337,177,RUNNING,10,0,10,RUNNING,RUNNING,RUNNING,134,1473,1607,78.95,1056.01,true
1780852372802,601748,step,1609,237,178,RUNNING,10,0,10,RUNNING,RUNNING,RUNNING,134,1474,1608,78.95,1056.01,true
1780852373038,601984,step,1610,236,253,RUNNING,10,0,10,RUNNING,RUNNING,RUNNING,134,1475,1609,78.95,1056.01,true
1780852373342,602288,step,1611,304,253,RUNNING,10,0,10,RUNNING,RUNNING,RUNNING,134,1476,1610,78.95,1056.01,true
1780852373595,602541,step,1612,253,237,RUNNING,10,0,10,RUNNING,RUNNING,RUNNING,134,1477,1611,78.95,1058.26,true
1780852374051,602997,step,1613,456,237,RUNNING,10,0,10,RUNNING,RUNNING,RUNNING,134,1478,1612,78.95,1058.26,true
1780852374389,603335,step,1614,338,197,RUNNING,10,0,10,RUNNING,RUNNING,RUNNING,134,1479,1613,78.95,1058.26,true
1780852374625,603571,step,1615,236,197,RUNNING,10,0,10,RUNNING,RUNNING,RUNNING,134,1480,1614,78.95,1060.95,true
1780852374861,603807,step,1616,236,237,RUNNING,10,0,10,RUNNING,RUNNING,RUNNING,134,1481,1615,78.95,1060.95,true
1780852375182,604128,step,1617,321,186,RUNNING,10,0,10,RUNNING,RUNNING,RUNNING,134,1482,1616,78.95,1060.95,true
1780852375638,604584,step,1618,456,186,RUNNING,10,0,10,RUNNING,RUNNING,RUNNING,134,1483,1617,78.95,1063.81,true
1780852375993,604939,step,1619,355,186,RUNNING,10,0,10,RUNNING,RUNNING,RUNNING,134,1484,1618,78.95,1063.81,true
1780852376364,605310,step,1620,371,169,RUNNING,10,0,10,RUNNING,RUNNING,RUNNING,134,1485,1619,78.95,1063.81,true
1780852376651,605597,step,1621,287,169,RUNNING,10,0,10,RUNNING,RUNNING,RUNNING,134,1486,1620,78.95,1066.52,true
1780852376921,605867,step,1622,270,169,RUNNING,10,0,10,RUNNING,RUNNING,RUNNING,134,1487,1621,78.95,1066.52,true
1780852377242,606188,step,1623,321,186,RUNNING,10,0,10,RUNNING,RUNNING,RUNNING,134,1488,1622,78.95,1066.52,true
1780852377597,606543,step,1624,355,186,RUNNING,10,0,10,RUNNING,RUNNING,RUNNING,134,1489,1623,78.95,1068.93,true
1780852377850,606796,step,1625,253,209,RUNNING,10,0,10,RUNNING,RUNNING,RUNNING,134,1490,1624,78.95,1068.93,true
1780852378171,607117,step,1626,321,186,RUNNING,10,0,10,RUNNING,RUNNING,RUNNING,134,1491,1625,78.95,1068.93,true
1780852378407,607353,step,1627,236,186,RUNNING,10,0,10,RUNNING,RUNNING,RUNNING,134,1492,1626,78.95,1071.64,true
1780852378660,607606,step,1628,253,237,RUNNING,10,0,10,RUNNING,RUNNING,RUNNING,134,1493,1627,78.95,1071.64,true
1780852378998,607944,step,1629,338,237,RUNNING,10,0,10,RUNNING,RUNNING,RUNNING,134,1494,1628,78.95,1071.64,true
1780852379268,608214,step,1630,270,222,RUNNING,10,0,10,RUNNING,RUNNING,RUNNING,134,1495,1629,78.95,1071.64,true
1780852379623,608569,step,1631,355,222,RUNNING,10,0,10,RUNNING,RUNNING,RUNNING,134,1496,1630,78.95,1074.29,true
1780852379943,608889,step,1632,320,187,RUNNING,10,0,10,RUNNING,RUNNING,RUNNING,134,1497,1631,78.95,1074.29,true
1780852380247,609193,step,1633,304,187,RUNNING,10,0,10,RUNNING,RUNNING,RUNNING,134,1498,1632,78.95,1074.29,true
1780852380568,609514,step,1634,321,187,RUNNING,10,0,10,RUNNING,RUNNING,RUNNING,134,1499,1633,78.95,1077.06,true
1780852380838,609784,step,1635,270,187,RUNNING,10,0,10,RUNNING,RUNNING,RUNNING,134,1500,1634,78.95,1077.06,true
1780852381227,610173,step,1636,389,187,RUNNING,10,0,10,RUNNING,RUNNING,RUNNING,134,1501,1635,78.95,1077.06,true
1780852381564,610510,step,1637,337,186,RUNNING,10,0,10,RUNNING,RUNNING,RUNNING,134,1502,1636,78.95,1079.74,true
1780852382020,610966,step,1638,456,178,RUNNING,10,0,10,RUNNING,RUNNING,RUNNING,134,1503,1637,78.95,1079.74,true
1780852382375,611321,step,1639,355,169,RUNNING,10,0,10,RUNNING,RUNNING,RUNNING,134,1504,1638,78.95,1079.74,true
1780852382831,611777,step,1640,456,154,RUNNING,10,0,10,RUNNING,RUNNING,RUNNING,134,1505,1639,78.95,1082.28,true
1780852383185,612131,step,1641,354,169,RUNNING,10,0,10,RUNNING,RUNNING,RUNNING,134,1506,1640,78.95,1082.28,true
1780852383624,612570,step,1642,439,136,WALKING,9,1,10,RUNNING,RUNNING,RUNNING,134,1507,1641,78.95,1084.79,true
1780852383979,612925,step,1643,355,169,RUNNING,9,1,10,RUNNING,RUNNING,RUNNING,134,1508,1642,78.95,1084.79,true
1780852384435,613381,step,1644,456,136,WALKING,8,2,10,RUNNING,RUNNING,RUNNING,134,1509,1643,78.95,1087.31,true
1780852384772,613718,step,1645,337,169,RUNNING,8,2,10,RUNNING,RUNNING,RUNNING,134,1510,1644,78.95,1087.31,true
1780852385009,613955,step,1646,237,169,RUNNING,8,2,10,RUNNING,RUNNING,RUNNING,134,1511,1645,78.95,1087.31,true
1780852385313,614259,step,1647,304,178,RUNNING,8,2,10,RUNNING,RUNNING,RUNNING,134,1512,1646,78.95,1087.31,true
1780852385617,614563,step,1648,304,197,RUNNING,8,2,10,RUNNING,RUNNING,RUNNING,134,1513,1647,78.95,1089.92,true
1780852385971,614917,step,1649,354,197,RUNNING,8,2,10,RUNNING,RUNNING,RUNNING,134,1514,1648,78.95,1089.92,true
1780852386343,615289,step,1650,372,197,RUNNING,8,2,10,RUNNING,RUNNING,RUNNING,134,1515,1649,78.95,1089.92,true
1780852386630,615576,step,1651,287,197,RUNNING,8,2,10,RUNNING,RUNNING,RUNNING,134,1516,1650,78.95,1092.53,true
1780852386934,615880,step,1652,304,197,RUNNING,9,1,10,RUNNING,RUNNING,RUNNING,134,1517,1651,78.95,1092.53,true
1780852387187,616133,step,1653,253,197,RUNNING,9,1,10,RUNNING,RUNNING,RUNNING,134,1518,1652,78.95,1092.53,true
1780852387457,616403,step,1654,270,209,RUNNING,10,0,10,RUNNING,RUNNING,RUNNING,134,1519,1653,78.95,1095.42,true
1780852387710,616656,step,1655,253,222,RUNNING,10,0,10,RUNNING,RUNNING,RUNNING,134,1520,1654,78.95,1095.42,true
1780852387997,616943,step,1656,287,222,RUNNING,10,0,10,RUNNING,RUNNING,RUNNING,134,1521,1655,78.95,1095.42,true
1780852388251,617197,step,1657,254,236,RUNNING,10,0,10,RUNNING,RUNNING,RUNNING,134,1522,1656,78.95,1095.42,true
1780852388487,617433,step,1658,236,236,RUNNING,10,0,10,RUNNING,RUNNING,RUNNING,134,1523,1657,78.95,1098.41,true
1780852388723,617669,step,1659,236,237,RUNNING,10,0,10,RUNNING,RUNNING,RUNNING,134,1524,1658,78.95,1098.41,true
1780852389027,617973,step,1660,304,236,RUNNING,10,0,10,RUNNING,RUNNING,RUNNING,134,1525,1659,78.95,1098.41,true
1780852389517,618463,step,1661,490,236,RUNNING,10,0,10,RUNNING,RUNNING,RUNNING,134,1526,1660,78.95,1101.21,true
1780852389973,618919,step,1662,456,197,RUNNING,10,0,10,RUNNING,RUNNING,RUNNING,134,1527,1661,78.95,1101.21,true
1780852390310,619256,step,1663,337,178,RUNNING,10,0,10,RUNNING,RUNNING,RUNNING,134,1528,1662,78.95,1101.21,true
1780852390648,619594,step,1664,338,177,RUNNING,10,0,10,RUNNING,RUNNING,RUNNING,134,1529,1663,78.95,1103.98,true
1780852390969,619915,step,1665,321,177,RUNNING,10,0,10,RUNNING,RUNNING,RUNNING,134,1530,1664,78.95,1103.98,true
1780852391290,620236,step,1666,321,178,RUNNING,10,0,10,RUNNING,RUNNING,RUNNING,134,1531,1665,78.95,1103.98,true
1780852391526,620472,step,1667,236,186,RUNNING,10,0,10,RUNNING,RUNNING,RUNNING,134,1532,1666,78.95,1106.77,true
1780852391864,620810,step,1668,338,186,RUNNING,10,0,10,RUNNING,RUNNING,RUNNING,134,1533,1667,78.95,1106.77,true
1780852392134,621080,step,1669,270,186,RUNNING,10,0,10,RUNNING,RUNNING,RUNNING,134,1534,1668,78.95,1106.77,true
1780852392506,621452,step,1670,372,186,RUNNING,10,0,10,RUNNING,RUNNING,RUNNING,134,1535,1669,78.95,1109.71,true
1780852392759,621705,step,1671,253,222,RUNNING,10,0,10,RUNNING,RUNNING,RUNNING,134,1536,1670,78.95,1109.71,true
1780852393012,621958,step,1672,253,222,RUNNING,10,0,10,RUNNING,RUNNING,RUNNING,134,1537,1671,78.95,1109.71,true
1780852393417,622363,step,1673,405,222,RUNNING,10,0,10,RUNNING,RUNNING,RUNNING,134,1538,1672,78.95,1112.76,true
1780852393856,622802,step,1674,439,161,RUNNING,10,0,10,RUNNING,RUNNING,RUNNING,134,1539,1673,78.95,1112.76,true
1780852394093,623039,step,1675,237,237,RUNNING,10,0,10,RUNNING,RUNNING,RUNNING,134,1540,1674,78.95,1112.76,true
1780852394430,623376,step,1676,337,178,RUNNING,10,0,10,RUNNING,RUNNING,RUNNING,134,1541,1675,78.95,1115.78,true
1780852394717,623663,step,1677,287,178,RUNNING,10,0,10,RUNNING,RUNNING,RUNNING,134,1542,1676,78.95,1115.78,true
1780852395055,624001,step,1678,338,178,RUNNING,10,0,10,RUNNING,RUNNING,RUNNING,134,1543,1677,78.95,1115.78,true
1780852395308,624254,step,1679,253,209,RUNNING,10,0,10,RUNNING,RUNNING,RUNNING,134,1544,1678,78.95,1115.78,true
1780852395663,624609,step,1680,355,178,RUNNING,10,0,10,RUNNING,RUNNING,RUNNING,134,1545,1679,78.95,1118.89,true
1780852395916,624862,step,1681,253,209,RUNNING,10,0,10,RUNNING,RUNNING,RUNNING,134,1546,1680,78.95,1118.89,true
1780852396321,625267,step,1682,405,177,RUNNING,10,0,10,RUNNING,RUNNING,RUNNING,134,1547,1681,78.95,1118.89,true
1780852396592,625538,step,1683,271,221,RUNNING,10,0,10,RUNNING,RUNNING,RUNNING,134,1548,1682,78.95,1121.91,true
1780852396828,625774,step,1684,236,221,RUNNING,10,0,10,RUNNING,RUNNING,RUNNING,134,1549,1683,78.95,1121.91,true
1780852397115,626061,step,1685,287,221,RUNNING,10,0,10,RUNNING,RUNNING,RUNNING,134,1550,1684,78.95,1121.91,true
1780852397470,626416,step,1686,355,209,RUNNING,10,0,10,RUNNING,RUNNING,RUNNING,134,1551,1685,78.95,1124.77,true
1780852397740,626686,step,1687,270,221,RUNNING,10,0,10,RUNNING,RUNNING,RUNNING,134,1552,1686,78.95,1124.77,true
1780852398027,626973,step,1688,287,209,RUNNING,10,0,10,RUNNING,RUNNING,RUNNING,134,1553,1687,78.95,1124.77,true
1780852398314,627260,step,1689,287,209,RUNNING,10,0,10,RUNNING,RUNNING,RUNNING,134,1554,1688,78.95,1124.77,true
1780852398601,627547,step,1690,287,209,RUNNING,10,0,10,RUNNING,RUNNING,RUNNING,134,1555,1689,78.95,1127.27,true
1780852398854,627800,step,1691,253,209,RUNNING,10,0,10,RUNNING,RUNNING,RUNNING,134,1556,1690,78.95,1127.27,true
1780852399175,628121,step,1692,321,209,RUNNING,10,0,10,RUNNING,RUNNING,RUNNING,134,1557,1691,78.95,1127.27,true
1780852399580,628526,step,1693,405,209,RUNNING,10,0,10,RUNNING,RUNNING,RUNNING,134,1558,1692,78.95,1129.28,true
1780852399918,628864,step,1694,338,186,RUNNING,10,0,10,RUNNING,RUNNING,RUNNING,134,1559,1693,78.95,1129.28,true
1780852400154,629100,step,1695,236,186,RUNNING,10,0,10,RUNNING,RUNNING,RUNNING,134,1560,1694,78.95,1129.28,true
1780852400509,629455,step,1696,355,177,RUNNING,10,0,10,RUNNING,RUNNING,RUNNING,134,1561,1695,78.95,1131.23,true
1780852400762,629708,step,1697,253,177,RUNNING,10,0,10,RUNNING,RUNNING,RUNNING,134,1562,1696,78.95,1131.23,true
1780852400999,629945,step,1698,237,237,RUNNING,10,0,10,RUNNING,RUNNING,RUNNING,134,1563,1697,78.95,1131.23,true
1780852401319,630265,step,1699,320,237,RUNNING,10,0,10,RUNNING,RUNNING,RUNNING,134,1564,1698,78.95,1131.23,true
1780852401573,630519,step,1700,254,236,RUNNING,10,0,10,RUNNING,RUNNING,RUNNING,134,1565,1699,78.95,1133.16,true
1780852401826,630772,step,1701,253,237,RUNNING,10,0,10,RUNNING,RUNNING,RUNNING,134,1566,1700,78.95,1133.16,true
1780852402113,631059,step,1702,287,236,RUNNING,10,0,10,RUNNING,RUNNING,RUNNING,134,1567,1701,78.95,1133.16,true
1780852402349,631295,step,1703,236,236,RUNNING,10,0,10,RUNNING,RUNNING,RUNNING,134,1568,1702,78.95,1133.16,true
1780852402670,631616,step,1704,321,236,RUNNING,10,0,10,RUNNING,RUNNING,RUNNING,134,1569,1703,78.95,1135.12,true
1780852402906,631852,step,1705,236,237,RUNNING,10,0,10,RUNNING,RUNNING,RUNNING,134,1570,1704,78.95,1135.12,true
1780852403160,632106,step,1706,254,236,RUNNING,10,0,10,RUNNING,RUNNING,RUNNING,134,1571,1705,78.95,1135.12,true
1780852403413,632359,step,1707,253,237,RUNNING,10,0,10,RUNNING,RUNNING,RUNNING,134,1572,1706,78.95,1137.14,true
1780852403649,632595,step,1708,236,237,RUNNING,10,0,10,RUNNING,RUNNING,RUNNING,134,1573,1707,78.95,1137.14,true
1780852403920,632866,step,1709,271,237,RUNNING,10,0,10,RUNNING,RUNNING,RUNNING,134,1574,1708,78.95,1137.14,true
1780852404308,633254,step,1710,388,236,RUNNING,10,0,10,RUNNING,RUNNING,RUNNING,134,1575,1709,78.95,1137.14,true
1780852404561,633507,step,1711,253,237,RUNNING,10,0,10,RUNNING,RUNNING,RUNNING,134,1576,1710,78.95,1139.06,true
1780852404798,633744,step,1712,237,237,RUNNING,10,0,10,RUNNING,RUNNING,RUNNING,134,1577,1711,78.95,1139.06,true
1780852405101,634047,step,1713,303,221,RUNNING,10,0,10,RUNNING,RUNNING,RUNNING,134,1578,1712,78.95,1139.06,true
1780852405524,634470,step,1714,423,198,RUNNING,10,0,10,RUNNING,RUNNING,RUNNING,134,1579,1713,78.95,1141.04,true
1780852405827,634773,step,1715,303,198,RUNNING,10,0,10,RUNNING,RUNNING,RUNNING,134,1580,1714,78.95,1141.04,true
1780852406064,635010,step,1716,237,198,RUNNING,10,0,10,RUNNING,RUNNING,RUNNING,134,1581,1715,78.95,1141.04,true
1780852406334,635280,step,1717,270,198,RUNNING,10,0,10,RUNNING,RUNNING,RUNNING,134,1582,1716,78.95,1141.04,true
1780852406604,635550,step,1718,270,222,RUNNING,10,0,10,RUNNING,RUNNING,RUNNING,134,1583,1717,78.95,1143.07,true
1780852406857,635803,step,1719,253,222,RUNNING,10,0,10,RUNNING,RUNNING,RUNNING,134,1584,1718,78.95,1143.07,true
1780852407128,636074,step,1720,271,222,RUNNING,10,0,10,RUNNING,RUNNING,RUNNING,134,1585,1719,78.95,1143.07,true
1780852407364,636310,step,1721,236,222,RUNNING,10,0,10,RUNNING,RUNNING,RUNNING,134,1586,1720,78.95,1143.07,true
1780852407617,636563,step,1722,253,237,RUNNING,10,0,10,RUNNING,RUNNING,RUNNING,134,1587,1721,78.95,1145.07,true
1780852407854,636800,step,1723,237,237,RUNNING,10,0,10,RUNNING,RUNNING,RUNNING,134,1588,1722,78.95,1145.07,true
1780852408310,637256,step,1724,456,237,RUNNING,10,0,10,RUNNING,RUNNING,RUNNING,134,1589,1723,78.95,1145.07,true
1780852408647,637593,step,1725,337,237,RUNNING,10,0,10,RUNNING,RUNNING,RUNNING,134,1590,1724,78.95,1146.96,true
1780852408900,637846,step,1726,253,237,RUNNING,10,0,10,RUNNING,RUNNING,RUNNING,134,1591,1725,78.95,1146.96,true
1780852409221,638167,step,1727,321,186,RUNNING,10,0,10,RUNNING,RUNNING,RUNNING,134,1592,1726,78.95,1146.96,true
1780852409508,638454,step,1728,287,186,RUNNING,10,0,10,RUNNING,RUNNING,RUNNING,134,1593,1727,78.95,1148.52,true
1780852409880,638826,step,1729,372,186,RUNNING,10,0,10,RUNNING,RUNNING,RUNNING,134,1594,1728,78.95,1148.52,true
1780852410116,639062,step,1730,236,209,RUNNING,10,0,10,RUNNING,RUNNING,RUNNING,134,1595,1729,78.95,1148.52,true
1780852410386,639332,step,1731,270,209,RUNNING,10,0,10,RUNNING,RUNNING,RUNNING,134,1596,1730,78.95,1148.52,true
1780852410656,639602,step,1732,270,222,RUNNING,10,0,10,RUNNING,RUNNING,RUNNING,134,1597,1731,78.95,1149.99,true
1780852410994,639940,step,1733,338,222,RUNNING,10,0,10,RUNNING,RUNNING,RUNNING,134,1598,1732,78.95,1149.99,true
1780852411281,640227,step,1734,287,222,RUNNING,10,0,10,RUNNING,RUNNING,RUNNING,134,1599,1733,78.95,1149.99,true
1780852411636,640582,step,1735,355,209,RUNNING,10,0,10,RUNNING,RUNNING,RUNNING,134,1600,1734,78.95,1151.90,true
1780852411923,640869,step,1736,287,209,RUNNING,10,0,10,RUNNING,RUNNING,RUNNING,134,1601,1735,78.95,1151.90,true
1780852412244,641190,step,1737,321,186,RUNNING,10,0,10,RUNNING,RUNNING,RUNNING,134,1602,1736,78.95,1151.90,true
1780852412548,641494,step,1738,304,197,RUNNING,10,0,10,RUNNING,RUNNING,RUNNING,134,1603,1737,78.95,1154.20,true
1780852412885,641831,step,1739,337,186,RUNNING,10,0,10,RUNNING,RUNNING,RUNNING,134,1604,1738,78.95,1154.20,true
1780852413189,642135,step,1740,304,197,RUNNING,10,0,10,RUNNING,RUNNING,RUNNING,134,1605,1739,78.95,1154.20,true
1780852413561,642507,step,1741,372,186,RUNNING,10,0,10,RUNNING,RUNNING,RUNNING,134,1606,1740,78.95,1156.64,true
1780852413814,642760,step,1742,253,197,RUNNING,10,0,10,RUNNING,RUNNING,RUNNING,134,1607,1741,78.95,1156.64,true
1780852414135,643081,step,1743,321,186,RUNNING,10,0,10,RUNNING,RUNNING,RUNNING,134,1608,1742,78.95,1156.64,true
1780852414557,643503,step,1744,422,186,RUNNING,10,0,10,RUNNING,RUNNING,RUNNING,134,1609,1743,78.95,1159.19,true
1780852414928,643874,step,1745,371,161,RUNNING,10,0,10,RUNNING,RUNNING,RUNNING,134,1610,1744,78.95,1159.19,true
1780852415165,644111,step,1746,237,186,RUNNING,10,0,10,RUNNING,RUNNING,RUNNING,134,1611,1745,78.95,1159.19,true
1780852415469,644415,step,1747,304,186,RUNNING,10,0,10,RUNNING,RUNNING,RUNNING,134,1612,1746,78.95,1161.97,true
1780852415722,644668,step,1748,253,197,RUNNING,10,0,10,RUNNING,RUNNING,RUNNING,134,1613,1747,78.95,1161.97,true
1780852416178,645124,step,1749,456,197,RUNNING,10,0,10,RUNNING,RUNNING,RUNNING,134,1614,1748,78.95,1161.97,true
1780852416515,645461,step,1750,337,197,RUNNING,10,0,10,RUNNING,RUNNING,RUNNING,134,1615,1749,78.95,1164.87,true
1780852416988,645934,step,1751,473,178,RUNNING,10,0,10,RUNNING,RUNNING,RUNNING,134,1616,1750,78.95,1164.87,true
1780852417225,646171,step,1752,237,178,RUNNING,10,0,10,RUNNING,RUNNING,RUNNING,134,1617,1751,78.95,1164.87,true
1780852417512,646458,step,1753,287,178,RUNNING,10,0,10,RUNNING,RUNNING,RUNNING,134,1618,1752,78.95,1167.66,true
1780852417815,646761,step,1754,303,198,RUNNING,10,0,10,RUNNING,RUNNING,RUNNING,134,1619,1753,78.95,1167.66,true
1780852418170,647116,step,1755,355,198,RUNNING,10,0,10,RUNNING,RUNNING,RUNNING,134,1620,1754,78.95,1167.66,true
1780852418677,647623,step,1756,507,198,RUNNING,10,0,10,RUNNING,RUNNING,RUNNING,134,1621,1755,78.95,1170.09,true
1780852419014,647960,step,1757,337,178,RUNNING,10,0,10,RUNNING,RUNNING,RUNNING,134,1622,1756,78.95,1170.09,true
1780852419267,648213,step,1758,253,178,RUNNING,10,0,10,RUNNING,RUNNING,RUNNING,134,1623,1757,78.95,1170.09,true
1780852419521,648467,step,1759,254,178,RUNNING,10,0,10,RUNNING,RUNNING,RUNNING,134,1624,1758,78.95,1171.93,true
1780852419842,648788,step,1760,321,186,RUNNING,10,0,10,RUNNING,RUNNING,RUNNING,134,1625,1759,78.95,1171.93,true
1780852420196,649142,step,1761,354,186,RUNNING,10,0,10,RUNNING,RUNNING,RUNNING,134,1626,1760,78.95,1171.93,true
1780852420483,649429,step,1762,287,209,RUNNING,10,0,10,RUNNING,RUNNING,RUNNING,134,1627,1761,78.95,1173.70,true
1780852420753,649699,step,1763,270,209,RUNNING,10,0,10,RUNNING,RUNNING,RUNNING,134,1628,1762,78.95,1173.70,true
1780852421040,649986,step,1764,287,209,RUNNING,10,0,10,RUNNING,RUNNING,RUNNING,134,1629,1763,78.95,1173.70,true
1780852421277,650223,step,1765,237,209,RUNNING,10,0,10,RUNNING,RUNNING,RUNNING,134,1630,1764,78.95,1173.70,true
1780852421598,650544,step,1766,321,209,RUNNING,10,0,10,RUNNING,RUNNING,RUNNING,134,1631,1765,78.95,1176.03,true
1780852421851,650797,step,1767,253,222,RUNNING,10,0,10,RUNNING,RUNNING,RUNNING,134,1632,1766,78.95,1176.03,true
1780852422104,651050,step,1768,253,237,RUNNING,10,0,10,RUNNING,RUNNING,RUNNING,134,1633,1767,78.95,1176.03,true
1780852422408,651354,step,1769,304,237,RUNNING,10,0,10,RUNNING,RUNNING,RUNNING,134,1634,1768,78.95,1178.60,true
1780852422779,651725,step,1770,371,197,RUNNING,10,0,10,RUNNING,RUNNING,RUNNING,134,1635,1769,78.95,1178.60,true
1780852423168,652114,step,1771,389,197,RUNNING,10,0,10,RUNNING,RUNNING,RUNNING,134,1636,1770,78.95,1178.60,true
1780852423505,652451,step,1772,337,178,RUNNING,10,0,10,RUNNING,RUNNING,RUNNING,134,1637,1771,78.95,1181.23,true
1780852423776,652722,step,1773,271,178,RUNNING,10,0,10,RUNNING,RUNNING,RUNNING,134,1638,1772,78.95,1181.23,true
1780852424029,652975,step,1774,253,178,RUNNING,10,0,10,RUNNING,RUNNING,RUNNING,134,1639,1773,78.95,1181.23,true
1780852424299,653245,step,1775,270,221,RUNNING,10,0,10,RUNNING,RUNNING,RUNNING,134,1640,1774,78.95,1181.23,true
1780852424569,653515,step,1776,270,222,RUNNING,10,0,10,RUNNING,RUNNING,RUNNING,134,1641,1775,78.95,1183.75,true
1780852424806,653752,step,1777,237,222,RUNNING,10,0,10,RUNNING,RUNNING,RUNNING,134,1642,1776,78.95,1183.75,true
1780852425126,654072,step,1778,320,222,RUNNING,10,0,10,RUNNING,RUNNING,RUNNING,134,1643,1777,78.95,1183.75,true
1780852425599,654545,step,1779,473,222,RUNNING,10,0,10,RUNNING,RUNNING,RUNNING,134,1644,1778,78.95,1186.16,true
1780852425886,654832,step,1780,287,209,RUNNING,10,0,10,RUNNING,RUNNING,RUNNING,134,1645,1779,78.95,1186.16,true
1780852426139,655085,step,1781,253,209,RUNNING,10,0,10,RUNNING,RUNNING,RUNNING,134,1646,1780,78.95,1186.16,true
1780852426376,655322,step,1782,237,209,RUNNING,10,0,10,RUNNING,RUNNING,RUNNING,134,1647,1781,78.95,1186.16,true
1780852426680,655626,step,1783,304,209,RUNNING,10,0,10,RUNNING,RUNNING,RUNNING,134,1648,1782,78.95,1187.99,true
1780852426916,655862,step,1784,236,237,RUNNING,10,0,10,RUNNING,RUNNING,RUNNING,134,1649,1783,78.95,1187.99,true
1780852427186,656132,step,1785,270,237,RUNNING,10,0,10,RUNNING,RUNNING,RUNNING,134,1650,1784,78.95,1187.99,true
1780852427456,656402,step,1786,270,222,RUNNING,10,0,10,RUNNING,RUNNING,RUNNING,134,1651,1785,78.95,1189.92,true
1780852427693,656639,step,1787,237,222,RUNNING,10,0,10,RUNNING,RUNNING,RUNNING,134,1652,1786,78.95,1189.92,true
1780852427997,656943,step,1788,304,222,RUNNING,10,0,10,RUNNING,RUNNING,RUNNING,134,1653,1787,78.95,1189.92,true
1780852428233,657179,step,1789,236,222,RUNNING,10,0,10,RUNNING,RUNNING,RUNNING,134,1654,1788,78.95,1189.92,true
1780852428520,657466,step,1790,287,222,RUNNING,10,0,10,RUNNING,RUNNING,RUNNING,134,1655,1789,78.95,1191.92,true
1780852428807,657753,step,1791,287,209,RUNNING,10,0,10,RUNNING,RUNNING,RUNNING,134,1656,1790,78.95,1191.92,true
1780852429111,658057,step,1792,304,209,RUNNING,10,0,10,RUNNING,RUNNING,RUNNING,134,1657,1791,78.95,1191.92,true
1780852429364,658310,step,1793,253,209,RUNNING,10,0,10,RUNNING,RUNNING,RUNNING,134,1658,1792,78.95,1191.92,true
1780852429618,658564,step,1794,254,209,RUNNING,10,0,10,RUNNING,RUNNING,RUNNING,134,1659,1793,78.95,1194.02,true
1780852429938,658884,step,1795,320,209,RUNNING,10,0,10,RUNNING,RUNNING,RUNNING,134,1660,1794,78.95,1194.02,true
1780852430310,659256,step,1796,372,197,RUNNING,10,0,10,RUNNING,RUNNING,RUNNING,134,1661,1795,78.95,1194.02,true
1780852430648,659594,step,1797,338,187,RUNNING,10,0,10,RUNNING,RUNNING,RUNNING,134,1662,1796,78.95,1196.39,true
1780852430918,659864,step,1798,270,187,RUNNING,10,0,10,RUNNING,RUNNING,RUNNING,134,1663,1797,78.95,1196.39,true
1780852431154,660100,step,1799,236,187,RUNNING,10,0,10,RUNNING,RUNNING,RUNNING,134,1664,1798,78.95,1196.39,true
1780852431391,660337,step,1800,237,222,RUNNING,10,0,10,RUNNING,RUNNING,RUNNING,134,1665,1799,78.95,1198.36,true
1780852431711,660657,step,1801,320,222,RUNNING,10,0,10,RUNNING,RUNNING,RUNNING,134,1666,1800,78.95,1198.36,true
1780852432015,660961,step,1802,304,222,RUNNING,10,0,10,RUNNING,RUNNING,RUNNING,134,1667,1801,78.95,1198.36,true
1780852432302,661248,step,1803,287,209,RUNNING,10,0,10,RUNNING,RUNNING,RUNNING,134,1668,1802,78.95,1198.36,true
1780852432539,661485,step,1804,237,209,RUNNING,10,0,10,RUNNING,RUNNING,RUNNING,134,1669,1803,78.95,1200.17,true
1780852432826,661772,step,1805,287,209,RUNNING,10,0,10,RUNNING,RUNNING,RUNNING,134,1670,1804,78.95,1200.17,true
1780852433096,662042,step,1806,270,209,RUNNING,10,0,10,RUNNING,RUNNING,RUNNING,134,1671,1805,78.95,1200.17,true
1780852433467,662413,step,1807,371,209,RUNNING,10,0,10,RUNNING,RUNNING,RUNNING,134,1672,1806,78.95,1201.99,true
1780852433991,662937,step,1808,524,209,RUNNING,10,0,10,RUNNING,RUNNING,RUNNING,134,1673,1807,78.95,1201.99,true
1780852434362,663308,step,1809,371,161,RUNNING,10,0,10,RUNNING,RUNNING,RUNNING,134,1674,1808,78.95,1201.99,true
1780852434632,663578,step,1810,270,161,RUNNING,10,0,10,RUNNING,RUNNING,RUNNING,134,1675,1809,78.95,1203.77,true
1780852434902,663848,step,1811,270,161,RUNNING,10,0,10,RUNNING,RUNNING,RUNNING,134,1676,1810,78.95,1203.77,true
1780852435223,664169,step,1812,321,186,RUNNING,10,0,10,RUNNING,RUNNING,RUNNING,134,1677,1811,78.95,1203.77,true
1780852435595,664541,step,1813,372,186,RUNNING,10,0,10,RUNNING,RUNNING,RUNNING,134,1678,1812,78.95,1205.62,true
1780852435848,664794,step,1814,253,222,RUNNING,10,0,10,RUNNING,RUNNING,RUNNING,134,1679,1813,78.95,1205.62,true
1780852436118,665064,step,1815,270,222,RUNNING,10,0,10,RUNNING,RUNNING,RUNNING,134,1680,1814,78.95,1205.62,true
1780852436371,665317,step,1816,253,222,RUNNING,10,0,10,RUNNING,RUNNING,RUNNING,134,1681,1815,78.95,1205.62,true
1780852436793,665739,step,1817,422,222,RUNNING,10,0,10,RUNNING,RUNNING,RUNNING,134,1682,1816,78.95,1207.75,true
1780852437064,666010,step,1818,271,222,RUNNING,10,0,10,RUNNING,RUNNING,RUNNING,134,1683,1817,78.95,1207.75,true
1780852437334,666280,step,1819,270,222,RUNNING,10,0,10,RUNNING,RUNNING,RUNNING,134,1684,1818,78.95,1207.75,true
1780852437570,666516,step,1820,236,222,RUNNING,10,0,10,RUNNING,RUNNING,RUNNING,134,1685,1819,78.95,1209.85,true
1780852437823,666769,step,1821,253,222,RUNNING,10,0,10,RUNNING,RUNNING,RUNNING,134,1686,1820,78.95,1209.85,true
1780852438144,667090,step,1822,321,222,RUNNING,10,0,10,RUNNING,RUNNING,RUNNING,134,1687,1821,78.95,1209.85,true
1780852438414,667360,step,1823,270,222,RUNNING,10,0,10,RUNNING,RUNNING,RUNNING,134,1688,1822,78.95,1212.05,true
1780852438651,667597,step,1824,237,237,RUNNING,10,0,10,RUNNING,RUNNING,RUNNING,134,1689,1823,78.95,1212.05,true
1780852438938,667884,step,1825,287,222,RUNNING,10,0,10,RUNNING,RUNNING,RUNNING,134,1690,1824,78.95,1212.05,true
1780852439191,668137,step,1826,253,222,RUNNING,10,0,10,RUNNING,RUNNING,RUNNING,134,1691,1825,78.95,1212.05,true
1780852439427,668373,step,1827,236,237,RUNNING,10,0,10,RUNNING,RUNNING,RUNNING,134,1692,1826,78.95,1214.42,true
1780852439664,668610,step,1828,237,253,RUNNING,10,0,10,RUNNING,RUNNING,RUNNING,134,1693,1827,78.95,1214.42,true
1780852440001,668947,step,1829,337,237,RUNNING,10,0,10,RUNNING,RUNNING,RUNNING,134,1694,1828,78.95,1214.42,true
1780852440305,669251,step,1830,304,237,RUNNING,10,0,10,RUNNING,RUNNING,RUNNING,134,1695,1829,78.95,1214.42,true
1780852440626,669572,step,1831,321,197,RUNNING,10,0,10,RUNNING,RUNNING,RUNNING,134,1696,1830,78.95,1216.27,true
1780852440879,669825,step,1832,253,197,RUNNING,10,0,10,RUNNING,RUNNING,RUNNING,134,1697,1831,78.95,1216.27,true
1780852441217,670163,step,1833,338,186,RUNNING,10,0,10,RUNNING,RUNNING,RUNNING,134,1698,1832,78.95,1216.27,true
1780852441487,670433,step,1834,270,197,RUNNING,10,0,10,RUNNING,RUNNING,RUNNING,134,1699,1833,78.95,1217.77,true
1780852441774,670720,step,1835,287,209,RUNNING,10,0,10,RUNNING,RUNNING,RUNNING,134,1700,1834,78.95,1217.77,true
1780852442044,670990,step,1836,270,222,RUNNING,10,0,10,RUNNING,RUNNING,RUNNING,134,1701,1835,78.95,1217.77,true
1780852442298,671244,step,1837,254,222,RUNNING,10,0,10,RUNNING,RUNNING,RUNNING,134,1702,1836,78.95,1217.77,true
1780852442534,671480,step,1838,236,222,RUNNING,10,0,10,RUNNING,RUNNING,RUNNING,134,1703,1837,78.95,1219.94,true
1780852442922,671868,step,1839,388,222,RUNNING,10,0,10,RUNNING,RUNNING,RUNNING,134,1704,1838,78.95,1219.94,true
1780852443209,672155,step,1840,287,222,RUNNING,10,0,10,RUNNING,RUNNING,RUNNING,134,1705,1839,78.95,1219.94,true
1780852443480,672426,step,1841,271,221,RUNNING,10,0,10,RUNNING,RUNNING,RUNNING,134,1706,1840,78.95,1222.77,true
1780852443750,672696,step,1842,270,221,RUNNING,10,0,10,RUNNING,RUNNING,RUNNING,134,1707,1841,78.95,1222.77,true
1780852444054,673000,step,1843,304,209,RUNNING,10,0,10,RUNNING,RUNNING,RUNNING,134,1708,1842,78.95,1222.77,true
1780852444374,673320,step,1844,320,209,RUNNING,10,0,10,RUNNING,RUNNING,RUNNING,134,1709,1843,78.95,1222.77,true
1780852444661,673607,step,1845,287,209,RUNNING,10,0,10,RUNNING,RUNNING,RUNNING,134,1710,1844,78.95,1225.48,true
1780852444932,673878,step,1846,271,209,RUNNING,10,0,10,RUNNING,RUNNING,RUNNING,134,1711,1845,78.95,1225.48,true
1780852445303,674249,step,1847,371,197,RUNNING,10,0,10,RUNNING,RUNNING,RUNNING,134,1712,1846,78.95,1225.48,true
1780852445539,674485,step,1848,236,209,RUNNING,10,0,10,RUNNING,RUNNING,RUNNING,134,1713,1847,78.95,1227.97,true
1780852445776,674722,step,1849,237,221,RUNNING,10,0,10,RUNNING,RUNNING,RUNNING,134,1714,1848,78.95,1227.97,true
1780852446114,675060,step,1850,338,221,RUNNING,10,0,10,RUNNING,RUNNING,RUNNING,134,1715,1849,78.95,1227.97,true
1780852446552,675498,step,1851,438,177,RUNNING,10,0,10,RUNNING,RUNNING,RUNNING,134,1716,1850,78.95,1230.40,true
1780852446789,675735,step,1852,237,253,RUNNING,10,0,10,RUNNING,RUNNING,RUNNING,134,1717,1851,78.95,1230.40,true
1780852447025,675971,step,1853,236,253,RUNNING,10,0,10,RUNNING,RUNNING,RUNNING,134,1718,1852,78.95,1230.40,true
1780852447363,676309,step,1854,338,177,RUNNING,10,0,10,RUNNING,RUNNING,RUNNING,134,1719,1853,78.95,1230.40,true
1780852447633,676579,step,1855,270,222,RUNNING,10,0,10,RUNNING,RUNNING,RUNNING,134,1720,1854,78.95,1232.79,true
1780852447937,676883,step,1856,304,222,RUNNING,10,0,10,RUNNING,RUNNING,RUNNING,134,1721,1855,78.95,1232.79,true
1780852448207,677153,step,1857,270,222,RUNNING,10,0,10,RUNNING,RUNNING,RUNNING,134,1722,1856,78.95,1232.79,true
1780852448511,677457,step,1858,304,197,RUNNING,10,0,10,RUNNING,RUNNING,RUNNING,134,1723,1857,78.95,1235.17,true
1780852448747,677693,step,1859,236,222,RUNNING,10,0,10,RUNNING,RUNNING,RUNNING,134,1724,1858,78.95,1235.17,true
1780852448984,677930,step,1860,237,222,RUNNING,10,0,10,RUNNING,RUNNING,RUNNING,134,1725,1859,78.95,1235.17,true
1780852449220,678166,step,1861,236,253,RUNNING,10,0,10,RUNNING,RUNNING,RUNNING,134,1726,1860,78.95,1235.17,true
1780852449541,678487,step,1862,321,253,RUNNING,10,0,10,RUNNING,RUNNING,RUNNING,134,1727,1861,78.95,1237.69,true
1780852449794,678740,step,1863,253,253,RUNNING,10,0,10,RUNNING,RUNNING,RUNNING,134,1728,1862,78.95,1237.69,true
1780852450081,679027,step,1864,287,237,RUNNING,10,0,10,RUNNING,RUNNING,RUNNING,134,1729,1863,78.95,1237.69,true
1780852450436,679382,step,1865,355,209,RUNNING,10,0,10,RUNNING,RUNNING,RUNNING,134,1730,1864,78.95,1240.19,true
1780852450706,679652,step,1866,270,209,RUNNING,10,0,10,RUNNING,RUNNING,RUNNING,134,1731,1865,78.95,1240.19,true
1780852450942,679888,step,1867,236,222,RUNNING,10,0,10,RUNNING,RUNNING,RUNNING,134,1732,1866,78.95,1240.19,true
1780852451213,680159,step,1868,271,221,RUNNING,10,0,10,RUNNING,RUNNING,RUNNING,134,1733,1867,78.95,1240.19,true
1780852451500,680446,step,1869,287,221,RUNNING,10,0,10,RUNNING,RUNNING,RUNNING,134,1734,1868,78.95,1242.54,true
1780852451736,680682,step,1870,236,222,RUNNING,10,0,10,RUNNING,RUNNING,RUNNING,134,1735,1869,78.95,1242.54,true
1780852451989,680935,step,1871,253,237,RUNNING,10,0,10,RUNNING,RUNNING,RUNNING,134,1736,1870,78.95,1242.54,true
1780852452276,681222,step,1872,287,221,RUNNING,10,0,10,RUNNING,RUNNING,RUNNING,134,1737,1871,78.95,1242.54,true
1780852452530,681476,step,1873,254,236,RUNNING,10,0,10,RUNNING,RUNNING,RUNNING,134,1738,1872,78.95,1244.87,true
1780852452766,681712,step,1874,236,237,RUNNING,10,0,10,RUNNING,RUNNING,RUNNING,134,1739,1873,78.95,1244.87,true
1780852453019,681965,step,1875,253,237,RUNNING,10,0,10,RUNNING,RUNNING,RUNNING,134,1740,1874,78.95,1244.87,true
1780852453256,682202,step,1876,237,237,RUNNING,10,0,10,RUNNING,RUNNING,RUNNING,134,1741,1875,78.95,1244.87,true
1780852453560,682506,step,1877,304,237,RUNNING,10,0,10,RUNNING,RUNNING,RUNNING,134,1742,1876,78.95,1247.19,true
1780852453847,682793,step,1878,287,237,RUNNING,10,0,10,RUNNING,RUNNING,RUNNING,134,1743,1877,78.95,1247.19,true
1780852454201,683147,step,1879,354,209,RUNNING,10,0,10,RUNNING,RUNNING,RUNNING,134,1744,1878,78.95,1247.19,true
1780852454505,683451,step,1880,304,197,RUNNING,10,0,10,RUNNING,RUNNING,RUNNING,134,1745,1879,78.95,1249.46,true
1780852454741,683687,step,1881,236,197,RUNNING,10,0,10,RUNNING,RUNNING,RUNNING,134,1746,1880,78.95,1249.46,true
1780852455113,684059,step,1882,372,197,RUNNING,10,0,10,RUNNING,RUNNING,RUNNING,134,1747,1881,78.95,1249.46,true
1780852455349,684295,step,1883,236,197,RUNNING,10,0,10,RUNNING,RUNNING,RUNNING,134,1748,1882,78.95,1249.46,true
1780852455586,684532,step,1884,237,253,RUNNING,10,0,10,RUNNING,RUNNING,RUNNING,134,1749,1883,78.95,1251.76,true
1780852455839,684785,step,1885,253,253,RUNNING,10,0,10,RUNNING,RUNNING,RUNNING,134,1750,1884,78.95,1251.76,true
1780852456092,685038,step,1886,253,237,RUNNING,10,0,10,RUNNING,RUNNING,RUNNING,134,1751,1885,78.95,1251.76,true
1780852456345,685291,step,1887,253,237,RUNNING,10,0,10,RUNNING,RUNNING,RUNNING,134,1752,1886,78.95,1251.76,true
1780852456599,685545,step,1888,254,237,RUNNING,10,0,10,RUNNING,RUNNING,RUNNING,134,1753,1887,78.95,1254.02,true
1780852456835,685781,step,1889,236,237,RUNNING,10,0,10,RUNNING,RUNNING,RUNNING,134,1754,1888,78.95,1254.02,true
1780852457088,686034,step,1890,253,237,RUNNING,10,0,10,RUNNING,RUNNING,RUNNING,134,1755,1889,78.95,1254.02,true
1780852457409,686355,step,1891,321,237,RUNNING,10,0,10,RUNNING,RUNNING,RUNNING,134,1756,1890,78.95,1256.01,true
1780852457679,686625,step,1892,270,236,RUNNING,10,0,10,RUNNING,RUNNING,RUNNING,134,1757,1891,78.95,1256.01,true
1780852457966,686912,step,1893,287,222,RUNNING,10,0,10,RUNNING,RUNNING,RUNNING,134,1758,1892,78.95,1256.01,true
1780852458304,687250,step,1894,338,209,RUNNING,10,0,10,RUNNING,RUNNING,RUNNING,134,1759,1893,78.95,1256.01,true
1780852458777,687723,step,1895,473,186,RUNNING,10,0,10,RUNNING,RUNNING,RUNNING,134,1760,1894,78.95,1257.60,true
1780852459064,688010,step,1896,287,209,RUNNING,10,0,10,RUNNING,RUNNING,RUNNING,134,1761,1895,78.95,1257.60,true
1780852459418,688364,step,1897,354,177,RUNNING,10,0,10,RUNNING,RUNNING,RUNNING,134,1762,1896,78.95,1258.94,true
1780852459739,688685,step,1898,321,177,RUNNING,10,0,10,RUNNING,RUNNING,RUNNING,134,1763,1897,78.95,1258.94,true
1780852460077,689023,step,1899,338,177,RUNNING,10,0,10,RUNNING,RUNNING,RUNNING,134,1764,1898,78.95,1258.94,true
1780852460567,689513,step,1900,490,177,RUNNING,10,0,10,RUNNING,RUNNING,RUNNING,134,1765,1899,78.95,1260.11,true
1780852461208,690154,step,1901,641,169,RUNNING,10,0,10,RUNNING,RUNNING,RUNNING,134,1766,1900,78.95,1260.11,true
1780852461630,690576,step,1902,422,142,WALKING,9,1,10,RUNNING,RUNNING,RUNNING,134,1767,1901,78.95,1261.41,true
1780852461901,690847,step,1903,271,142,WALKING,8,2,10,RUNNING,RUNNING,RUNNING,134,1768,1902,78.95,1261.41,true
1780852462204,691150,step,1904,303,142,WALKING,7,3,10,RUNNING,RUNNING,RUNNING,134,1769,1903,78.95,1261.41,true
1780852462762,691708,step,1905,558,142,WALKING,6,4,10,RUNNING,RUNNING,RUNNING,134,1770,1904,78.95,1262.71,true
1780852463319,692265,step,1906,557,142,WALKING,5,5,10,RUNNING,RUNNING,RUNNING,134,1771,1905,78.95,1262.71,true
1780852463673,692619,step,1907,354,169,RUNNING,5,5,10,RUNNING,RUNNING,RUNNING,134,1772,1906,78.95,1264.09,true
1780852463994,692940,step,1908,321,169,RUNNING,5,5,10,RUNNING,RUNNING,RUNNING,134,1773,1907,78.95,1264.09,true
1780852464400,693346,switch,1909,406,147,WALKING,4,6,10,RUNNING,WALKING,RUNNING,134,1774,1908,78.95,1265.45,true
1780852464400,693346,step,1909,406,147,WALKING,4,6,10,RUNNING,WALKING,WALKING,134,1774,1908,78.95,1265.45,true
1780852464957,693903,step,1910,557,147,WALKING,3,7,10,WALKING,WALKING,WALKING,135,1774,1909,79.42,1265.45,true
1780852465210,694156,step,1911,253,169,RUNNING,3,7,10,WALKING,WALKING,WALKING,136,1774,1910,79.90,1265.45,true
1780852465497,694443,step,1912,287,186,RUNNING,4,6,10,WALKING,WALKING,WALKING,137,1774,1911,81.81,1265.45,true
1780852465784,694730,step,1913,287,209,RUNNING,5,5,10,WALKING,WALKING,WALKING,138,1774,1912,81.81,1265.45,true
1780852466037,694983,step,1914,253,209,RUNNING,6,4,10,WALKING,WALKING,WALKING,139,1774,1913,81.81,1265.45,true
1780852466358,695304,step,1915,321,209,RUNNING,7,3,10,WALKING,WALKING,WALKING,140,1774,1914,81.81,1265.45,true
1780852466611,695557,switch,1916,253,209,RUNNING,8,2,10,WALKING,RUNNING,WALKING,141,1774,1915,83.22,1265.45,true
1780852466611,695557,step,1916,253,209,RUNNING,8,2,10,WALKING,RUNNING,RUNNING,141,1774,1915,83.22,1265.45,true
1780852466882,695828,step,1917,271,221,RUNNING,8,2,10,RUNNING,RUNNING,RUNNING,141,1775,1916,83.22,1266.28,true
1780852467135,696081,step,1918,253,237,RUNNING,8,2,10,RUNNING,RUNNING,RUNNING,141,1776,1917,83.22,1267.10,true
1780852467692,696638,step,1919,557,221,RUNNING,9,1,10,RUNNING,RUNNING,RUNNING,141,1777,1918,83.22,1269.28,true
1780852468013,696959,step,1920,321,221,RUNNING,10,0,10,RUNNING,RUNNING,RUNNING,141,1778,1919,83.22,1269.28,true
1780852468266,697212,step,1921,253,221,RUNNING,10,0,10,RUNNING,RUNNING,RUNNING,141,1779,1920,83.22,1269.28,true
1780852468536,697482,step,1922,270,222,RUNNING,10,0,10,RUNNING,RUNNING,RUNNING,141,1780,1921,83.22,1270.62,true
1780852468789,697735,step,1923,253,222,RUNNING,10,0,10,RUNNING,RUNNING,RUNNING,141,1781,1922,83.22,1270.62,true
1780852469127,698073,step,1924,338,222,RUNNING,10,0,10,RUNNING,RUNNING,RUNNING,141,1782,1923,83.22,1270.62,true
1780852469431,698377,step,1925,304,222,RUNNING,10,0,10,RUNNING,RUNNING,RUNNING,141,1783,1924,83.22,1271.86,true
1780852469904,698850,step,1926,473,197,RUNNING,10,0,10,RUNNING,RUNNING,RUNNING,141,1784,1925,83.22,1271.86,true
1780852470157,699103,step,1927,253,197,RUNNING,10,0,10,RUNNING,RUNNING,RUNNING,141,1785,1926,83.22,1271.86,true
1780852470427,699373,step,1928,270,197,RUNNING,10,0,10,RUNNING,RUNNING,RUNNING,141,1786,1927,83.22,1273.20,true
1780852470731,699677,step,1929,304,197,RUNNING,10,0,10,RUNNING,RUNNING,RUNNING,141,1787,1928,83.22,1273.20,true
1780852470968,699914,step,1930,237,222,RUNNING,10,0,10,RUNNING,RUNNING,RUNNING,141,1788,1929,83.22,1273.20,true
1780852471305,700251,step,1931,337,222,RUNNING,10,0,10,RUNNING,RUNNING,RUNNING,141,1789,1930,83.22,1273.20,true
1780852471609,700555,step,1932,304,197,RUNNING,10,0,10,RUNNING,RUNNING,RUNNING,141,1790,1931,83.22,1274.43,true
1780852471998,700944,step,1933,389,197,RUNNING,10,0,10,RUNNING,RUNNING,RUNNING,141,1791,1932,83.22,1274.43,true
1780852472234,701180,step,1934,236,197,RUNNING,10,0,10,RUNNING,RUNNING,RUNNING,141,1792,1933,83.22,1274.43,true
1780852472555,701501,step,1935,321,186,RUNNING,10,0,10,RUNNING,RUNNING,RUNNING,141,1793,1934,83.22,1275.69,true
1780852472859,701805,step,1936,304,197,RUNNING,10,0,10,RUNNING,RUNNING,RUNNING,141,1794,1935,83.22,1275.69,true
1780852473163,702109,step,1937,304,197,RUNNING,10,0,10,RUNNING,RUNNING,RUNNING,141,1795,1936,83.22,1275.69,true
1780852473433,702379,step,1938,270,197,RUNNING,10,0,10,RUNNING,RUNNING,RUNNING,141,1796,1937,83.22,1277.30,true
1780852473737,702683,step,1939,304,197,RUNNING,10,0,10,RUNNING,RUNNING,RUNNING,141,1797,1938,83.22,1277.30,true
1780852474125,703071,step,1940,388,197,RUNNING,10,0,10,RUNNING,RUNNING,RUNNING,141,1798,1939,83.22,1277.30,true
1780852474361,703307,step,1941,236,197,RUNNING,10,0,10,RUNNING,RUNNING,RUNNING,141,1799,1940,83.22,1277.30,true
1780852474665,703611,step,1942,304,197,RUNNING,10,0,10,RUNNING,RUNNING,RUNNING,141,1800,1941,83.22,1278.71,true
1780852474902,703848,step,1943,237,197,RUNNING,10,0,10,RUNNING,RUNNING,RUNNING,141,1801,1942,83.22,1278.71,true
1780852475307,704253,step,1944,405,197,RUNNING,10,0,10,RUNNING,RUNNING,RUNNING,141,1802,1943,83.22,1278.71,true
1780852475543,704489,step,1945,236,253,RUNNING,10,0,10,RUNNING,RUNNING,RUNNING,141,1803,1944,83.22,1280.08,true
1780852475830,704776,step,1946,287,209,RUNNING,10,0,10,RUNNING,RUNNING,RUNNING,141,1804,1945,83.22,1280.08,true
1780852476286,705232,step,1947,456,209,RUNNING,10,0,10,RUNNING,RUNNING,RUNNING,141,1805,1946,83.22,1280.08,true
1780852476573,705519,step,1948,287,209,RUNNING,10,0,10,RUNNING,RUNNING,RUNNING,141,1806,1947,83.22,1281.54,true
1780852476843,705789,step,1949,270,209,RUNNING,10,0,10,RUNNING,RUNNING,RUNNING,141,1807,1948,83.22,1281.54,true
1780852477113,706059,step,1950,270,209,RUNNING,10,0,10,RUNNING,RUNNING,RUNNING,141,1808,1949,83.22,1281.54,true
1780852477434,706380,step,1951,321,209,RUNNING,10,0,10,RUNNING,RUNNING,RUNNING,141,1809,1950,83.22,1283.05,true
1780852477671,706617,step,1952,237,222,RUNNING,10,0,10,RUNNING,RUNNING,RUNNING,141,1810,1951,83.22,1283.05,true
1780852477924,706870,step,1953,253,222,RUNNING,10,0,10,RUNNING,RUNNING,RUNNING,141,1811,1952,83.22,1283.05,true
1780852478279,707225,step,1954,355,222,RUNNING,10,0,10,RUNNING,RUNNING,RUNNING,141,1812,1953,83.22,1283.05,true
1780852478516,707462,step,1955,237,237,RUNNING,10,0,10,RUNNING,RUNNING,RUNNING,141,1813,1954,83.22,1284.58,true
1780852478785,707731,step,1956,269,237,RUNNING,10,0,10,RUNNING,RUNNING,RUNNING,141,1814,1955,83.22,1284.58,true
1780852479106,708052,step,1957,321,223,RUNNING,10,0,10,RUNNING,RUNNING,RUNNING,141,1815,1956,83.22,1284.58,true
1780852479427,708373,step,1958,321,186,RUNNING,10,0,10,RUNNING,RUNNING,RUNNING,141,1816,1957,83.22,1286.38,true
1780852479714,708660,step,1959,287,209,RUNNING,10,0,10,RUNNING,RUNNING,RUNNING,141,1817,1958,83.22,1286.38,true
1780852479984,708930,step,1960,270,209,RUNNING,10,0,10,RUNNING,RUNNING,RUNNING,141,1818,1959,83.22,1286.38,true
1780852480305,709251,step,1961,321,186,RUNNING,10,0,10,RUNNING,RUNNING,RUNNING,141,1819,1960,83.22,1286.38,true
1780852480592,709538,step,1962,287,209,RUNNING,10,0,10,RUNNING,RUNNING,RUNNING,141,1820,1961,83.22,1288.39,true
1780852480896,709842,step,1963,304,209,RUNNING,10,0,10,RUNNING,RUNNING,RUNNING,141,1821,1962,83.22,1288.39,true
1780852481132,710078,step,1964,236,209,RUNNING,10,0,10,RUNNING,RUNNING,RUNNING,141,1822,1963,83.22,1288.39,true
1780852481419,710365,step,1965,287,209,RUNNING,10,0,10,RUNNING,RUNNING,RUNNING,141,1823,1964,83.22,1290.50,true
1780852481655,710601,step,1966,236,209,RUNNING,10,0,10,RUNNING,RUNNING,RUNNING,141,1824,1965,83.22,1290.50,true
1780852481892,710838,step,1967,237,253,RUNNING,10,0,10,RUNNING,RUNNING,RUNNING,141,1825,1966,83.22,1290.50,true
1780852482213,711159,step,1968,321,253,RUNNING,10,0,10,RUNNING,RUNNING,RUNNING,141,1826,1967,83.22,1290.50,true
1780852482449,711395,step,1969,236,253,RUNNING,10,0,10,RUNNING,RUNNING,RUNNING,141,1827,1968,83.22,1292.80,true
1780852482753,711699,step,1970,304,253,RUNNING,10,0,10,RUNNING,RUNNING,RUNNING,141,1828,1969,83.22,1292.80,true
1780852483057,712003,step,1971,304,197,RUNNING,10,0,10,RUNNING,RUNNING,RUNNING,141,1829,1970,83.22,1292.80,true
1780852483310,712256,step,1972,253,197,RUNNING,10,0,10,RUNNING,RUNNING,RUNNING,141,1830,1971,83.22,1292.80,true
1780852483547,712493,step,1973,237,237,RUNNING,10,0,10,RUNNING,RUNNING,RUNNING,141,1831,1972,83.22,1295.01,true
1780852483817,712763,step,1974,270,222,RUNNING,10,0,10,RUNNING,RUNNING,RUNNING,141,1832,1973,83.22,1295.01,true
1780852484053,712999,step,1975,236,237,RUNNING,10,0,10,RUNNING,RUNNING,RUNNING,141,1833,1974,83.22,1295.01,true
1780852484340,713286,step,1976,287,237,RUNNING,10,0,10,RUNNING,RUNNING,RUNNING,141,1834,1975,83.22,1295.01,true
1780852484577,713523,step,1977,237,253,RUNNING,10,0,10,RUNNING,RUNNING,RUNNING,141,1835,1976,83.22,1297.31,true
1780852484864,713810,step,1978,287,222,RUNNING,10,0,10,RUNNING,RUNNING,RUNNING,141,1836,1977,83.22,1297.31,true
1780852485117,714063,step,1979,253,237,RUNNING,10,0,10,RUNNING,RUNNING,RUNNING,141,1837,1978,83.22,1297.31,true
1780852485438,714384,step,1980,321,209,RUNNING,10,0,10,RUNNING,RUNNING,RUNNING,141,1838,1979,83.22,1299.60,true
1780852485691,714637,step,1981,253,237,RUNNING,10,0,10,RUNNING,RUNNING,RUNNING,141,1839,1980,83.22,1299.60,true
1780852485998,714944,step,1982,307,209,RUNNING,10,0,10,RUNNING,RUNNING,RUNNING,141,1840,1981,83.22,1299.60,true
1780852486299,715245,step,1983,301,199,RUNNING,10,0,10,RUNNING,RUNNING,RUNNING,141,1841,1982,83.22,1299.60,true
1780852486620,715566,step,1984,321,195,RUNNING,10,0,10,RUNNING,RUNNING,RUNNING,141,1842,1983,83.22,1302.02,true
1780852486907,715853,step,1985,287,199,RUNNING,10,0,10,RUNNING,RUNNING,RUNNING,141,1843,1984,83.22,1302.02,true
1780852487227,716173,step,1986,320,195,RUNNING,10,0,10,RUNNING,RUNNING,RUNNING,141,1844,1985,83.22,1302.02,true
1780852487464,716410,step,1987,237,199,RUNNING,10,0,10,RUNNING,RUNNING,RUNNING,141,1845,1986,83.22,1304.31,true
1780852487717,716663,step,1988,253,209,RUNNING,10,0,10,RUNNING,RUNNING,RUNNING,141,1846,1987,83.22,1304.31,true
1780852487970,716916,step,1989,253,237,RUNNING,10,0,10,RUNNING,RUNNING,RUNNING,141,1847,1988,83.22,1304.31,true
1780852488257,717203,step,1990,287,237,RUNNING,10,0,10,RUNNING,RUNNING,RUNNING,141,1848,1989,83.22,1304.31,true
1780852488561,717507,step,1991,304,237,RUNNING,10,0,10,RUNNING,RUNNING,RUNNING,141,1849,1990,83.22,1306.59,true
1780852488831,717777,step,1992,270,222,RUNNING,10,0,10,RUNNING,RUNNING,RUNNING,141,1850,1991,83.22,1306.59,true
1780852489287,718233,step,1993,456,209,RUNNING,10,0,10,RUNNING,RUNNING,RUNNING,141,1851,1992,83.22,1306.59,true
1780852489625,718571,step,1994,338,197,RUNNING,10,0,10,RUNNING,RUNNING,RUNNING,141,1852,1993,83.22,1308.81,true
1780852489861,718807,step,1995,236,197,RUNNING,10,0,10,RUNNING,RUNNING,RUNNING,141,1853,1994,83.22,1308.81,true
1780852490098,719044,step,1996,237,222,RUNNING,10,0,10,RUNNING,RUNNING,RUNNING,141,1854,1995,83.22,1308.81,true
1780852490419,719365,step,1997,321,186,RUNNING,10,0,10,RUNNING,RUNNING,RUNNING,141,1855,1996,83.22,1311.19,true
1780852490672,719618,step,1998,253,237,RUNNING,10,0,10,RUNNING,RUNNING,RUNNING,141,1856,1997,83.22,1311.19,true
1780852490908,719854,step,1999,236,253,RUNNING,10,0,10,RUNNING,RUNNING,RUNNING,141,1857,1998,83.22,1311.19,true
1780852491212,720158,step,2000,304,237,RUNNING,10,0,10,RUNNING,RUNNING,RUNNING,141,1858,1999,83.22,1311.19,true
1780852491449,720395,step,2001,237,237,RUNNING,10,0,10,RUNNING,RUNNING,RUNNING,141,1859,2000,83.22,1313.58,true
1780852491702,720648,step,2002,253,237,RUNNING,10,0,10,RUNNING,RUNNING,RUNNING,141,1860,2001,83.22,1313.58,true
1780852492023,720969,step,2003,321,237,RUNNING,10,0,10,RUNNING,RUNNING,RUNNING,141,1861,2002,83.22,1313.58,true
1780852492259,721205,step,2004,236,237,RUNNING,10,0,10,RUNNING,RUNNING,RUNNING,141,1862,2003,83.22,1313.58,true
1780852492546,721492,step,2005,287,237,RUNNING,10,0,10,RUNNING,RUNNING,RUNNING,141,1863,2004,83.22,1315.91,true
1780852492833,721779,step,2006,287,209,RUNNING,10,0,10,RUNNING,RUNNING,RUNNING,141,1864,2005,83.22,1315.91,true
1780852493255,722201,step,2007,422,209,RUNNING,10,0,10,RUNNING,RUNNING,RUNNING,141,1865,2006,83.22,1315.91,true
1780852493542,722488,step,2008,287,209,RUNNING,10,0,10,RUNNING,RUNNING,RUNNING,141,1866,2007,83.22,1318.31,true
1780852493829,722775,step,2009,287,209,RUNNING,10,0,10,RUNNING,RUNNING,RUNNING,141,1867,2008,83.22,1318.31,true
1780852494100,723046,step,2010,271,209,RUNNING,10,0,10,RUNNING,RUNNING,RUNNING,141,1868,2009,83.22,1318.31,true
1780852494420,723366,step,2011,320,209,RUNNING,10,0,10,RUNNING,RUNNING,RUNNING,141,1869,2010,83.22,1320.77,true
1780852494758,723704,step,2012,338,209,RUNNING,10,0,10,RUNNING,RUNNING,RUNNING,141,1870,2011,83.22,1320.77,true
1780852495028,723974,step,2013,270,209,RUNNING,10,0,10,RUNNING,RUNNING,RUNNING,141,1871,2012,83.22,1320.77,true
1780852495298,724244,step,2014,270,221,RUNNING,10,0,10,RUNNING,RUNNING,RUNNING,141,1872,2013,83.22,1320.77,true
1780852495552,724498,step,2015,254,222,RUNNING,10,0,10,RUNNING,RUNNING,RUNNING,141,1873,2014,83.22,1323.24,true
1780852495805,724751,step,2016,253,222,RUNNING,10,0,10,RUNNING,RUNNING,RUNNING,141,1874,2015,83.22,1323.24,true
1780852496075,725021,step,2017,270,222,RUNNING,10,0,10,RUNNING,RUNNING,RUNNING,141,1875,2016,83.22,1323.24,true
1780852496413,725359,step,2018,338,222,RUNNING,10,0,10,RUNNING,RUNNING,RUNNING,141,1876,2017,83.22,1325.64,true
1780852496649,725595,step,2019,236,236,RUNNING,10,0,10,RUNNING,RUNNING,RUNNING,141,1877,2018,83.22,1325.64,true
1780852497038,725984,step,2020,389,222,RUNNING,10,0,10,RUNNING,RUNNING,RUNNING,141,1878,2019,83.22,1325.64,true
1780852497274,726220,step,2021,236,222,RUNNING,10,0,10,RUNNING,RUNNING,RUNNING,141,1879,2020,83.22,1325.64,true
1780852497612,726558,step,2022,338,177,RUNNING,10,0,10,RUNNING,RUNNING,RUNNING,141,1880,2021,83.22,1327.93,true
1780852497932,726878,step,2023,320,187,RUNNING,10,0,10,RUNNING,RUNNING,RUNNING,141,1881,2022,83.22,1327.93,true
1780852498169,727115,step,2024,237,187,RUNNING,10,0,10,RUNNING,RUNNING,RUNNING,141,1882,2023,83.22,1327.93,true
1780852498490,727436,step,2025,321,187,RUNNING,10,0,10,RUNNING,RUNNING,RUNNING,141,1883,2024,83.22,1330.03,true
1780852498810,727756,step,2026,320,187,RUNNING,10,0,10,RUNNING,RUNNING,RUNNING,141,1884,2025,83.22,1330.03,true
1780852499081,728027,step,2027,271,187,RUNNING,10,0,10,RUNNING,RUNNING,RUNNING,141,1885,2026,83.22,1330.03,true
1780852499317,728263,step,2028,236,221,RUNNING,10,0,10,RUNNING,RUNNING,RUNNING,141,1886,2027,83.22,1330.03,true
1780852499604,728550,step,2029,287,209,RUNNING,10,0,10,RUNNING,RUNNING,RUNNING,141,1887,2028,83.22,1332.17,true
1780852499840,728786,step,2030,236,221,RUNNING,10,0,10,RUNNING,RUNNING,RUNNING,141,1888,2029,83.22,1332.17,true
1780852500127,729073,step,2031,287,221,RUNNING,10,0,10,RUNNING,RUNNING,RUNNING,141,1889,2030,83.22,1332.17,true
1780852500516,729462,step,2032,389,209,RUNNING,10,0,10,RUNNING,RUNNING,RUNNING,141,1890,2031,83.22,1334.68,true
1780852500921,729867,step,2033,405,209,RUNNING,10,0,10,RUNNING,RUNNING,RUNNING,141,1891,2032,83.22,1334.68,true
1780852501276,730222,step,2034,355,169,RUNNING,10,0,10,RUNNING,RUNNING,RUNNING,141,1892,2033,83.22,1334.68,true
1780852501563,730509,step,2035,287,169,RUNNING,10,0,10,RUNNING,RUNNING,RUNNING,141,1893,2034,83.22,1337.35,true
1780852501850,730796,step,2036,287,169,RUNNING,10,0,10,RUNNING,RUNNING,RUNNING,141,1894,2035,83.22,1337.35,true
1780852502103,731049,step,2037,253,209,RUNNING,10,0,10,RUNNING,RUNNING,RUNNING,141,1895,2036,83.22,1337.35,true
1780852502390,731336,step,2038,287,209,RUNNING,10,0,10,RUNNING,RUNNING,RUNNING,141,1896,2037,83.22,1337.35,true
1780852502694,731640,step,2039,304,209,RUNNING,10,0,10,RUNNING,RUNNING,RUNNING,141,1897,2038,83.22,1339.78,true
1780852502981,731927,step,2040,287,209,RUNNING,10,0,10,RUNNING,RUNNING,RUNNING,141,1898,2039,83.22,1339.78,true
1780852503251,732197,step,2041,270,209,RUNNING,10,0,10,RUNNING,RUNNING,RUNNING,141,1899,2040,83.22,1339.78,true
1780852503487,732433,step,2042,236,209,RUNNING,10,0,10,RUNNING,RUNNING,RUNNING,141,1900,2041,83.22,1342.53,true
1780852503741,732687,step,2043,254,222,RUNNING,10,0,10,RUNNING,RUNNING,RUNNING,141,1901,2042,83.22,1342.53,true
1780852504011,732957,step,2044,270,222,RUNNING,10,0,10,RUNNING,RUNNING,RUNNING,141,1902,2043,83.22,1342.53,true
1780852504281,733227,step,2045,270,222,RUNNING,10,0,10,RUNNING,RUNNING,RUNNING,141,1903,2044,83.22,1342.53,true
1780852504551,733497,step,2046,270,222,RUNNING,10,0,10,RUNNING,RUNNING,RUNNING,141,1904,2045,83.22,1345.33,true
1780852504788,733734,step,2047,237,222,RUNNING,10,0,10,RUNNING,RUNNING,RUNNING,141,1905,2046,83.22,1345.33,true
1780852505075,734021,step,2048,287,222,RUNNING,10,0,10,RUNNING,RUNNING,RUNNING,141,1906,2047,83.22,1345.33,true
1780852505345,734291,step,2049,270,222,RUNNING,10,0,10,RUNNING,RUNNING,RUNNING,141,1907,2048,83.22,1345.33,true
1780852505598,734544,step,2050,253,222,RUNNING,10,0,10,RUNNING,RUNNING,RUNNING,141,1908,2049,83.22,1347.99,true
1780852505834,734780,step,2051,236,237,RUNNING,10,0,10,RUNNING,RUNNING,RUNNING,141,1909,2050,83.22,1347.99,true
1780852506122,735068,step,2052,288,222,RUNNING,10,0,10,RUNNING,RUNNING,RUNNING,141,1910,2051,83.22,1347.99,true
1780852506358,735304,step,2053,236,237,RUNNING,10,0,10,RUNNING,RUNNING,RUNNING,141,1911,2052,83.22,1347.99,true
1780852506628,735574,step,2054,270,237,RUNNING,10,0,10,RUNNING,RUNNING,RUNNING,141,1912,2053,83.22,1350.72,true
1780852506881,735827,step,2055,253,237,RUNNING,10,0,10,RUNNING,RUNNING,RUNNING,141,1913,2054,83.22,1350.72,true
1780852507202,736148,step,2056,321,222,RUNNING,10,0,10,RUNNING,RUNNING,RUNNING,141,1914,2055,83.22,1350.72,true
1780852507523,736469,step,2057,321,222,RUNNING,10,0,10,RUNNING,RUNNING,RUNNING,141,1915,2056,83.22,1353.36,true
1780852507776,736722,step,2058,253,222,RUNNING,10,0,10,RUNNING,RUNNING,RUNNING,141,1916,2057,83.22,1353.36,true
1780852508097,737043,step,2059,321,186,RUNNING,10,0,10,RUNNING,RUNNING,RUNNING,141,1917,2058,83.22,1353.36,true
1780852508485,737431,step,2060,388,186,RUNNING,10,0,10,RUNNING,RUNNING,RUNNING,141,1918,2059,83.22,1355.76,true
1780852508891,737837,step,2061,406,186,RUNNING,10,0,10,RUNNING,RUNNING,RUNNING,141,1919,2060,83.22,1355.76,true
1780852509228,738174,step,2062,337,178,RUNNING,10,0,10,RUNNING,RUNNING,RUNNING,141,1920,2061,83.22,1355.76,true
1780852509684,738630,step,2063,456,154,RUNNING,10,0,10,RUNNING,RUNNING,RUNNING,141,1921,2062,83.22,1358.31,true
1780852510072,739018,step,2064,388,154,RUNNING,10,0,10,RUNNING,RUNNING,RUNNING,141,1922,2063,83.22,1358.31,true
1780852510478,739424,step,2065,406,147,WALKING,9,1,10,RUNNING,RUNNING,RUNNING,141,1923,2064,83.22,1361.11,true
1780852510883,739829,step,2066,405,148,WALKING,8,2,10,RUNNING,RUNNING,RUNNING,141,1924,2065,83.22,1361.11,true
1780852511288,740234,step,2067,405,148,WALKING,7,3,10,RUNNING,RUNNING,RUNNING,141,1925,2066,83.22,1361.11,true
1780852511676,740622,step,2068,388,148,WALKING,6,4,10,RUNNING,RUNNING,RUNNING,141,1926,2067,83.22,1364.00,true
1780852511963,740909,step,2069,287,148,WALKING,5,5,10,RUNNING,RUNNING,RUNNING,141,1927,2068,83.22,1364.00,true
1780852512251,741197,step,2070,288,154,RUNNING,5,5,10,RUNNING,RUNNING,RUNNING,141,1928,2069,83.22,1364.00,true
1780852512487,741433,step,2071,236,208,RUNNING,5,5,10,RUNNING,RUNNING,RUNNING,141,1929,2070,83.22,1366.93,true
1780852512774,741720,step,2072,287,209,RUNNING,5,5,10,RUNNING,RUNNING,RUNNING,141,1930,2071,83.22,1366.93,true
1780852513010,741956,step,2073,236,209,RUNNING,5,5,10,RUNNING,RUNNING,RUNNING,141,1931,2072,83.22,1366.93,true
1780852513280,742226,step,2074,270,222,RUNNING,5,5,10,RUNNING,RUNNING,RUNNING,141,1932,2073,83.22,1366.93,true
1780852513570,742516,step,2075,290,222,RUNNING,6,4,10,RUNNING,RUNNING,RUNNING,141,1933,2074,83.22,1369.80,true
1780852513851,742797,step,2076,281,213,RUNNING,7,3,10,RUNNING,RUNNING,RUNNING,141,1934,2075,83.22,1369.80,true
1780852514127,743073,step,2077,276,217,RUNNING,8,2,10,RUNNING,RUNNING,RUNNING,141,1935,2076,83.22,1369.80,true
1780852514445,743391,step,2078,318,213,RUNNING,9,1,10,RUNNING,RUNNING,RUNNING,141,1936,2077,83.22,1372.70,true
1780852514741,743687,step,2079,296,206,RUNNING,10,0,10,RUNNING,RUNNING,RUNNING,141,1937,2078,83.22,1372.70,true
1780852514992,743938,step,2080,251,213,RUNNING,10,0,10,RUNNING,RUNNING,RUNNING,141,1938,2079,83.22,1372.70,true
1780852515284,744230,step,2081,292,205,RUNNING,10,0,10,RUNNING,RUNNING,RUNNING,141,1939,2080,83.22,1372.70,true
1780852515639,744585,step,2082,355,202,RUNNING,10,0,10,RUNNING,RUNNING,RUNNING,141,1940,2081,83.22,1375.58,true
1780852515909,744855,step,2083,270,205,RUNNING,10,0,10,RUNNING,RUNNING,RUNNING,141,1941,2082,83.22,1375.58,true
1780852516145,745091,step,2084,236,222,RUNNING,10,0,10,RUNNING,RUNNING,RUNNING,141,1942,2083,83.22,1375.58,true
1780852516551,745497,step,2085,406,205,RUNNING,10,0,10,RUNNING,RUNNING,RUNNING,141,1943,2084,83.22,1378.38,true
1780852516787,745733,step,2086,236,222,RUNNING,10,0,10,RUNNING,RUNNING,RUNNING,141,1944,2085,83.22,1378.38,true
1780852517024,745970,step,2087,237,253,RUNNING,10,0,10,RUNNING,RUNNING,RUNNING,141,1945,2086,83.22,1378.38,true
1780852517294,746240,step,2088,270,253,RUNNING,10,0,10,RUNNING,RUNNING,RUNNING,141,1946,2087,83.22,1378.38,true
1780852517530,746476,step,2089,236,253,RUNNING,10,0,10,RUNNING,RUNNING,RUNNING,141,1947,2088,83.22,1380.83,true
1780852517766,746712,step,2090,236,254,RUNNING,10,0,10,RUNNING,RUNNING,RUNNING,141,1948,2089,83.22,1380.83,true
1780852518020,746966,step,2091,254,253,RUNNING,10,0,10,RUNNING,RUNNING,RUNNING,141,1949,2090,83.22,1380.83,true
1780852518290,747236,step,2092,270,236,RUNNING,10,0,10,RUNNING,RUNNING,RUNNING,141,1950,2091,83.22,1380.83,true
1780852518611,747557,step,2093,321,236,RUNNING,10,0,10,RUNNING,RUNNING,RUNNING,141,1951,2092,83.22,1383.05,true
1780852518864,747810,step,2094,253,236,RUNNING,10,0,10,RUNNING,RUNNING,RUNNING,141,1952,2093,83.22,1383.05,true
1780852519117,748063,step,2095,253,236,RUNNING,10,0,10,RUNNING,RUNNING,RUNNING,141,1953,2094,83.22,1383.05,true
1780852519371,748317,step,2096,254,236,RUNNING,10,0,10,RUNNING,RUNNING,RUNNING,141,1954,2095,83.22,1383.05,true
1780852519843,748789,step,2097,472,236,RUNNING,10,0,10,RUNNING,RUNNING,RUNNING,141,1955,2096,83.22,1385.28,true
1780852520181,749127,step,2098,338,236,RUNNING,10,0,10,RUNNING,RUNNING,RUNNING,141,1956,2097,83.22,1385.28,true
1780852520468,749414,step,2099,287,209,RUNNING,10,0,10,RUNNING,RUNNING,RUNNING,141,1957,2098,83.22,1387.35,true
1780852524082,753028,step,2100,3614,177,RUNNING,10,0,10,RUNNING,RUNNING,RUNNING,141,1958,2099,83.22,1388.22,true
1780852524352,753298,step,2101,270,177,RUNNING,10,0,10,RUNNING,RUNNING,RUNNING,141,1959,2100,83.22,1388.22,true
1780852524588,753534,step,2102,236,209,RUNNING,10,0,10,RUNNING,RUNNING,RUNNING,141,1960,2101,83.22,1388.22,true
1780852524875,753821,step,2103,287,209,RUNNING,10,0,10,RUNNING,RUNNING,RUNNING,141,1961,2102,83.22,1388.22,true
1780852525180,754126,step,2104,305,209,RUNNING,10,0,10,RUNNING,RUNNING,RUNNING,141,1962,2103,83.22,1388.22,true
1780852525434,754380,step,2105,254,222,RUNNING,10,0,10,RUNNING,RUNNING,RUNNING,141,1963,2104,83.22,1388.22,true
1780852536728,765674,step,2106,11294,209,RUNNING,10,0,10,RUNNING,RUNNING,RUNNING,141,1964,2105,83.22,1388.22,true
1780852537015,765961,step,2107,287,209,RUNNING,10,0,10,RUNNING,RUNNING,RUNNING,141,1965,2106,83.22,1388.22,true
1780852537353,766299,step,2108,338,196,RUNNING,10,0,10,RUNNING,RUNNING,RUNNING,141,1966,2107,83.22,1388.22,true
1780852537674,766620,step,2109,321,186,RUNNING,10,0,10,RUNNING,RUNNING,RUNNING,141,1967,2108,83.22,1388.22,true
1780852537910,766856,step,2110,236,186,RUNNING,10,0,10,RUNNING,RUNNING,RUNNING,141,1968,2109,83.22,1388.22,true
1780852538214,767160,step,2111,304,197,RUNNING,10,0,10,RUNNING,RUNNING,RUNNING,141,1969,2110,83.22,1388.22,true
1780852538501,767447,step,2112,287,197,RUNNING,10,0,10,RUNNING,RUNNING,RUNNING,141,1970,2111,83.22,1388.22,true
1780852538735,767681,step,2113,234,209,RUNNING,10,0,10,RUNNING,RUNNING,RUNNING,141,1971,2112,83.22,1388.22,true
1780852539034,767980,step,2114,299,209,RUNNING,10,0,10,RUNNING,RUNNING,RUNNING,141,1972,2113,83.22,1388.22,true
1780852539312,768258,step,2115,278,209,RUNNING,10,0,10,RUNNING,RUNNING,RUNNING,141,1973,2114,83.22,1388.22,true
1780852539671,768617,step,2116,359,209,RUNNING,10,0,10,RUNNING,RUNNING,RUNNING,141,1974,2115,83.22,1388.22,true
1780852539967,768913,step,2117,296,202,RUNNING,10,0,10,RUNNING,RUNNING,RUNNING,141,1975,2116,83.22,1388.22,true
1780852540390,769336,step,2118,423,200,RUNNING,10,0,10,RUNNING,RUNNING,RUNNING,141,1976,2117,83.22,1388.22,true
1780852540814,769760,step,2119,424,167,RUNNING,10,0,10,RUNNING,RUNNING,RUNNING,141,1977,2118,83.22,1388.22,true
1780852541216,770162,step,2120,402,149,WALKING,9,1,10,RUNNING,RUNNING,RUNNING,141,1978,2119,83.22,1388.22,true
1780852541469,770415,step,2121,253,149,WALKING,8,2,10,RUNNING,RUNNING,RUNNING,141,1979,2120,83.22,1390.45,true
1780852541723,770669,step,2122,254,149,WALKING,7,3,10,RUNNING,RUNNING,RUNNING,141,1980,2121,83.22,1390.45,true
1780852541998,770944,step,2123,275,218,RUNNING,7,3,10,RUNNING,RUNNING,RUNNING,141,1981,2122,83.22,1390.45,true
1780852542231,771177,step,2124,233,236,RUNNING,7,3,10,RUNNING,RUNNING,RUNNING,141,1982,2123,83.22,1390.45,true
1780852542485,771431,step,2125,254,236,RUNNING,7,3,10,RUNNING,RUNNING,RUNNING,141,1983,2124,83.22,1392.73,true
1780852542718,771664,step,2126,233,236,RUNNING,7,3,10,RUNNING,RUNNING,RUNNING,141,1984,2125,83.22,1392.73,true
1780852542952,771898,step,2127,234,256,RUNNING,7,3,10,RUNNING,RUNNING,RUNNING,141,1985,2126,83.22,1392.73,true
1780852543189,772135,step,2128,237,256,RUNNING,7,3,10,RUNNING,RUNNING,RUNNING,141,1986,2127,83.22,1392.73,true
1780852543593,772539,step,2129,404,253,RUNNING,7,3,10,RUNNING,RUNNING,RUNNING,141,1987,2128,83.22,1394.91,true
1780852543931,772877,step,2130,338,253,RUNNING,8,2,10,RUNNING,RUNNING,RUNNING,141,1988,2129,83.22,1394.91,true
1780852544201,773147,step,2131,270,222,RUNNING,9,1,10,RUNNING,RUNNING,RUNNING,141,1989,2130,83.22,1394.91,true
1780852544488,773434,step,2132,287,209,RUNNING,10,0,10,RUNNING,RUNNING,RUNNING,141,1990,2131,83.22,1396.97,true
1780852544792,773738,step,2133,304,197,RUNNING,10,0,10,RUNNING,RUNNING,RUNNING,141,1991,2132,83.22,1396.97,true
1780852545029,773975,step,2134,237,209,RUNNING,10,0,10,RUNNING,RUNNING,RUNNING,141,1992,2133,83.22,1396.97,true
1780852545332,774278,step,2135,303,209,RUNNING,10,0,10,RUNNING,RUNNING,RUNNING,141,1993,2134,83.22,1396.97,true
1780852545603,774549,step,2136,271,209,RUNNING,10,0,10,RUNNING,RUNNING,RUNNING,141,1994,2135,83.22,1399.31,true
1780852545839,774785,step,2137,236,221,RUNNING,10,0,10,RUNNING,RUNNING,RUNNING,141,1995,2136,83.22,1399.31,true
1780852546092,775038,step,2138,253,237,RUNNING,10,0,10,RUNNING,RUNNING,RUNNING,141,1996,2137,83.22,1399.31,true
1780852546430,775376,step,2139,338,221,RUNNING,10,0,10,RUNNING,RUNNING,RUNNING,141,1997,2138,83.22,1401.84,true
1780852546717,775663,step,2140,287,221,RUNNING,10,0,10,RUNNING,RUNNING,RUNNING,141,1998,2139,83.22,1401.84,true
1780852546970,775916,step,2141,253,237,RUNNING,10,0,10,RUNNING,RUNNING,RUNNING,141,1999,2140,83.22,1401.84,true
1780852547291,776237,step,2142,321,209,RUNNING,10,0,10,RUNNING,RUNNING,RUNNING,141,2000,2141,83.22,1401.84,true
1780852547544,776490,step,2143,253,209,RUNNING,10,0,10,RUNNING,RUNNING,RUNNING,141,2001,2142,83.22,1404.37,true
1780852547814,776760,step,2144,270,222,RUNNING,10,0,10,RUNNING,RUNNING,RUNNING,141,2002,2143,83.22,1404.37,true
1780852548118,777064,step,2145,304,222,RUNNING,10,0,10,RUNNING,RUNNING,RUNNING,141,2003,2144,83.22,1404.37,true
1780852548372,777318,step,2146,254,222,RUNNING,10,0,10,RUNNING,RUNNING,RUNNING,141,2004,2145,83.22,1404.37,true
1780852548608,777554,step,2147,236,236,RUNNING,10,0,10,RUNNING,RUNNING,RUNNING,141,2005,2146,83.22,1406.87,true
1780852548929,777875,step,2148,321,222,RUNNING,10,0,10,RUNNING,RUNNING,RUNNING,141,2006,2147,83.22,1406.87,true
1780852549165,778111,step,2149,236,236,RUNNING,10,0,10,RUNNING,RUNNING,RUNNING,141,2007,2148,83.22,1406.87,true
1780852549419,778365,step,2150,254,236,RUNNING,10,0,10,RUNNING,RUNNING,RUNNING,141,2008,2149,83.22,1409.16,true
1780852549824,778770,step,2151,405,236,RUNNING,10,0,10,RUNNING,RUNNING,RUNNING,141,2009,2150,83.22,1409.16,true
1780852550145,779091,step,2152,321,186,RUNNING,10,0,10,RUNNING,RUNNING,RUNNING,141,2010,2151,83.22,1409.16,true
1780852550415,779361,step,2153,270,222,RUNNING,10,0,10,RUNNING,RUNNING,RUNNING,141,2011,2152,83.22,1411.30,true
1780852550651,779597,step,2154,236,222,RUNNING,10,0,10,RUNNING,RUNNING,RUNNING,141,2012,2153,83.22,1411.30,true
1780852551006,779952,step,2155,355,186,RUNNING,10,0,10,RUNNING,RUNNING,RUNNING,141,2013,2154,83.22,1411.30,true
1780852551242,780188,step,2156,236,222,RUNNING,10,0,10,RUNNING,RUNNING,RUNNING,141,2014,2155,83.22,1411.30,true
1780852551529,780475,step,2157,287,222,RUNNING,10,0,10,RUNNING,RUNNING,RUNNING,141,2015,2156,83.22,1413.42,true
1780852551833,780779,step,2158,304,209,RUNNING,10,0,10,RUNNING,RUNNING,RUNNING,141,2016,2157,83.22,1413.42,true
1780852552238,781184,step,2159,405,197,RUNNING,10,0,10,RUNNING,RUNNING,RUNNING,141,2017,2158,83.22,1413.42,true
1780852552643,781589,step,2160,405,197,RUNNING,10,0,10,RUNNING,RUNNING,RUNNING,141,2018,2159,83.22,1415.63,true
1780852553049,781995,step,2161,406,148,WALKING,9,1,10,RUNNING,RUNNING,RUNNING,141,2019,2160,83.22,1415.63,true
1780852553437,782383,step,2162,388,148,WALKING,8,2,10,RUNNING,RUNNING,RUNNING,141,2020,2161,83.22,1417.24,true
1780852553842,782788,step,2163,405,148,WALKING,7,3,10,RUNNING,RUNNING,RUNNING,141,2021,2162,83.22,1417.24,true
1780852554247,783193,step,2164,405,148,WALKING,6,4,10,RUNNING,RUNNING,RUNNING,141,2022,2163,83.22,1417.24,true
1780852554653,783599,step,2165,406,148,WALKING,5,5,10,RUNNING,RUNNING,RUNNING,141,2023,2164,83.22,1419.09,true
1780852554940,783886,switch,2166,287,148,WALKING,4,6,10,RUNNING,WALKING,RUNNING,141,2024,2165,83.22,1419.09,true
1780852554940,783886,step,2166,287,148,WALKING,4,6,10,RUNNING,WALKING,WALKING,141,2024,2165,83.22,1419.09,true
1780852555176,784122,step,2167,236,148,WALKING,3,7,10,WALKING,WALKING,WALKING,142,2024,2166,83.70,1419.09,true
1780852555463,784409,step,2168,287,209,RUNNING,3,7,10,WALKING,WALKING,WALKING,143,2024,2167,86.76,1419.09,true
1780852555818,784764,step,2169,355,209,RUNNING,3,7,10,WALKING,WALKING,WALKING,144,2024,2168,86.76,1419.09,true
1780852556223,785169,step,2170,405,209,RUNNING,3,7,10,WALKING,WALKING,WALKING,145,2024,2169,86.76,1419.09,true
1780852556527,785473,step,2171,304,197,RUNNING,4,6,10,WALKING,WALKING,WALKING,146,2024,2170,89.52,1419.09,true
1780852556780,785726,step,2172,253,197,RUNNING,5,5,10,WALKING,WALKING,WALKING,147,2024,2171,89.52,1419.09,true
1780852557033,785979,step,2173,253,197,RUNNING,6,4,10,WALKING,WALKING,WALKING,148,2024,2172,89.52,1419.09,true
1780852557422,786368,step,2174,389,197,RUNNING,7,3,10,WALKING,WALKING,WALKING,149,2024,2173,92.22,1419.09,true
1780852557844,786790,switch,2175,422,197,RUNNING,8,2,10,WALKING,RUNNING,WALKING,150,2024,2174,92.22,1419.09,true
1780852557844,786790,step,2175,422,197,RUNNING,8,2,10,WALKING,RUNNING,RUNNING,150,2024,2174,92.22,1419.09,true
1780852558232,787178,step,2176,388,154,RUNNING,9,1,10,RUNNING,RUNNING,RUNNING,150,2025,2175,92.22,1419.91,true
1780852558654,787600,step,2177,422,154,RUNNING,10,0,10,RUNNING,RUNNING,RUNNING,150,2026,2176,92.22,1423.61,true
1780852558908,787854,step,2178,254,154,RUNNING,10,0,10,RUNNING,RUNNING,RUNNING,150,2027,2177,92.22,1423.61,true
1780852559161,788107,step,2179,253,154,RUNNING,10,0,10,RUNNING,RUNNING,RUNNING,150,2028,2178,92.22,1423.61,true
1780852559449,788395,step,2180,288,208,RUNNING,10,0,10,RUNNING,RUNNING,RUNNING,150,2029,2179,92.22,1426.53,true
1780852559719,788665,step,2181,270,222,RUNNING,10,0,10,RUNNING,RUNNING,RUNNING,150,2030,2180,92.22,1426.53,true
1780852559989,788935,step,2182,270,222,RUNNING,10,0,10,RUNNING,RUNNING,RUNNING,150,2031,2181,92.22,1426.53,true
1780852560241,789187,step,2183,252,222,RUNNING,10,0,10,RUNNING,RUNNING,RUNNING,150,2032,2182,92.22,1426.53,true
1780852560647,789593,step,2184,406,222,RUNNING,10,0,10,RUNNING,RUNNING,RUNNING,150,2033,2183,92.22,1429.41,true
1780852560967,789913,step,2185,320,222,RUNNING,10,0,10,RUNNING,RUNNING,RUNNING,150,2034,2184,92.22,1429.41,true
1780852561423,790369,step,2186,456,187,RUNNING,10,0,10,RUNNING,RUNNING,RUNNING,150,2035,2185,92.22,1432.24,true
1780852561778,790724,step,2187,355,169,RUNNING,10,0,10,RUNNING,RUNNING,RUNNING,150,2036,2186,92.22,1432.24,true
1780852562217,791163,step,2188,439,147,WALKING,9,1,10,RUNNING,RUNNING,RUNNING,150,2037,2187,92.22,1432.24,true
1780852562571,791517,step,2189,354,169,RUNNING,9,1,10,RUNNING,RUNNING,RUNNING,150,2038,2188,92.22,1435.14,true
1780852563027,791973,step,2190,456,136,WALKING,8,2,10,RUNNING,RUNNING,RUNNING,150,2039,2189,92.22,1435.14,true
1780852563365,792311,step,2191,338,169,RUNNING,8,2,10,RUNNING,RUNNING,RUNNING,150,2040,2190,92.22,1435.14,true
1780852563601,792547,step,2192,236,169,RUNNING,8,2,10,RUNNING,RUNNING,RUNNING,150,2041,2191,92.22,1437.82,true
1780852563956,792902,step,2193,355,169,RUNNING,8,2,10,RUNNING,RUNNING,RUNNING,150,2042,2192,92.22,1437.82,true
1780852564243,793189,step,2194,287,177,RUNNING,8,2,10,RUNNING,RUNNING,RUNNING,150,2043,2193,92.22,1437.82,true
1780852564631,793577,step,2195,388,177,RUNNING,8,2,10,RUNNING,RUNNING,RUNNING,150,2044,2194,92.22,1440.56,true
1780852564969,793915,step,2196,338,177,RUNNING,8,2,10,RUNNING,RUNNING,RUNNING,150,2045,2195,92.22,1440.56,true
1780852565425,794371,step,2197,456,169,RUNNING,8,2,10,RUNNING,RUNNING,RUNNING,150,2046,2196,92.22,1443.31,true
1780852565847,794793,step,2198,422,154,RUNNING,9,1,10,RUNNING,RUNNING,RUNNING,150,2047,2197,92.22,1443.31,true
1780852566185,795131,step,2199,338,154,RUNNING,9,1,10,RUNNING,RUNNING,RUNNING,150,2048,2198,92.22,1443.31,true
1780852566438,795384,step,2200,253,177,RUNNING,10,0,10,RUNNING,RUNNING,RUNNING,150,2049,2199,92.22,1446.08,true
1780852566708,795654,step,2201,270,177,RUNNING,10,0,10,RUNNING,RUNNING,RUNNING,150,2050,2200,92.22,1446.08,true
1780852567029,795975,step,2202,321,186,RUNNING,10,0,10,RUNNING,RUNNING,RUNNING,150,2051,2201,92.22,1446.08,true
1780852567383,796329,step,2203,354,186,RUNNING,10,0,10,RUNNING,RUNNING,RUNNING,150,2052,2202,92.22,1446.08,true
1780852567839,796785,step,2204,456,186,RUNNING,10,0,10,RUNNING,RUNNING,RUNNING,150,2053,2203,92.22,1448.97,true
1780852568244,797190,step,2205,405,169,RUNNING,10,0,10,RUNNING,RUNNING,RUNNING,150,2054,2204,92.22,1448.97,true
1780852568650,797596,step,2206,406,148,WALKING,9,1,10,RUNNING,RUNNING,RUNNING,150,2055,2205,92.22,1451.72,true
1780852569072,798018,step,2207,422,147,WALKING,8,2,10,RUNNING,RUNNING,RUNNING,150,2056,2206,92.22,1451.72,true
1780852569460,798406,step,2208,388,147,WALKING,7,3,10,RUNNING,RUNNING,RUNNING,150,2057,2207,92.22,1454.15,true
1780852569781,798727,step,2209,321,148,WALKING,6,4,10,RUNNING,RUNNING,RUNNING,150,2058,2208,92.22,1454.15,true
1780852570102,799048,step,2210,321,154,RUNNING,6,4,10,RUNNING,RUNNING,RUNNING,150,2059,2209,92.22,1454.15,true
1780852570389,799335,step,2211,287,186,RUNNING,6,4,10,RUNNING,RUNNING,RUNNING,150,2060,2210,92.22,1454.15,true
1780852570659,799605,step,2212,270,186,RUNNING,6,4,10,RUNNING,RUNNING,RUNNING,150,2061,2211,92.22,1456.58,true
1780852571030,799976,step,2213,371,186,RUNNING,6,4,10,RUNNING,RUNNING,RUNNING,150,2062,2212,92.22,1456.58,true
1780852571317,800263,step,2214,287,209,RUNNING,6,4,10,RUNNING,RUNNING,RUNNING,150,2063,2213,92.22,1456.58,true
1780852571638,800584,step,2215,321,209,RUNNING,6,4,10,RUNNING,RUNNING,RUNNING,150,2064,2214,92.22,1459.00,true
1780852571959,800905,step,2216,321,186,RUNNING,7,3,10,RUNNING,RUNNING,RUNNING,150,2065,2215,92.22,1459.00,true
1780852572246,801192,step,2217,287,186,RUNNING,8,2,10,RUNNING,RUNNING,RUNNING,150,2066,2216,92.22,1459.00,true
1780852572634,801580,step,2218,388,186,RUNNING,9,1,10,RUNNING,RUNNING,RUNNING,150,2067,2217,92.22,1461.44,true
1780852573056,802002,step,2219,422,186,RUNNING,10,0,10,RUNNING,RUNNING,RUNNING,150,2068,2218,92.22,1461.44,true
1780852573445,802391,step,2220,389,154,RUNNING,10,0,10,RUNNING,RUNNING,RUNNING,150,2069,2219,92.22,1463.95,true
1780852573850,802796,step,2221,405,154,RUNNING,10,0,10,RUNNING,RUNNING,RUNNING,150,2070,2220,92.22,1463.95,true
1780852574221,803167,step,2222,371,154,RUNNING,10,0,10,RUNNING,RUNNING,RUNNING,150,2071,2221,92.22,1463.95,true
1780852574643,803589,step,2223,422,148,WALKING,9,1,10,RUNNING,RUNNING,RUNNING,150,2072,2222,92.22,1466.50,true
1780852575015,803961,step,2224,372,154,RUNNING,9,1,10,RUNNING,RUNNING,RUNNING,150,2073,2223,92.22,1466.50,true
1780852575420,804366,step,2225,405,148,WALKING,8,2,10,RUNNING,RUNNING,RUNNING,150,2074,2224,92.22,1469.12,true
1780852575808,804754,step,2226,388,154,RUNNING,8,2,10,RUNNING,RUNNING,RUNNING,150,2075,2225,92.22,1469.12,true
1780852576146,805092,step,2227,338,154,RUNNING,8,2,10,RUNNING,RUNNING,RUNNING,150,2076,2226,92.22,1469.12,true
1780852576382,805328,step,2228,236,161,RUNNING,8,2,10,RUNNING,RUNNING,RUNNING,150,2077,2227,92.22,1469.12,true
1780852576619,805565,step,2229,237,177,RUNNING,8,2,10,RUNNING,RUNNING,RUNNING,150,2078,2228,92.22,1471.82,true
1780852577041,805987,step,2230,422,177,RUNNING,8,2,10,RUNNING,RUNNING,RUNNING,150,2079,2229,92.22,1471.82,true
1780852577429,806375,step,2231,388,177,RUNNING,8,2,10,RUNNING,RUNNING,RUNNING,150,2080,2230,92.22,1474.48,true
1780852577784,806730,step,2232,355,169,RUNNING,8,2,10,RUNNING,RUNNING,RUNNING,150,2081,2231,92.22,1474.48,true
1780852578037,806983,step,2233,253,169,RUNNING,9,1,10,RUNNING,RUNNING,RUNNING,150,2082,2232,92.22,1474.48,true
1780852578341,807287,step,2234,304,169,RUNNING,9,1,10,RUNNING,RUNNING,RUNNING,150,2083,2233,92.22,1474.48,true
1780852578645,807591,step,2235,304,197,RUNNING,10,0,10,RUNNING,RUNNING,RUNNING,150,2084,2234,92.22,1477.31,true
1780852579016,807962,step,2236,371,197,RUNNING,10,0,10,RUNNING,RUNNING,RUNNING,150,2085,2235,92.22,1477.31,true
1780852579354,808300,step,2237,338,197,RUNNING,10,0,10,RUNNING,RUNNING,RUNNING,150,2086,2236,92.22,1477.31,true
1780852579590,808536,step,2238,236,197,RUNNING,10,0,10,RUNNING,RUNNING,RUNNING,150,2087,2237,92.22,1480.22,true
1780852579928,808874,step,2239,338,177,RUNNING,10,0,10,RUNNING,RUNNING,RUNNING,150,2088,2238,92.22,1480.22,true
1780852580164,809110,step,2240,236,177,RUNNING,10,0,10,RUNNING,RUNNING,RUNNING,150,2089,2239,92.22,1480.22,true
1780852580603,809549,step,2241,439,177,RUNNING,10,0,10,RUNNING,RUNNING,RUNNING,150,2090,2240,92.22,1483.07,true
1780852580958,809904,step,2242,355,177,RUNNING,10,0,10,RUNNING,RUNNING,RUNNING,150,2091,2241,92.22,1483.07,true
1780852581414,810360,step,2243,456,169,RUNNING,10,0,10,RUNNING,RUNNING,RUNNING,150,2092,2242,92.22,1485.79,true
1780852581734,810680,step,2244,320,169,RUNNING,10,0,10,RUNNING,RUNNING,RUNNING,150,2093,2243,92.22,1485.79,true
1780852581988,810934,step,2245,254,169,RUNNING,10,0,10,RUNNING,RUNNING,RUNNING,150,2094,2244,92.22,1485.79,true
1780852582308,811254,step,2246,320,187,RUNNING,10,0,10,RUNNING,RUNNING,RUNNING,150,2095,2245,92.22,1485.79,true
1780852582595,811541,step,2247,287,187,RUNNING,10,0,10,RUNNING,RUNNING,RUNNING,150,2096,2246,92.22,1488.42,true
1780852582984,811930,step,2248,389,187,RUNNING,10,0,10,RUNNING,RUNNING,RUNNING,150,2097,2247,92.22,1488.42,true
1780852583406,812352,step,2249,422,187,RUNNING,10,0,10,RUNNING,RUNNING,RUNNING,150,2098,2248,92.22,1490.92,true
1780852583794,812740,step,2250,388,154,RUNNING,10,0,10,RUNNING,RUNNING,RUNNING,150,2099,2249,92.22,1490.92,true
1780852584149,813095,step,2251,355,154,RUNNING,10,0,10,RUNNING,RUNNING,RUNNING,150,2100,2250,92.22,1490.92,true
1780852584605,813551,step,2252,456,154,RUNNING,10,0,10,RUNNING,RUNNING,RUNNING,150,2101,2251,92.22,1493.36,true
1780852584959,813905,step,2253,354,154,RUNNING,10,0,10,RUNNING,RUNNING,RUNNING,150,2102,2252,92.22,1493.36,true
1780852585415,814361,step,2254,456,154,RUNNING,10,0,10,RUNNING,RUNNING,RUNNING,150,2103,2253,92.22,1495.55,true
1780852585753,814699,step,2255,338,169,RUNNING,10,0,10,RUNNING,RUNNING,RUNNING,150,2104,2254,92.22,1495.55,true
1780852586208,815154,step,2256,455,131,WALKING,9,1,10,RUNNING,RUNNING,RUNNING,150,2105,2255,92.22,1495.55,true
1780852586529,815475,step,2257,321,169,RUNNING,9,1,10,RUNNING,RUNNING,RUNNING,150,2106,2256,92.22,1497.96,true
1780852586833,815779,step,2258,304,177,RUNNING,9,1,10,RUNNING,RUNNING,RUNNING,150,2107,2257,92.22,1497.96,true
1780852587154,816100,step,2259,321,186,RUNNING,9,1,10,RUNNING,RUNNING,RUNNING,150,2108,2258,92.22,1497.96,true
1780852587458,816404,step,2260,304,186,RUNNING,9,1,10,RUNNING,RUNNING,RUNNING,150,2109,2259,92.22,1500.20,true
1780852587829,816775,step,2261,371,186,RUNNING,9,1,10,RUNNING,RUNNING,RUNNING,150,2110,2260,92.22,1500.20,true
1780852588099,817045,step,2262,270,197,RUNNING,9,1,10,RUNNING,RUNNING,RUNNING,150,2111,2261,92.22,1500.20,true
1780852588353,817299,step,2263,254,197,RUNNING,9,1,10,RUNNING,RUNNING,RUNNING,150,2112,2262,92.22,1500.20,true
1780852588640,817586,step,2264,287,209,RUNNING,9,1,10,RUNNING,RUNNING,RUNNING,150,2113,2263,92.22,1502.27,true
1780852589062,818008,step,2265,422,209,RUNNING,9,1,10,RUNNING,RUNNING,RUNNING,150,2114,2264,92.22,1502.27,true
1780852589417,818363,step,2266,355,209,RUNNING,10,0,10,RUNNING,RUNNING,RUNNING,150,2115,2265,92.22,1504.32,true
1780852589771,818717,step,2267,354,169,RUNNING,10,0,10,RUNNING,RUNNING,RUNNING,150,2116,2266,92.22,1504.32,true
1780852590210,819156,step,2268,439,169,RUNNING,10,0,10,RUNNING,RUNNING,RUNNING,150,2117,2267,92.22,1504.32,true
1780852590463,819409,step,2269,253,169,RUNNING,10,0,10,RUNNING,RUNNING,RUNNING,150,2118,2268,92.22,1506.88,true
1780852590716,819662,step,2270,253,169,RUNNING,10,0,10,RUNNING,RUNNING,RUNNING,150,2119,2269,92.22,1506.88,true
1780852591003,819949,step,2271,287,209,RUNNING,10,0,10,RUNNING,RUNNING,RUNNING,150,2120,2270,92.22,1506.88,true
1780852591425,820371,step,2272,422,209,RUNNING,10,0,10,RUNNING,RUNNING,RUNNING,150,2121,2271,92.22,1509.69,true
1780852591831,820777,step,2273,406,209,RUNNING,10,0,10,RUNNING,RUNNING,RUNNING,150,2122,2272,92.22,1509.69,true
1780852592219,821165,step,2274,388,154,RUNNING,10,0,10,RUNNING,RUNNING,RUNNING,150,2123,2273,92.22,1509.69,true
1780852592607,821553,step,2275,388,154,RUNNING,10,0,10,RUNNING,RUNNING,RUNNING,150,2124,2274,92.22,1512.46,true
1780852593012,821958,step,2276,405,148,WALKING,9,1,10,RUNNING,RUNNING,RUNNING,150,2125,2275,92.22,1512.46,true
1780852593401,822347,step,2277,389,154,RUNNING,9,1,10,RUNNING,RUNNING,RUNNING,150,2126,2276,92.22,1512.46,true
1780852593806,822752,step,2278,405,154,RUNNING,9,1,10,RUNNING,RUNNING,RUNNING,150,2127,2277,92.22,1515.33,true
1780852594177,823123,step,2279,371,154,RUNNING,9,1,10,RUNNING,RUNNING,RUNNING,150,2128,2278,92.22,1515.33,true
1780852594565,823511,step,2280,388,154,RUNNING,9,1,10,RUNNING,RUNNING,RUNNING,150,2129,2279,92.22,1518.26,true
1780852594954,823900,step,2281,389,154,RUNNING,9,1,10,RUNNING,RUNNING,RUNNING,150,2130,2280,92.22,1518.26,true
1780852595275,824221,step,2282,321,154,RUNNING,9,1,10,RUNNING,RUNNING,RUNNING,150,2131,2281,92.22,1518.26,true
1780852595730,824676,step,2283,455,154,RUNNING,9,1,10,RUNNING,RUNNING,RUNNING,150,2132,2282,92.22,1521.17,true
1780852596068,825014,step,2284,338,154,RUNNING,9,1,10,RUNNING,RUNNING,RUNNING,150,2133,2283,92.22,1521.17,true
1780852596507,825453,step,2285,439,154,RUNNING,9,1,10,RUNNING,RUNNING,RUNNING,150,2134,2284,92.22,1524.01,true
1780852596912,825858,step,2286,405,148,WALKING,9,1,10,RUNNING,RUNNING,RUNNING,150,2135,2285,92.22,1524.01,true
1780852597300,826246,step,2287,388,148,WALKING,8,2,10,RUNNING,RUNNING,RUNNING,150,2136,2286,92.22,1524.01,true
1780852597638,826584,step,2288,338,154,RUNNING,8,2,10,RUNNING,RUNNING,RUNNING,150,2137,2287,92.22,1526.73,true
1780852598077,827023,step,2289,439,148,WALKING,7,3,10,RUNNING,RUNNING,RUNNING,150,2138,2288,92.22,1526.73,true
1780852598465,827411,step,2290,388,154,RUNNING,7,3,10,RUNNING,RUNNING,RUNNING,150,2139,2289,92.22,1529.43,true
1780852598854,827800,step,2291,389,154,RUNNING,7,3,10,RUNNING,RUNNING,RUNNING,150,2140,2290,92.22,1529.43,true
1780852599191,828137,step,2292,337,154,RUNNING,7,3,10,RUNNING,RUNNING,RUNNING,150,2141,2291,92.22,1529.43,true
1780852599613,828559,step,2293,422,154,RUNNING,7,3,10,RUNNING,RUNNING,RUNNING,150,2142,2292,92.22,1532.14,true
1780852600035,828981,step,2294,422,154,RUNNING,7,3,10,RUNNING,RUNNING,RUNNING,150,2143,2293,92.22,1532.14,true
1780852600407,829353,step,2295,372,154,RUNNING,7,3,10,RUNNING,RUNNING,RUNNING,150,2144,2294,92.22,1534.94,true
1780852600812,829758,step,2296,405,148,WALKING,7,3,10,RUNNING,RUNNING,RUNNING,150,2145,2295,92.22,1534.94,true
1780852601183,830129,step,2297,371,148,WALKING,7,3,10,RUNNING,RUNNING,RUNNING,150,2146,2296,92.22,1534.94,true
1780852601521,830467,step,2298,338,161,RUNNING,7,3,10,RUNNING,RUNNING,RUNNING,150,2147,2297,92.22,1537.75,true
1780852601893,830839,step,2299,372,161,RUNNING,8,2,10,RUNNING,RUNNING,RUNNING,150,2148,2298,92.22,1537.75,true
1780852602196,831142,step,2300,303,161,RUNNING,8,2,10,RUNNING,RUNNING,RUNNING,150,2149,2299,92.22,1537.75,true
1780852602467,831413,step,2301,271,177,RUNNING,8,2,10,RUNNING,RUNNING,RUNNING,150,2150,2300,92.22,1540.60,true
1780852602770,831716,step,2302,303,198,RUNNING,8,2,10,RUNNING,RUNNING,RUNNING,150,2151,2301,92.22,1540.60,true
1780852603024,831970,step,2303,254,198,RUNNING,8,2,10,RUNNING,RUNNING,RUNNING,150,2152,2302,92.22,1540.60,true
1780852603328,832274,step,2304,304,198,RUNNING,8,2,10,RUNNING,RUNNING,RUNNING,150,2153,2303,92.22,1540.60,true
1780852603648,832594,step,2305,320,198,RUNNING,8,2,10,RUNNING,RUNNING,RUNNING,150,2154,2304,92.22,1540.60,true
1780852603918,832864,step,2306,270,198,RUNNING,9,1,10,RUNNING,RUNNING,RUNNING,150,2155,2305,92.22,1540.60,true
1780852604324,833270,step,2307,406,197,RUNNING,10,0,10,RUNNING,RUNNING,RUNNING,150,2156,2306,92.22,1540.60,true
1780852604695,833641,step,2308,371,187,RUNNING,10,0,10,RUNNING,RUNNING,RUNNING,150,2157,2307,92.22,1540.60,true
1780852605083,834029,step,2309,388,161,RUNNING,10,0,10,RUNNING,RUNNING,RUNNING,150,2158,2308,92.22,1540.60,true
1780852605488,834434,step,2310,405,154,RUNNING,10,0,10,RUNNING,RUNNING,RUNNING,150,2159,2309,92.22,1540.60,true
1780852605877,834823,step,2311,389,154,RUNNING,10,0,10,RUNNING,RUNNING,RUNNING,150,2160,2310,92.22,1540.60,true
1780852606282,835228,step,2312,405,154,RUNNING,10,0,10,RUNNING,RUNNING,RUNNING,150,2161,2311,92.22,1540.60,true
1780852606535,835481,step,2313,253,154,RUNNING,10,0,10,RUNNING,RUNNING,RUNNING,150,2162,2312,92.22,1550.40,true
1780852606991,835937,step,2314,456,148,WALKING,9,1,10,RUNNING,RUNNING,RUNNING,150,2163,2313,92.22,1550.40,true
1780852607447,836393,step,2315,456,148,WALKING,8,2,10,RUNNING,RUNNING,RUNNING,150,2164,2314,92.22,1552.46,true
1780852607818,836764,step,2316,371,148,WALKING,7,3,10,RUNNING,RUNNING,RUNNING,150,2165,2315,92.22,1552.46,true
1780852608206,837152,step,2317,388,154,RUNNING,7,3,10,RUNNING,RUNNING,RUNNING,150,2166,2316,92.22,1552.46,true
1780852608527,837473,step,2318,321,154,RUNNING,7,3,10,RUNNING,RUNNING,RUNNING,150,2167,2317,92.22,1554.28,true
1780852608848,837794,step,2319,321,161,RUNNING,7,3,10,RUNNING,RUNNING,RUNNING,150,2168,2318,92.22,1554.28,true
1780852609169,838115,step,2320,321,186,RUNNING,7,3,10,RUNNING,RUNNING,RUNNING,150,2169,2319,92.22,1554.28,true
1780852609422,838368,step,2321,253,186,RUNNING,7,3,10,RUNNING,RUNNING,RUNNING,150,2170,2320,92.22,1556.22,true
1780852609743,838689,step,2322,321,186,RUNNING,7,3,10,RUNNING,RUNNING,RUNNING,150,2171,2321,92.22,1556.22,true
1780852610131,839077,step,2323,388,186,RUNNING,7,3,10,RUNNING,RUNNING,RUNNING,150,2172,2322,92.22,1556.22,true
1780852610418,839364,step,2324,287,186,RUNNING,8,2,10,RUNNING,RUNNING,RUNNING,150,2173,2323,92.22,1558.16,true
1780852610705,839651,step,2325,287,209,RUNNING,9,1,10,RUNNING,RUNNING,RUNNING,150,2174,2324,92.22,1558.16,true
1780852611026,839972,step,2326,321,186,RUNNING,10,0,10,RUNNING,RUNNING,RUNNING,150,2175,2325,92.22,1558.16,true
1780852611296,840242,step,2327,270,209,RUNNING,10,0,10,RUNNING,RUNNING,RUNNING,150,2176,2326,92.22,1558.16,true
1780852611684,840630,step,2328,388,209,RUNNING,10,0,10,RUNNING,RUNNING,RUNNING,150,2177,2327,92.22,1560.17,true
1780852612072,841018,step,2329,388,186,RUNNING,10,0,10,RUNNING,RUNNING,RUNNING,150,2178,2328,92.22,1560.17,true
1780852612478,841424,step,2330,406,154,RUNNING,10,0,10,RUNNING,RUNNING,RUNNING,150,2179,2329,92.22,1562.50,true
1780852612866,841812,step,2331,388,154,RUNNING,10,0,10,RUNNING,RUNNING,RUNNING,150,2180,2330,92.22,1562.50,true
1780852613204,842150,step,2332,338,154,RUNNING,10,0,10,RUNNING,RUNNING,RUNNING,150,2181,2331,92.22,1562.50,true
1780852613642,842588,step,2333,438,154,RUNNING,10,0,10,RUNNING,RUNNING,RUNNING,150,2182,2332,92.22,1564.72,true
1780852613963,842909,step,2334,321,154,RUNNING,10,0,10,RUNNING,RUNNING,RUNNING,150,2183,2333,92.22,1564.72,true
1780852614419,843365,step,2335,456,154,RUNNING,10,0,10,RUNNING,RUNNING,RUNNING,150,2184,2334,92.22,1566.84,true
1780852614757,843703,step,2336,338,177,RUNNING,10,0,10,RUNNING,RUNNING,RUNNING,150,2185,2335,92.22,1566.84,true
1780852615212,844158,step,2337,455,136,WALKING,9,1,10,RUNNING,RUNNING,RUNNING,150,2186,2336,92.22,1566.84,true
1780852615550,844496,step,2338,338,177,RUNNING,9,1,10,RUNNING,RUNNING,RUNNING,150,2187,2337,92.22,1569.13,true
1780852616006,844952,step,2339,456,131,WALKING,8,2,10,RUNNING,RUNNING,RUNNING,150,2188,2338,92.22,1569.13,true
1780852616344,845290,step,2340,338,177,RUNNING,8,2,10,RUNNING,RUNNING,RUNNING,150,2189,2339,92.22,1569.13,true
1780852616782,845728,step,2341,438,136,WALKING,7,3,10,RUNNING,RUNNING,RUNNING,150,2190,2340,92.22,1571.47,true
1780852617188,846134,step,2342,406,147,WALKING,6,4,10,RUNNING,RUNNING,RUNNING,150,2191,2341,92.22,1571.47,true
1780852617559,846505,step,2343,371,147,WALKING,5,5,10,RUNNING,RUNNING,RUNNING,150,2192,2342,92.22,1573.89,true
1780852617897,846843,step,2344,338,161,RUNNING,5,5,10,RUNNING,RUNNING,RUNNING,150,2193,2343,92.22,1573.89,true
1780852618167,847113,step,2345,270,161,RUNNING,5,5,10,RUNNING,RUNNING,RUNNING,150,2194,2344,92.22,1573.89,true
1780852618471,847417,step,2346,304,177,RUNNING,5,5,10,RUNNING,RUNNING,RUNNING,150,2195,2345,92.22,1576.35,true
1780852618741,847687,step,2347,270,197,RUNNING,6,4,10,RUNNING,RUNNING,RUNNING,150,2196,2346,92.22,1576.35,true
1780852619129,848075,step,2348,388,197,RUNNING,6,4,10,RUNNING,RUNNING,RUNNING,150,2197,2347,92.22,1576.35,true
1780852619450,848396,step,2349,321,197,RUNNING,7,3,10,RUNNING,RUNNING,RUNNING,150,2198,2348,92.22,1578.98,true
1780852619686,848632,step,2350,236,197,RUNNING,7,3,10,RUNNING,RUNNING,RUNNING,150,2199,2349,92.22,1578.98,true
1780852620058,849004,step,2351,372,186,RUNNING,8,2,10,RUNNING,RUNNING,RUNNING,150,2200,2350,92.22,1578.98,true
1780852620311,849257,step,2352,253,186,RUNNING,9,1,10,RUNNING,RUNNING,RUNNING,150,2201,2351,92.22,1578.98,true
1780852620682,849628,step,2353,371,186,RUNNING,10,0,10,RUNNING,RUNNING,RUNNING,150,2202,2352,92.22,1581.50,true
1780852621003,849949,step,2354,321,186,RUNNING,10,0,10,RUNNING,RUNNING,RUNNING,150,2203,2353,92.22,1581.50,true
1780852621459,850405,step,2355,456,161,RUNNING,10,0,10,RUNNING,RUNNING,RUNNING,150,2204,2354,92.22,1584.06,true
1780852621780,850726,step,2356,321,186,RUNNING,10,0,10,RUNNING,RUNNING,RUNNING,150,2205,2355,92.22,1584.06,true
1780852622016,850962,step,2357,236,186,RUNNING,10,0,10,RUNNING,RUNNING,RUNNING,150,2206,2356,92.22,1584.06,true
1780852622337,851283,step,2358,321,186,RUNNING,10,0,10,RUNNING,RUNNING,RUNNING,150,2207,2357,92.22,1584.06,true
1780852622624,851570,step,2359,287,186,RUNNING,10,0,10,RUNNING,RUNNING,RUNNING,150,2208,2358,92.22,1586.68,true
1780852623012,851958,step,2360,388,186,RUNNING,10,0,10,RUNNING,RUNNING,RUNNING,150,2209,2359,92.22,1586.68,true
1780852623333,852279,step,2361,321,186,RUNNING,10,0,10,RUNNING,RUNNING,RUNNING,150,2210,2360,92.22,1586.68,true
1780852623772,852718,step,2362,439,186,RUNNING,10,0,10,RUNNING,RUNNING,RUNNING,150,2211,2361,92.22,1589.17,true
1780852624177,853123,step,2363,405,154,RUNNING,10,0,10,RUNNING,RUNNING,RUNNING,150,2212,2362,92.22,1589.17,true
1780852624565,853511,step,2364,388,154,RUNNING,10,0,10,RUNNING,RUNNING,RUNNING,150,2213,2363,92.22,1591.60,true
1780852624970,853916,step,2365,405,148,WALKING,9,1,10,RUNNING,RUNNING,RUNNING,150,2214,2364,92.22,1591.60,true
1780852625342,854288,step,2366,372,148,WALKING,8,2,10,RUNNING,RUNNING,RUNNING,150,2215,2365,92.22,1591.60,true
1780852625696,854642,step,2367,354,154,RUNNING,8,2,10,RUNNING,RUNNING,RUNNING,150,2216,2366,92.22,1594.16,true
1780852626068,855014,step,2368,372,161,RUNNING,8,2,10,RUNNING,RUNNING,RUNNING,150,2217,2367,92.22,1594.16,true
1780852626321,855267,step,2369,253,161,RUNNING,8,2,10,RUNNING,RUNNING,RUNNING,150,2218,2368,92.22,1594.16,true
1780852626642,855588,step,2370,321,169,RUNNING,8,2,10,RUNNING,RUNNING,RUNNING,150,2219,2369,92.22,1596.67,true
1780852626912,855858,step,2371,270,186,RUNNING,8,2,10,RUNNING,RUNNING,RUNNING,150,2220,2370,92.22,1596.67,true
1780852627249,856195,step,2372,337,186,RUNNING,8,2,10,RUNNING,RUNNING,RUNNING,150,2221,2371,92.22,1596.67,true
1780852627486,856432,step,2373,237,222,RUNNING,8,2,10,RUNNING,RUNNING,RUNNING,150,2222,2372,92.22,1599.41,true
1780852627823,856769,step,2374,337,186,RUNNING,8,2,10,RUNNING,RUNNING,RUNNING,150,2223,2373,92.22,1599.41,true
1780852628110,857056,step,2375,287,209,RUNNING,9,1,10,RUNNING,RUNNING,RUNNING,150,2224,2374,92.22,1599.41,true
1780852628516,857462,step,2376,406,178,RUNNING,10,0,10,RUNNING,RUNNING,RUNNING,150,2225,2375,92.22,1602.36,true
1780852628836,857782,step,2377,320,187,RUNNING,10,0,10,RUNNING,RUNNING,RUNNING,150,2226,2376,92.22,1602.36,true
1780852629292,858238,step,2378,456,178,RUNNING,10,0,10,RUNNING,RUNNING,RUNNING,150,2227,2377,92.22,1602.36,true
1780852629528,858474,step,2379,236,187,RUNNING,10,0,10,RUNNING,RUNNING,RUNNING,150,2228,2378,92.22,1605.15,true
1780852629799,858745,step,2380,271,187,RUNNING,10,0,10,RUNNING,RUNNING,RUNNING,150,2229,2379,92.22,1605.15,true
1780852630086,859032,step,2381,287,209,RUNNING,10,0,10,RUNNING,RUNNING,RUNNING,150,2230,2380,92.22,1605.15,true
1780852630406,859352,step,2382,320,209,RUNNING,10,0,10,RUNNING,RUNNING,RUNNING,150,2231,2381,92.22,1607.90,true
1780852630862,859808,step,2383,456,209,RUNNING,10,0,10,RUNNING,RUNNING,RUNNING,150,2232,2382,92.22,1607.90,true
1780852631183,860129,step,2384,321,187,RUNNING,10,0,10,RUNNING,RUNNING,RUNNING,150,2233,2383,92.22,1607.90,true
1780852631639,860585,step,2385,456,186,RUNNING,10,0,10,RUNNING,RUNNING,RUNNING,150,2234,2384,92.22,1610.70,true
1780852631976,860922,step,2386,337,178,RUNNING,10,0,10,RUNNING,RUNNING,RUNNING,150,2235,2385,92.22,1610.70,true
1780852632415,861361,step,2387,439,136,WALKING,9,1,10,RUNNING,RUNNING,RUNNING,150,2236,2386,92.22,1613.26,true
1780852632753,861699,step,2388,338,177,RUNNING,9,1,10,RUNNING,RUNNING,RUNNING,150,2237,2387,92.22,1613.26,true
1780852633192,862138,step,2389,439,136,WALKING,8,2,10,RUNNING,RUNNING,RUNNING,150,2238,2388,92.22,1613.26,true
1780852633529,862475,step,2390,337,177,RUNNING,8,2,10,RUNNING,RUNNING,RUNNING,150,2239,2389,92.22,1615.84,true
1780852633968,862914,step,2391,439,136,WALKING,7,3,10,RUNNING,RUNNING,RUNNING,150,2240,2390,92.22,1615.84,true
1780852634374,863320,step,2392,406,147,WALKING,6,4,10,RUNNING,RUNNING,RUNNING,150,2241,2391,92.22,1615.84,true
1780852634745,863691,step,2393,371,147,WALKING,5,5,10,RUNNING,RUNNING,RUNNING,150,2242,2392,92.22,1618.40,true
1780852635066,864012,step,2394,321,161,RUNNING,5,5,10,RUNNING,RUNNING,RUNNING,150,2243,2393,92.22,1618.40,true
1780852635522,864468,switch,2395,456,147,WALKING,4,6,10,RUNNING,WALKING,RUNNING,150,2244,2394,92.22,1620.89,true
1780852635522,864468,step,2395,456,147,WALKING,4,6,10,RUNNING,WALKING,WALKING,150,2244,2394,92.22,1620.89,true
1780852635842,864788,step,2396,320,161,RUNNING,4,6,10,WALKING,WALKING,WALKING,151,2244,2395,92.70,1620.89,true
1780852636096,865042,step,2397,254,186,RUNNING,5,5,10,WALKING,WALKING,WALKING,152,2244,2396,93.17,1620.89,true
1780852636399,865345,step,2398,303,187,RUNNING,5,5,10,WALKING,WALKING,WALKING,153,2244,2397,96.42,1620.89,true
1780852636636,865582,step,2399,237,198,RUNNING,6,4,10,WALKING,WALKING,WALKING,154,2244,2398,96.42,1620.89,true
1780852637092,866038,step,2400,456,198,RUNNING,6,4,10,WALKING,WALKING,WALKING,155,2244,2399,96.42,1620.89,true
1780852637463,866409,step,2401,371,198,RUNNING,7,3,10,WALKING,WALKING,WALKING,156,2244,2400,99.49,1620.89,true
1780852637902,866848,switch,2402,439,161,RUNNING,8,2,10,WALKING,RUNNING,WALKING,157,2244,2401,99.49,1620.89,true
1780852637902,866848,step,2402,439,161,RUNNING,8,2,10,WALKING,RUNNING,RUNNING,157,2244,2401,99.49,1620.89,true
1780852638240,867186,step,2403,338,161,RUNNING,9,1,10,RUNNING,RUNNING,RUNNING,157,2245,2402,99.49,1621.72,true
1780852638712,867658,step,2404,472,136,WALKING,8,2,10,RUNNING,RUNNING,RUNNING,157,2246,2403,99.49,1625.79,true
1780852639117,868063,step,2405,405,148,WALKING,8,2,10,RUNNING,RUNNING,RUNNING,157,2247,2404,99.49,1625.79,true
1780852639506,868452,step,2406,389,148,WALKING,7,3,10,RUNNING,RUNNING,RUNNING,157,2248,2405,99.49,1628.81,true
1780852639826,868772,step,2407,320,154,RUNNING,7,3,10,RUNNING,RUNNING,RUNNING,157,2249,2406,99.49,1628.81,true
1780852640282,869228,step,2408,456,148,WALKING,6,4,10,RUNNING,RUNNING,RUNNING,157,2250,2407,99.49,1628.81,true
1780852640620,869566,step,2409,338,154,RUNNING,6,4,10,RUNNING,RUNNING,RUNNING,157,2251,2408,99.49,1631.69,true
1780852640873,869819,step,2410,253,177,RUNNING,6,4,10,RUNNING,RUNNING,RUNNING,157,2252,2409,99.49,1631.69,true
1780852641110,870056,step,2411,237,187,RUNNING,6,4,10,RUNNING,RUNNING,RUNNING,157,2253,2410,99.49,1631.69,true
1780852641430,870376,step,2412,320,187,RUNNING,6,4,10,RUNNING,RUNNING,RUNNING,157,2254,2411,99.49,1634.31,true
1780852641667,870613,step,2413,237,237,RUNNING,6,4,10,RUNNING,RUNNING,RUNNING,157,2255,2412,99.49,1634.31,true
1780852641971,870917,step,2414,304,237,RUNNING,7,3,10,RUNNING,RUNNING,RUNNING,157,2256,2413,99.49,1634.31,true
1780852642241,871187,step,2415,270,222,RUNNING,8,2,10,RUNNING,RUNNING,RUNNING,157,2257,2414,99.49,1634.31,true
1780852642713,871659,step,2416,472,197,RUNNING,9,1,10,RUNNING,RUNNING,RUNNING,157,2258,2415,99.49,1636.54,true
1780852643102,872048,step,2417,389,197,RUNNING,9,1,10,RUNNING,RUNNING,RUNNING,157,2259,2416,99.49,1636.54,true
1780852643507,872453,step,2418,405,154,RUNNING,10,0,10,RUNNING,RUNNING,RUNNING,157,2260,2417,99.49,1638.84,true
1780852643912,872858,step,2419,405,148,WALKING,9,1,10,RUNNING,RUNNING,RUNNING,157,2261,2418,99.49,1638.84,true
1780852644165,873111,step,2420,253,148,WALKING,8,2,10,RUNNING,RUNNING,RUNNING,157,2262,2419,99.49,1638.84,true
1780852644503,873449,step,2421,338,154,RUNNING,8,2,10,RUNNING,RUNNING,RUNNING,157,2263,2420,99.49,1641.40,true
1780852644824,873770,step,2422,321,177,RUNNING,8,2,10,RUNNING,RUNNING,RUNNING,157,2264,2421,99.49,1641.40,true
1780852645060,874006,step,2423,236,186,RUNNING,8,2,10,RUNNING,RUNNING,RUNNING,157,2265,2422,99.49,1641.40,true
1780852645313,874259,step,2424,253,237,RUNNING,8,2,10,RUNNING,RUNNING,RUNNING,157,2266,2423,99.49,1641.40,true
1780852645583,874529,step,2425,270,222,RUNNING,8,2,10,RUNNING,RUNNING,RUNNING,157,2267,2424,99.49,1644.09,true
1780852645853,874799,step,2426,270,222,RUNNING,8,2,10,RUNNING,RUNNING,RUNNING,157,2268,2425,99.49,1644.09,true
1780852646275,875221,step,2427,422,222,RUNNING,8,2,10,RUNNING,RUNNING,RUNNING,157,2269,2426,99.49,1644.09,true
1780852646512,875458,step,2428,237,222,RUNNING,8,2,10,RUNNING,RUNNING,RUNNING,157,2270,2427,99.49,1646.53,true
1780852646800,875746,step,2429,288,222,RUNNING,9,1,10,RUNNING,RUNNING,RUNNING,157,2271,2428,99.49,1646.53,true
1780852647053,875999,step,2430,253,222,RUNNING,10,0,10,RUNNING,RUNNING,RUNNING,157,2272,2429,99.49,1646.53,true
1780852647423,876369,step,2431,370,208,RUNNING,10,0,10,RUNNING,RUNNING,RUNNING,157,2273,2430,99.49,1648.88,true
1780852647710,876656,step,2432,287,209,RUNNING,10,0,10,RUNNING,RUNNING,RUNNING,157,2274,2431,99.49,1648.88,true
1780852648183,877129,step,2433,473,208,RUNNING,10,0,10,RUNNING,RUNNING,RUNNING,157,2275,2432,99.49,1648.88,true
1780852648504,877450,step,2434,321,186,RUNNING,10,0,10,RUNNING,RUNNING,RUNNING,157,2276,2433,99.49,1651.17,true
1780852648976,877922,step,2435,472,162,RUNNING,10,0,10,RUNNING,RUNNING,RUNNING,157,2277,2434,99.49,1651.17,true
1780852649365,878311,step,2436,389,154,RUNNING,10,0,10,RUNNING,RUNNING,RUNNING,157,2278,2435,99.49,1651.17,true
1780852649736,878682,step,2437,371,154,RUNNING,10,0,10,RUNNING,RUNNING,RUNNING,157,2279,2436,99.49,1653.39,true
1780852650057,879003,step,2438,321,161,RUNNING,10,0,10,RUNNING,RUNNING,RUNNING,157,2280,2437,99.49,1653.39,true
1780852650411,879357,step,2439,354,161,RUNNING,10,0,10,RUNNING,RUNNING,RUNNING,157,2281,2438,99.49,1655.58,true
1780852650749,879695,step,2440,338,169,RUNNING,10,0,10,RUNNING,RUNNING,RUNNING,157,2282,2439,99.49,1655.58,true
1780852650985,879931,step,2441,236,177,RUNNING,10,0,10,RUNNING,RUNNING,RUNNING,157,2283,2440,99.49,1655.58,true
1780852651289,880235,step,2442,304,186,RUNNING,10,0,10,RUNNING,RUNNING,RUNNING,157,2284,2441,99.49,1655.58,true
1780852651694,880640,step,2443,405,177,RUNNING,10,0,10,RUNNING,RUNNING,RUNNING,157,2285,2442,99.49,1657.93,true
1780852652082,881028,step,2444,388,177,RUNNING,10,0,10,RUNNING,RUNNING,RUNNING,157,2286,2443,99.49,1657.93,true
1780852652319,881265,step,2445,237,197,RUNNING,10,0,10,RUNNING,RUNNING,RUNNING,157,2287,2444,99.49,1657.93,true
1780852652589,881535,step,2446,270,197,RUNNING,10,0,10,RUNNING,RUNNING,RUNNING,157,2288,2445,99.49,1660.58,true
1780852652876,881822,step,2447,287,209,RUNNING,10,0,10,RUNNING,RUNNING,RUNNING,157,2289,2446,99.49,1660.58,true
1780852653281,882227,step,2448,405,209,RUNNING,10,0,10,RUNNING,RUNNING,RUNNING,157,2290,2447,99.49,1660.58,true
1780852653669,882615,step,2449,388,209,RUNNING,10,0,10,RUNNING,RUNNING,RUNNING,157,2291,2448,99.49,1663.30,true
1780852653923,882869,step,2450,254,209,RUNNING,10,0,10,RUNNING,RUNNING,RUNNING,157,2292,2449,99.49,1663.30,true
1780852654210,883156,step,2451,287,209,RUNNING,10,0,10,RUNNING,RUNNING,RUNNING,157,2293,2450,99.49,1663.30,true
1780852654480,883426,step,2452,270,209,RUNNING,10,0,10,RUNNING,RUNNING,RUNNING,157,2294,2451,99.49,1665.64,true
1780852654817,883763,step,2453,337,209,RUNNING,10,0,10,RUNNING,RUNNING,RUNNING,157,2295,2452,99.49,1665.64,true
1780852655071,884017,step,2454,254,222,RUNNING,10,0,10,RUNNING,RUNNING,RUNNING,157,2296,2453,99.49,1665.64,true
1780852655408,884354,step,2455,337,209,RUNNING,10,0,10,RUNNING,RUNNING,RUNNING,157,2297,2454,99.49,1667.99,true
1780852655644,884590,step,2456,236,222,RUNNING,10,0,10,RUNNING,RUNNING,RUNNING,157,2298,2455,99.49,1667.99,true
1780852656100,885046,step,2457,456,178,RUNNING,10,0,10,RUNNING,RUNNING,RUNNING,157,2299,2456,99.49,1667.99,true
1780852656438,885384,step,2458,338,178,RUNNING,10,0,10,RUNNING,RUNNING,RUNNING,157,2300,2457,99.49,1670.36,true
1780852656894,885840,step,2459,456,177,RUNNING,10,0,10,RUNNING,RUNNING,RUNNING,157,2301,2458,99.49,1670.36,true
1780852657299,886245,step,2460,405,148,WALKING,9,1,10,RUNNING,RUNNING,RUNNING,157,2302,2459,99.49,1670.36,true
1780852657687,886633,step,2461,388,148,WALKING,8,2,10,RUNNING,RUNNING,RUNNING,157,2303,2460,99.49,1672.77,true
1780852658008,886954,step,2462,321,154,RUNNING,8,2,10,RUNNING,RUNNING,RUNNING,157,2304,2461,99.49,1672.77,true
1780852658261,887207,step,2463,253,154,RUNNING,8,2,10,RUNNING,RUNNING,RUNNING,157,2305,2462,99.49,1672.77,true
1780852658565,887511,step,2464,304,186,RUNNING,8,2,10,RUNNING,RUNNING,RUNNING,157,2306,2463,99.49,1675.22,true
1780852658801,887747,step,2465,236,197,RUNNING,8,2,10,RUNNING,RUNNING,RUNNING,157,2307,2464,99.49,1675.22,true
1780852659071,888017,step,2466,270,222,RUNNING,8,2,10,RUNNING,RUNNING,RUNNING,157,2308,2465,99.49,1675.22,true
1780852659325,888271,step,2467,254,236,RUNNING,8,2,10,RUNNING,RUNNING,RUNNING,157,2309,2466,99.49,1675.22,true
1780852659595,888541,step,2468,270,222,RUNNING,8,2,10,RUNNING,RUNNING,RUNNING,157,2310,2467,99.49,1677.76,true
1780852659932,888878,step,2469,337,222,RUNNING,8,2,10,RUNNING,RUNNING,RUNNING,157,2311,2468,99.49,1677.76,true
1780852660203,889149,step,2470,271,222,RUNNING,9,1,10,RUNNING,RUNNING,RUNNING,157,2312,2469,99.49,1677.76,true
1780852660439,889385,step,2471,236,222,RUNNING,10,0,10,RUNNING,RUNNING,RUNNING,157,2313,2470,99.49,1679.95,true
1780852660709,889655,step,2472,270,222,RUNNING,10,0,10,RUNNING,RUNNING,RUNNING,157,2314,2471,99.49,1679.95,true
1780852661249,890195,step,2473,540,221,RUNNING,10,0,10,RUNNING,RUNNING,RUNNING,157,2315,2472,99.49,1679.95,true
1780852661536,890482,step,2474,287,221,RUNNING,10,0,10,RUNNING,RUNNING,RUNNING,157,2316,2473,99.49,1681.95,true
1780852662043,890989,step,2475,507,209,RUNNING,10,0,10,RUNNING,RUNNING,RUNNING,157,2317,2474,99.49,1681.95,true
1780852662313,891259,step,2476,270,209,RUNNING,10,0,10,RUNNING,RUNNING,RUNNING,157,2318,2475,99.49,1681.95,true
1780852662617,891563,step,2477,304,197,RUNNING,10,0,10,RUNNING,RUNNING,RUNNING,157,2319,2476,99.49,1683.81,true
1780852662937,891883,step,2478,320,197,RUNNING,10,0,10,RUNNING,RUNNING,RUNNING,157,2320,2477,99.49,1683.81,true
1780852663207,892153,step,2479,270,197,RUNNING,10,0,10,RUNNING,RUNNING,RUNNING,157,2321,2478,99.49,1683.81,true
1780852663477,892423,step,2480,270,222,RUNNING,10,0,10,RUNNING,RUNNING,RUNNING,157,2322,2479,99.49,1685.83,true
1780852663748,892694,step,2481,271,221,RUNNING,10,0,10,RUNNING,RUNNING,RUNNING,157,2323,2480,99.49,1685.83,true
1780852664018,892964,step,2482,270,222,RUNNING,10,0,10,RUNNING,RUNNING,RUNNING,157,2324,2481,99.49,1685.83,true
1780852664355,893301,step,2483,337,222,RUNNING,10,0,10,RUNNING,RUNNING,RUNNING,157,2325,2482,99.49,1685.83,true
1780852664693,893639,step,2484,338,221,RUNNING,10,0,10,RUNNING,RUNNING,RUNNING,157,2326,2483,99.49,1687.98,true
1780852664997,893943,step,2485,304,197,RUNNING,10,0,10,RUNNING,RUNNING,RUNNING,157,2327,2484,99.49,1687.98,true
1780852665284,894230,step,2486,287,197,RUNNING,10,0,10,RUNNING,RUNNING,RUNNING,157,2328,2485,99.49,1687.98,true
1780852665605,894551,step,2487,321,186,RUNNING,10,0,10,RUNNING,RUNNING,RUNNING,157,2329,2486,99.49,1690.29,true
1780852666010,894956,step,2488,405,186,RUNNING,10,0,10,RUNNING,RUNNING,RUNNING,157,2330,2487,99.49,1690.29,true
1780852666398,895344,step,2489,388,186,RUNNING,10,0,10,RUNNING,RUNNING,RUNNING,157,2331,2488,99.49,1692.53,true
1780852666651,895597,step,2490,253,186,RUNNING,10,0,10,RUNNING,RUNNING,RUNNING,157,2332,2489,99.49,1692.53,true
1780852666887,895833,step,2491,236,186,RUNNING,10,0,10,RUNNING,RUNNING,RUNNING,157,2333,2490,99.49,1692.53,true
1780852667191,896137,step,2492,304,197,RUNNING,10,0,10,RUNNING,RUNNING,RUNNING,157,2334,2491,99.49,1692.53,true
1780852667428,896374,step,2493,237,237,RUNNING,10,0,10,RUNNING,RUNNING,RUNNING,157,2335,2492,99.49,1694.85,true
1780852667698,896644,step,2494,270,237,RUNNING,10,0,10,RUNNING,RUNNING,RUNNING,157,2336,2493,99.49,1694.85,true
1780852667985,896931,step,2495,287,222,RUNNING,10,0,10,RUNNING,RUNNING,RUNNING,157,2337,2494,99.49,1694.85,true
1780852668322,897268,step,2496,337,209,RUNNING,10,0,10,RUNNING,RUNNING,RUNNING,157,2338,2495,99.49,1694.85,true
1780852668660,897606,step,2497,338,209,RUNNING,10,0,10,RUNNING,RUNNING,RUNNING,157,2339,2496,99.49,1697.08,true
1780852669166,898112,step,2498,506,178,RUNNING,10,0,10,RUNNING,RUNNING,RUNNING,157,2340,2497,99.49,1697.08,true
1780852669453,898399,step,2499,287,178,RUNNING,10,0,10,RUNNING,RUNNING,RUNNING,157,2341,2498,99.49,1699.26,true
1780852669977,898923,step,2500,524,177,RUNNING,10,0,10,RUNNING,RUNNING,RUNNING,157,2342,2499,99.49,1699.26,true
1780852670247,899193,step,2501,270,177,RUNNING,10,0,10,RUNNING,RUNNING,RUNNING,157,2343,2500,99.49,1699.26,true
1780852670753,899699,step,2502,506,118,WALKING,9,1,10,RUNNING,RUNNING,RUNNING,157,2344,2501,99.49,1701.40,true
1780852671023,899969,step,2503,270,209,RUNNING,9,1,10,RUNNING,RUNNING,RUNNING,157,2345,2502,99.49,1701.40,true
1780852671530,900476,step,2504,507,118,WALKING,8,2,10,RUNNING,RUNNING,RUNNING,157,2346,2503,99.49,1703.69,true
1780852671817,900763,step,2505,287,209,RUNNING,8,2,10,RUNNING,RUNNING,RUNNING,157,2347,2504,99.49,1703.69,true
1780852672306,901252,step,2506,489,122,WALKING,7,3,10,RUNNING,RUNNING,RUNNING,157,2348,2505,99.49,1703.69,true
1780852672577,901523,step,2507,271,209,RUNNING,7,3,10,RUNNING,RUNNING,RUNNING,157,2349,2506,99.49,1706.08,true
1780852673083,902029,step,2508,506,122,WALKING,6,4,10,RUNNING,RUNNING,RUNNING,157,2350,2507,99.49,1706.08,true
1780852673471,902417,step,2509,388,154,RUNNING,6,4,10,RUNNING,RUNNING,RUNNING,157,2351,2508,99.49,1708.36,true
1780852673860,902806,step,2510,389,154,RUNNING,6,4,10,RUNNING,RUNNING,RUNNING,157,2352,2509,99.49,1708.36,true
1780852674147,903093,step,2511,287,154,RUNNING,6,4,10,RUNNING,RUNNING,RUNNING,157,2353,2510,99.49,1708.36,true
1780852674501,903447,step,2512,354,154,RUNNING,7,3,10,RUNNING,RUNNING,RUNNING,157,2354,2511,99.49,1710.57,true
1780852674805,903751,step,2513,304,169,RUNNING,7,3,10,RUNNING,RUNNING,RUNNING,157,2355,2512,99.49,1710.57,true
1780852675075,904021,step,2514,270,197,RUNNING,8,2,10,RUNNING,RUNNING,RUNNING,157,2356,2513,99.49,1710.57,true
1780852675463,904409,step,2515,388,197,RUNNING,8,2,10,RUNNING,RUNNING,RUNNING,157,2357,2514,99.49,1713.05,true
1780852675750,904696,step,2516,287,197,RUNNING,9,1,10,RUNNING,RUNNING,RUNNING,157,2358,2515,99.49,1713.05,true
1780852676257,905203,step,2517,507,197,RUNNING,9,1,10,RUNNING,RUNNING,RUNNING,157,2359,2516,99.49,1713.05,true
1780852676645,905591,step,2518,388,154,RUNNING,10,0,10,RUNNING,RUNNING,RUNNING,157,2360,2517,99.49,1715.62,true
1780852677033,905979,step,2519,388,154,RUNNING,10,0,10,RUNNING,RUNNING,RUNNING,157,2361,2518,99.49,1715.62,true
1780852677303,906249,step,2520,270,154,RUNNING,10,0,10,RUNNING,RUNNING,RUNNING,157,2362,2519,99.49,1715.62,true
1780852677827,906773,step,2521,524,154,RUNNING,10,0,10,RUNNING,RUNNING,RUNNING,157,2363,2520,99.49,1718.32,true
1780852678232,907178,step,2522,405,154,RUNNING,10,0,10,RUNNING,RUNNING,RUNNING,157,2364,2521,99.49,1718.32,true
1780852678603,907549,step,2523,371,154,RUNNING,10,0,10,RUNNING,RUNNING,RUNNING,157,2365,2522,99.49,1720.90,true
1780852678890,907836,step,2524,287,161,RUNNING,10,0,10,RUNNING,RUNNING,RUNNING,157,2366,2523,99.49,1720.90,true
1780852679177,908123,step,2525,287,161,RUNNING,10,0,10,RUNNING,RUNNING,RUNNING,157,2367,2524,99.49,1720.90,true
1780852679498,908444,step,2526,321,186,RUNNING,10,0,10,RUNNING,RUNNING,RUNNING,157,2368,2525,99.49,1723.36,true
1780852679785,908731,step,2527,287,209,RUNNING,10,0,10,RUNNING,RUNNING,RUNNING,157,2369,2526,99.49,1723.36,true
1780852680139,909085,step,2528,354,209,RUNNING,10,0,10,RUNNING,RUNNING,RUNNING,157,2370,2527,99.49,1723.36,true
1780852680393,909339,step,2529,254,209,RUNNING,10,0,10,RUNNING,RUNNING,RUNNING,157,2371,2528,99.49,1723.36,true
1780852680899,909845,step,2530,506,186,RUNNING,10,0,10,RUNNING,RUNNING,RUNNING,157,2372,2529,99.49,1725.77,true
1780852681169,910115,step,2531,270,209,RUNNING,10,0,10,RUNNING,RUNNING,RUNNING,157,2373,2530,99.49,1725.77,true
1780852681541,910487,step,2532,372,169,RUNNING,10,0,10,RUNNING,RUNNING,RUNNING,157,2374,2531,99.49,1728.05,true
1780852681811,910757,step,2533,270,222,RUNNING,10,0,10,RUNNING,RUNNING,RUNNING,157,2375,2532,99.49,1728.05,true
1780852682081,911027,step,2534,270,222,RUNNING,10,0,10,RUNNING,RUNNING,RUNNING,157,2376,2533,99.49,1728.05,true
1780852682452,911398,step,2535,371,222,RUNNING,10,0,10,RUNNING,RUNNING,RUNNING,157,2377,2534,99.49,1730.35,true
1780852682705,911651,step,2536,253,222,RUNNING,10,0,10,RUNNING,RUNNING,RUNNING,157,2378,2535,99.49,1730.35,true
1780852682942,911888,step,2537,237,222,RUNNING,10,0,10,RUNNING,RUNNING,RUNNING,157,2379,2536,99.49,1730.35,true
1780852683246,912192,step,2538,304,222,RUNNING,10,0,10,RUNNING,RUNNING,RUNNING,157,2380,2537,99.49,1730.35,true
1780852683634,912580,step,2539,388,197,RUNNING,10,0,10,RUNNING,RUNNING,RUNNING,157,2381,2538,99.49,1732.73,true
1780852683955,912901,step,2540,321,197,RUNNING,10,0,10,RUNNING,RUNNING,RUNNING,157,2382,2539,99.49,1732.73,true
1780852684360,913306,step,2541,405,186,RUNNING,10,0,10,RUNNING,RUNNING,RUNNING,157,2383,2540,99.49,1732.73,true
1780852684816,913762,step,2542,456,154,RUNNING,10,0,10,RUNNING,RUNNING,RUNNING,157,2384,2541,99.49,1735.31,true
1780852685221,914167,step,2543,405,148,WALKING,9,1,10,RUNNING,RUNNING,RUNNING,157,2385,2542,99.49,1735.31,true
1780852685575,914521,step,2544,354,148,WALKING,8,2,10,RUNNING,RUNNING,RUNNING,157,2386,2543,99.49,1737.95,true
1780852685862,914808,step,2545,287,148,WALKING,7,3,10,RUNNING,RUNNING,RUNNING,157,2387,2544,99.49,1737.95,true
1780852686352,915298,step,2546,490,148,WALKING,6,4,10,RUNNING,RUNNING,RUNNING,157,2388,2545,99.49,1737.95,true
1780852686757,915703,step,2547,405,148,WALKING,5,5,10,RUNNING,RUNNING,RUNNING,157,2389,2546,99.49,1740.70,true
1780852687111,916057,step,2548,354,169,RUNNING,5,5,10,RUNNING,RUNNING,RUNNING,157,2390,2547,99.49,1740.70,true
1780852687398,916344,step,2549,287,169,RUNNING,5,5,10,RUNNING,RUNNING,RUNNING,157,2391,2548,99.49,1743.49,true
1780852687652,916598,step,2550,254,169,RUNNING,5,5,10,RUNNING,RUNNING,RUNNING,157,2392,2549,99.49,1743.49,true
1780852687905,916851,step,2551,253,209,RUNNING,5,5,10,RUNNING,RUNNING,RUNNING,157,2393,2550,99.49,1743.49,true
1780852688310,917256,step,2552,405,209,RUNNING,5,5,10,RUNNING,RUNNING,RUNNING,157,2394,2551,99.49,1743.49,true
1780852688681,917627,step,2553,371,209,RUNNING,6,4,10,RUNNING,RUNNING,RUNNING,157,2395,2552,99.49,1746.32,true
1780852689019,917965,step,2554,338,177,RUNNING,7,3,10,RUNNING,RUNNING,RUNNING,157,2396,2553,99.49,1746.32,true
1780852689331,918277,step,2555,312,177,RUNNING,8,2,10,RUNNING,RUNNING,RUNNING,157,2397,2554,99.49,1746.32,true
1780852689606,918552,step,2556,275,177,RUNNING,9,1,10,RUNNING,RUNNING,RUNNING,157,2398,2555,99.49,1749.04,true
1780852690008,918954,step,2557,402,177,RUNNING,10,0,10,RUNNING,RUNNING,RUNNING,157,2399,2556,99.49,1749.04,true
1780852690326,919272,step,2558,318,188,RUNNING,10,0,10,RUNNING,RUNNING,RUNNING,157,2400,2557,99.49,1749.04,true
1780852690601,919547,step,2559,275,192,RUNNING,10,0,10,RUNNING,RUNNING,RUNNING,157,2401,2558,99.49,1751.81,true
1780852690947,919893,step,2560,346,188,RUNNING,10,0,10,RUNNING,RUNNING,RUNNING,157,2402,2559,99.49,1751.81,true
1780852691234,920180,step,2561,287,188,RUNNING,10,0,10,RUNNING,RUNNING,RUNNING,157,2403,2560,99.49,1751.81,true
1780852691521,920467,step,2562,287,209,RUNNING,10,0,10,RUNNING,RUNNING,RUNNING,157,2404,2561,99.49,1754.57,true
1780852691775,920721,step,2563,254,209,RUNNING,10,0,10,RUNNING,RUNNING,RUNNING,157,2405,2562,99.49,1754.57,true
1780852692028,920974,step,2564,253,209,RUNNING,10,0,10,RUNNING,RUNNING,RUNNING,157,2406,2563,99.49,1754.57,true
1780852692315,921261,step,2565,287,209,RUNNING,10,0,10,RUNNING,RUNNING,RUNNING,157,2407,2564,99.49,1754.57,true
1780852692551,921497,step,2566,236,236,RUNNING,10,0,10,RUNNING,RUNNING,RUNNING,157,2408,2565,99.49,1757.44,true
1780852692787,921733,step,2567,236,237,RUNNING,10,0,10,RUNNING,RUNNING,RUNNING,157,2409,2566,99.49,1757.44,true
1780852693058,922004,step,2568,271,237,RUNNING,10,0,10,RUNNING,RUNNING,RUNNING,157,2410,2567,99.49,1757.44,true
1780852693345,922291,step,2569,287,221,RUNNING,10,0,10,RUNNING,RUNNING,RUNNING,157,2411,2568,99.49,1757.44,true
1780852693632,922578,step,2570,287,221,RUNNING,10,0,10,RUNNING,RUNNING,RUNNING,157,2412,2569,99.49,1760.14,true
1780852693902,922848,step,2571,270,221,RUNNING,10,0,10,RUNNING,RUNNING,RUNNING,157,2413,2570,99.49,1760.14,true
1780852694239,923185,step,2572,337,209,RUNNING,10,0,10,RUNNING,RUNNING,RUNNING,157,2414,2571,99.49,1760.14,true
1780852694509,923455,step,2573,270,209,RUNNING,10,0,10,RUNNING,RUNNING,RUNNING,157,2415,2572,99.49,1762.76,true
1780852694847,923793,step,2574,338,209,RUNNING,10,0,10,RUNNING,RUNNING,RUNNING,157,2416,2573,99.49,1762.76,true
1780852695235,924181,step,2575,388,178,RUNNING,10,0,10,RUNNING,RUNNING,RUNNING,157,2417,2574,99.49,1762.76,true
1780852695472,924418,step,2576,237,178,RUNNING,10,0,10,RUNNING,RUNNING,RUNNING,157,2418,2575,99.49,1765.42,true
1780852695708,924654,step,2577,236,222,RUNNING,10,0,10,RUNNING,RUNNING,RUNNING,157,2419,2576,99.49,1765.42,true
1780852696096,925042,step,2578,388,177,RUNNING,10,0,10,RUNNING,RUNNING,RUNNING,157,2420,2577,99.49,1765.42,true
1780852696501,925447,step,2579,405,154,RUNNING,10,0,10,RUNNING,RUNNING,RUNNING,157,2421,2578,99.49,1768.11,true
1780852696772,925718,step,2580,271,221,RUNNING,10,0,10,RUNNING,RUNNING,RUNNING,157,2422,2579,99.49,1768.11,true
1780852697227,926173,step,2581,455,154,RUNNING,10,0,10,RUNNING,RUNNING,RUNNING,157,2423,2580,99.49,1768.11,true
1780852697683,926629,step,2582,456,148,WALKING,9,1,10,RUNNING,RUNNING,RUNNING,157,2424,2581,99.49,1770.75,true
1780852698088,927034,step,2583,405,148,WALKING,8,2,10,RUNNING,RUNNING,RUNNING,157,2425,2582,99.49,1770.75,true
1780852698460,927406,step,2584,372,148,WALKING,7,3,10,RUNNING,RUNNING,RUNNING,157,2426,2583,99.49,1773.32,true
1780852698882,927828,step,2585,422,142,WALKING,6,4,10,RUNNING,RUNNING,RUNNING,157,2427,2584,99.49,1773.32,true
1780852699152,928098,step,2586,270,148,WALKING,5,5,10,RUNNING,RUNNING,RUNNING,157,2428,2585,99.49,1773.32,true
1780852699388,928334,step,2587,236,161,RUNNING,5,5,10,RUNNING,RUNNING,RUNNING,157,2429,2586,99.49,1773.32,true
1780852699658,928604,step,2588,270,222,RUNNING,5,5,10,RUNNING,RUNNING,RUNNING,157,2430,2587,99.49,1775.95,true
1780852700047,928993,step,2589,389,222,RUNNING,5,5,10,RUNNING,RUNNING,RUNNING,157,2431,2588,99.49,1775.95,true
1780852700367,929313,step,2590,320,222,RUNNING,5,5,10,RUNNING,RUNNING,RUNNING,157,2432,2589,99.49,1775.95,true
1780852700823,929769,step,2591,456,187,RUNNING,5,5,10,RUNNING,RUNNING,RUNNING,157,2433,2590,99.49,1778.56,true
1780852701144,930090,step,2592,321,186,RUNNING,6,4,10,RUNNING,RUNNING,RUNNING,157,2434,2591,99.49,1778.56,true
1780852701515,930461,step,2593,371,161,RUNNING,7,3,10,RUNNING,RUNNING,RUNNING,157,2435,2592,99.49,1781.21,true
1780852701921,930867,step,2594,406,161,RUNNING,8,2,10,RUNNING,RUNNING,RUNNING,157,2436,2593,99.49,1781.21,true
1780852702377,931323,step,2595,456,147,WALKING,8,2,10,RUNNING,RUNNING,RUNNING,157,2437,2594,99.49,1781.21,true
1780852702765,931711,step,2596,388,154,RUNNING,9,1,10,RUNNING,RUNNING,RUNNING,157,2438,2595,99.49,1783.94,true
1780852703153,932099,step,2597,388,154,RUNNING,9,1,10,RUNNING,RUNNING,RUNNING,157,2439,2596,99.49,1783.94,true
1780852703558,932504,step,2598,405,148,WALKING,8,2,10,RUNNING,RUNNING,RUNNING,157,2440,2597,99.49,1786.74,true
1780852703947,932893,step,2599,389,154,RUNNING,8,2,10,RUNNING,RUNNING,RUNNING,157,2441,2598,99.49,1786.74,true
1780852704369,933315,step,2600,422,154,RUNNING,8,2,10,RUNNING,RUNNING,RUNNING,157,2442,2599,99.49,1786.74,true
1780852704740,933686,step,2601,371,154,RUNNING,8,2,10,RUNNING,RUNNING,RUNNING,157,2443,2600,99.49,1789.47,true
1780852705095,934041,step,2602,355,154,RUNNING,8,2,10,RUNNING,RUNNING,RUNNING,157,2444,2601,99.49,1789.47,true
1780852705534,934480,step,2603,439,154,RUNNING,8,2,10,RUNNING,RUNNING,RUNNING,157,2445,2602,99.49,1792.12,true
1780852705871,934817,step,2604,337,161,RUNNING,8,2,10,RUNNING,RUNNING,RUNNING,157,2446,2603,99.49,1792.12,true
1780852706124,935070,step,2605,253,169,RUNNING,9,1,10,RUNNING,RUNNING,RUNNING,157,2447,2604,99.49,1792.12,true
1780852706446,935392,step,2606,322,178,RUNNING,9,1,10,RUNNING,RUNNING,RUNNING,157,2448,2605,99.49,1794.82,true
1780852706750,935696,step,2607,304,186,RUNNING,9,1,10,RUNNING,RUNNING,RUNNING,157,2449,2606,99.49,1794.82,true
1780852707137,936083,step,2608,387,186,RUNNING,10,0,10,RUNNING,RUNNING,RUNNING,157,2450,2607,99.49,1794.82,true
1780852707391,936337,step,2609,254,197,RUNNING,10,0,10,RUNNING,RUNNING,RUNNING,157,2451,2608,99.49,1794.82,true
1780852707914,936860,step,2610,523,186,RUNNING,10,0,10,RUNNING,RUNNING,RUNNING,157,2452,2609,99.49,1797.51,true
1780852708302,937248,step,2611,388,155,RUNNING,10,0,10,RUNNING,RUNNING,RUNNING,157,2453,2610,99.49,1797.51,true
1780852708674,937620,step,2612,372,155,RUNNING,10,0,10,RUNNING,RUNNING,RUNNING,157,2454,2611,99.49,1800.06,true
1780852709096,938042,step,2613,422,154,RUNNING,10,0,10,RUNNING,RUNNING,RUNNING,157,2455,2612,99.49,1800.06,true
1780852709485,938431,step,2614,389,154,RUNNING,10,0,10,RUNNING,RUNNING,RUNNING,157,2456,2613,99.49,1802.44,true
1780852709889,938835,step,2615,404,154,RUNNING,10,0,10,RUNNING,RUNNING,RUNNING,157,2457,2614,99.49,1802.44,true
1780852710260,939206,step,2616,371,154,RUNNING,10,0,10,RUNNING,RUNNING,RUNNING,157,2458,2615,99.49,1802.44,true
1780852710581,939527,step,2617,321,154,RUNNING,10,0,10,RUNNING,RUNNING,RUNNING,157,2459,2616,99.49,1805.08,true
1780852711020,939966,step,2618,439,154,RUNNING,10,0,10,RUNNING,RUNNING,RUNNING,157,2460,2617,99.49,1805.08,true
1780852711425,940371,step,2619,405,148,WALKING,9,1,10,RUNNING,RUNNING,RUNNING,157,2461,2618,99.49,1807.81,true
1780852711814,940760,step,2620,389,154,RUNNING,9,1,10,RUNNING,RUNNING,RUNNING,157,2462,2619,99.49,1807.81,true
1780852712202,941148,step,2621,388,154,RUNNING,9,1,10,RUNNING,RUNNING,RUNNING,157,2463,2620,99.49,1807.81,true
1780852712590,941536,step,2622,388,154,RUNNING,9,1,10,RUNNING,RUNNING,RUNNING,157,2464,2621,99.49,1810.37,true
1780852712978,941924,step,2623,388,154,RUNNING,9,1,10,RUNNING,RUNNING,RUNNING,157,2465,2622,99.49,1810.37,true
1780852713350,942296,step,2624,372,154,RUNNING,9,1,10,RUNNING,RUNNING,RUNNING,157,2466,2623,99.49,1810.37,true
1780852713755,942701,step,2625,405,154,RUNNING,9,1,10,RUNNING,RUNNING,RUNNING,157,2467,2624,99.49,1812.80,true
1780852714126,943072,step,2626,371,154,RUNNING,9,1,10,RUNNING,RUNNING,RUNNING,157,2468,2625,99.49,1812.80,true
1780852714531,943477,step,2627,405,154,RUNNING,9,1,10,RUNNING,RUNNING,RUNNING,157,2469,2626,99.49,1815.23,true
1780852714903,943849,step,2628,372,161,RUNNING,9,1,10,RUNNING,RUNNING,RUNNING,157,2470,2627,99.49,1815.23,true
1780852715308,944254,step,2629,405,148,WALKING,9,1,10,RUNNING,RUNNING,RUNNING,157,2471,2628,99.49,1815.23,true
1780852715696,944642,step,2630,388,154,RUNNING,9,1,10,RUNNING,RUNNING,RUNNING,157,2472,2629,99.49,1817.63,true
1780852716034,944980,step,2631,338,154,RUNNING,9,1,10,RUNNING,RUNNING,RUNNING,157,2473,2630,99.49,1817.63,true
1780852716490,945436,step,2632,456,154,RUNNING,9,1,10,RUNNING,RUNNING,RUNNING,157,2474,2631,99.49,1820.24,true
1780852716895,945841,step,2633,405,148,WALKING,8,2,10,RUNNING,RUNNING,RUNNING,157,2475,2632,99.49,1820.24,true
1780852717266,946212,step,2634,371,154,RUNNING,8,2,10,RUNNING,RUNNING,RUNNING,157,2476,2633,99.49,1820.24,true
1780852717536,946482,step,2635,270,161,RUNNING,8,2,10,RUNNING,RUNNING,RUNNING,157,2477,2634,99.49,1822.72,true
1780852717773,946719,step,2636,237,161,RUNNING,8,2,10,RUNNING,RUNNING,RUNNING,157,2478,2635,99.49,1822.72,true
1780852718060,947006,step,2637,287,209,RUNNING,8,2,10,RUNNING,RUNNING,RUNNING,157,2479,2636,99.49,1822.72,true
1780852718465,947411,step,2638,405,209,RUNNING,8,2,10,RUNNING,RUNNING,RUNNING,157,2480,2637,99.49,1825.27,true
1780852718853,947799,step,2639,388,209,RUNNING,9,1,10,RUNNING,RUNNING,RUNNING,157,2481,2638,99.49,1825.27,true
1780852719258,948204,step,2640,405,154,RUNNING,9,1,10,RUNNING,RUNNING,RUNNING,157,2482,2639,99.49,1825.27,true
1780852719630,948576,step,2641,372,154,RUNNING,9,1,10,RUNNING,RUNNING,RUNNING,157,2483,2640,99.49,1828.03,true
1780852720018,948964,step,2642,388,154,RUNNING,9,1,10,RUNNING,RUNNING,RUNNING,157,2484,2641,99.49,1828.03,true
1780852720389,949335,step,2643,371,154,RUNNING,10,0,10,RUNNING,RUNNING,RUNNING,157,2485,2642,99.49,1828.03,true
1780852720795,949741,step,2644,406,154,RUNNING,10,0,10,RUNNING,RUNNING,RUNNING,157,2486,2643,99.49,1830.81,true
1780852721098,950044,step,2645,303,161,RUNNING,10,0,10,RUNNING,RUNNING,RUNNING,157,2487,2644,99.49,1830.81,true
1780852721352,950298,step,2646,254,161,RUNNING,10,0,10,RUNNING,RUNNING,RUNNING,157,2488,2645,99.49,1830.81,true
1780852721672,950618,step,2647,320,187,RUNNING,10,0,10,RUNNING,RUNNING,RUNNING,157,2489,2646,99.49,1833.65,true
1780852721926,950872,step,2648,254,198,RUNNING,10,0,10,RUNNING,RUNNING,RUNNING,157,2490,2647,99.49,1833.65,true
1780852722331,951277,step,2649,405,198,RUNNING,10,0,10,RUNNING,RUNNING,RUNNING,157,2491,2648,99.49,1833.65,true
1780852722702,951648,step,2650,371,187,RUNNING,10,0,10,RUNNING,RUNNING,RUNNING,157,2492,2649,99.49,1836.51,true
1780852723107,952053,step,2651,405,161,RUNNING,10,0,10,RUNNING,RUNNING,RUNNING,157,2493,2650,99.49,1836.51,true
1780852723479,952425,step,2652,372,161,RUNNING,10,0,10,RUNNING,RUNNING,RUNNING,157,2494,2651,99.49,1839.09,true
1780852723901,952847,step,2653,422,148,WALKING,9,1,10,RUNNING,RUNNING,RUNNING,157,2495,2652,99.49,1839.09,true
1780852724255,953201,step,2654,354,161,RUNNING,9,1,10,RUNNING,RUNNING,RUNNING,157,2496,2653,99.49,1839.09,true
1780852724677,953623,step,2655,422,148,WALKING,8,2,10,RUNNING,RUNNING,RUNNING,157,2497,2654,99.49,1841.59,true
1780852725066,954012,step,2656,389,154,RUNNING,8,2,10,RUNNING,RUNNING,RUNNING,157,2498,2655,99.49,1841.59,true
1780852725471,954417,step,2657,405,148,WALKING,7,3,10,RUNNING,RUNNING,RUNNING,157,2499,2656,99.49,1844.10,true
1780852725842,954788,step,2658,371,154,RUNNING,7,3,10,RUNNING,RUNNING,RUNNING,157,2500,2657,99.49,1844.10,true
1780852726247,955193,step,2659,405,148,WALKING,6,4,10,RUNNING,RUNNING,RUNNING,157,2501,2658,99.49,1844.10,true
1780852726602,955548,step,2660,355,154,RUNNING,6,4,10,RUNNING,RUNNING,RUNNING,157,2502,2659,99.49,1846.67,true
1780852727007,955953,step,2661,405,148,WALKING,5,5,10,RUNNING,RUNNING,RUNNING,157,2503,2660,99.49,1846.67,true
1780852727395,956341,step,2662,388,154,RUNNING,5,5,10,RUNNING,RUNNING,RUNNING,157,2504,2661,99.49,1849.27,true
1780852727784,956730,step,2663,389,154,RUNNING,6,4,10,RUNNING,RUNNING,RUNNING,157,2505,2662,99.49,1849.27,true
1780852728172,957118,step,2664,388,154,RUNNING,6,4,10,RUNNING,RUNNING,RUNNING,157,2506,2663,99.49,1849.27,true
1780852728577,957523,step,2665,405,154,RUNNING,7,3,10,RUNNING,RUNNING,RUNNING,157,2507,2664,99.49,1851.91,true
1780852728948,957894,step,2666,371,154,RUNNING,7,3,10,RUNNING,RUNNING,RUNNING,157,2508,2665,99.49,1851.91,true
1780852729354,958300,step,2667,406,154,RUNNING,8,2,10,RUNNING,RUNNING,RUNNING,157,2509,2666,99.49,1851.91,true
1780852729725,958671,step,2668,371,154,RUNNING,8,2,10,RUNNING,RUNNING,RUNNING,157,2510,2667,99.49,1854.54,true
1780852730113,959059,step,2669,388,154,RUNNING,9,1,10,RUNNING,RUNNING,RUNNING,157,2511,2668,99.49,1854.54,true
1780852730485,959431,step,2670,372,161,RUNNING,9,1,10,RUNNING,RUNNING,RUNNING,157,2512,2669,99.49,1856.99,true
1780852730890,959836,step,2671,405,154,RUNNING,10,0,10,RUNNING,RUNNING,RUNNING,157,2513,2670,99.49,1856.99,true
1780852731261,960207,step,2672,371,161,RUNNING,10,0,10,RUNNING,RUNNING,RUNNING,157,2514,2671,99.49,1856.99,true
1780852731683,960629,step,2673,422,154,RUNNING,10,0,10,RUNNING,RUNNING,RUNNING,157,2515,2672,99.49,1859.34,true
1780852732038,960984,step,2674,355,161,RUNNING,10,0,10,RUNNING,RUNNING,RUNNING,157,2516,2673,99.49,1859.34,true
1780852732460,961406,step,2675,422,148,WALKING,9,1,10,RUNNING,RUNNING,RUNNING,157,2517,2674,99.49,1861.79,true
1780852732831,961777,step,2676,371,161,RUNNING,9,1,10,RUNNING,RUNNING,RUNNING,157,2518,2675,99.49,1861.79,true
1780852733220,962166,step,2677,389,154,RUNNING,9,1,10,RUNNING,RUNNING,RUNNING,157,2519,2676,99.49,1861.79,true
1780852733591,962537,step,2678,371,161,RUNNING,9,1,10,RUNNING,RUNNING,RUNNING,157,2520,2677,99.49,1864.24,true
1780852734013,962959,step,2679,422,154,RUNNING,9,1,10,RUNNING,RUNNING,RUNNING,157,2521,2678,99.49,1864.24,true
1780852734385,963331,step,2680,372,161,RUNNING,9,1,10,RUNNING,RUNNING,RUNNING,157,2522,2679,99.49,1864.24,true
1780852734774,963720,step,2681,389,154,RUNNING,9,1,10,RUNNING,RUNNING,RUNNING,157,2523,2680,99.49,1866.68,true
1780852735144,964090,step,2682,370,161,RUNNING,9,1,10,RUNNING,RUNNING,RUNNING,157,2524,2681,99.49,1866.68,true
1780852735549,964495,step,2683,405,154,RUNNING,9,1,10,RUNNING,RUNNING,RUNNING,157,2525,2682,99.49,1869.20,true
1780852735904,964850,step,2684,355,161,RUNNING,9,1,10,RUNNING,RUNNING,RUNNING,157,2526,2683,99.49,1869.20,true
1780852736309,965255,step,2685,405,154,RUNNING,10,0,10,RUNNING,RUNNING,RUNNING,157,2527,2684,99.49,1869.20,true
1780852736680,965626,step,2686,371,161,RUNNING,10,0,10,RUNNING,RUNNING,RUNNING,157,2528,2685,99.49,1871.71,true
1780852737085,966031,step,2687,405,148,WALKING,9,1,10,RUNNING,RUNNING,RUNNING,157,2529,2686,99.49,1871.71,true
1780852737457,966403,step,2688,372,161,RUNNING,9,1,10,RUNNING,RUNNING,RUNNING,157,2530,2687,99.49,1874.22,true
1780852737862,966808,step,2689,405,148,WALKING,8,2,10,RUNNING,RUNNING,RUNNING,157,2531,2688,99.49,1874.22,true
1780852738233,967179,step,2690,371,161,RUNNING,8,2,10,RUNNING,RUNNING,RUNNING,157,2532,2689,99.49,1874.22,true
1780852738487,967433,step,2691,254,161,RUNNING,8,2,10,RUNNING,RUNNING,RUNNING,157,2533,2690,99.49,1876.77,true
1780852738740,967686,step,2692,253,161,RUNNING,8,2,10,RUNNING,RUNNING,RUNNING,157,2534,2691,99.49,1876.77,true
1780852739010,967956,step,2693,270,222,RUNNING,8,2,10,RUNNING,RUNNING,RUNNING,157,2535,2692,99.49,1876.77,true
1780852739432,968378,step,2694,422,222,RUNNING,8,2,10,RUNNING,RUNNING,RUNNING,157,2536,2693,99.49,1879.35,true
1780852739803,968749,step,2695,371,222,RUNNING,8,2,10,RUNNING,RUNNING,RUNNING,157,2537,2694,99.49,1879.35,true
1780852740192,969138,step,2696,389,161,RUNNING,8,2,10,RUNNING,RUNNING,RUNNING,157,2538,2695,99.49,1879.35,true
1780852740563,969509,step,2697,371,161,RUNNING,9,1,10,RUNNING,RUNNING,RUNNING,157,2539,2696,99.49,1881.89,true
1780852740884,969830,step,2698,321,161,RUNNING,9,1,10,RUNNING,RUNNING,RUNNING,157,2540,2697,99.49,1881.89,true
1780852741339,970285,step,2699,455,161,RUNNING,10,0,10,RUNNING,RUNNING,RUNNING,157,2541,2698,99.49,1881.89,true
1780852741728,970674,step,2700,389,154,RUNNING,10,0,10,RUNNING,RUNNING,RUNNING,157,2542,2699,99.49,1884.43,true
1780852742099,971045,step,2701,371,161,RUNNING,10,0,10,RUNNING,RUNNING,RUNNING,157,2543,2700,99.49,1884.43,true
1780852742521,971467,step,2702,422,154,RUNNING,10,0,10,RUNNING,RUNNING,RUNNING,157,2544,2701,99.49,1886.99,true
1780852742893,971839,step,2703,372,154,RUNNING,10,0,10,RUNNING,RUNNING,RUNNING,157,2545,2702,99.49,1886.99,true
1780852743163,972109,step,2704,270,161,RUNNING,10,0,10,RUNNING,RUNNING,RUNNING,157,2546,2703,99.49,1886.99,true
1780852743399,972345,step,2705,236,161,RUNNING,10,0,10,RUNNING,RUNNING,RUNNING,157,2547,2704,99.49,1886.99,true
1780852743669,972615,step,2706,270,222,RUNNING,10,0,10,RUNNING,RUNNING,RUNNING,157,2548,2705,99.49,1889.43,true
1780852744091,973037,step,2707,422,222,RUNNING,10,0,10,RUNNING,RUNNING,RUNNING,157,2549,2706,99.49,1889.43,true
1780852744463,973409,step,2708,372,222,RUNNING,10,0,10,RUNNING,RUNNING,RUNNING,157,2550,2707,99.49,1891.93,true
1780852744851,973797,step,2709,388,161,RUNNING,10,0,10,RUNNING,RUNNING,RUNNING,157,2551,2708,99.49,1891.93,true
1780852745222,974168,step,2710,371,161,RUNNING,10,0,10,RUNNING,RUNNING,RUNNING,157,2552,2709,99.49,1891.93,true
1780852745459,974405,step,2711,237,161,RUNNING,10,0,10,RUNNING,RUNNING,RUNNING,157,2553,2710,99.49,1894.48,true
1780852745746,974692,step,2712,287,161,RUNNING,10,0,10,RUNNING,RUNNING,RUNNING,157,2554,2711,99.49,1894.48,true
1780852745999,974945,step,2713,253,209,RUNNING,10,0,10,RUNNING,RUNNING,RUNNING,157,2555,2712,99.49,1894.48,true
1780852746404,975350,step,2714,405,209,RUNNING,10,0,10,RUNNING,RUNNING,RUNNING,157,2556,2713,99.49,1896.99,true
1780852746758,975704,step,2715,354,209,RUNNING,10,0,10,RUNNING,RUNNING,RUNNING,157,2557,2714,99.49,1896.99,true
1780852747012,975958,step,2716,254,209,RUNNING,10,0,10,RUNNING,RUNNING,RUNNING,157,2558,2715,99.49,1896.99,true
1780852747265,976211,step,2717,253,236,RUNNING,10,0,10,RUNNING,RUNNING,RUNNING,157,2559,2716,99.49,1896.99,true
1780852747552,976498,step,2718,287,209,RUNNING,10,0,10,RUNNING,RUNNING,RUNNING,157,2560,2717,99.49,1899.50,true
1780852747957,976903,step,2719,405,209,RUNNING,10,0,10,RUNNING,RUNNING,RUNNING,157,2561,2718,99.49,1899.50,true
1780852748227,977173,step,2720,270,222,RUNNING,10,0,10,RUNNING,RUNNING,RUNNING,157,2562,2719,99.49,1899.50,true
1780852748666,977612,step,2721,439,209,RUNNING,10,0,10,RUNNING,RUNNING,RUNNING,157,2563,2720,99.49,1902.09,true
1780852749088,978034,step,2722,422,148,WALKING,9,1,10,RUNNING,RUNNING,RUNNING,157,2564,2721,99.49,1902.09,true
1780852749510,978456,step,2723,422,142,WALKING,8,2,10,RUNNING,RUNNING,RUNNING,157,2565,2722,99.49,1904.86,true
1780852749881,978827,step,2724,371,142,WALKING,7,3,10,RUNNING,RUNNING,RUNNING,157,2566,2723,99.49,1904.86,true
1780852750287,979233,step,2725,406,142,WALKING,6,4,10,RUNNING,RUNNING,RUNNING,157,2567,2724,99.49,1904.86,true
1780852750641,979587,step,2726,354,147,WALKING,5,5,10,RUNNING,RUNNING,RUNNING,157,2568,2725,99.49,1907.61,true
1780852751063,980009,switch,2727,422,147,WALKING,4,6,10,RUNNING,WALKING,RUNNING,157,2569,2726,99.49,1907.61,true
1780852751063,980009,step,2727,422,147,WALKING,4,6,10,RUNNING,WALKING,WALKING,157,2569,2726,99.49,1907.61,true
1780852751418,980364,step,2728,355,161,RUNNING,4,6,10,WALKING,WALKING,WALKING,158,2569,2727,102.76,1907.61,true
1780852751840,980786,step,2729,422,147,WALKING,3,7,10,WALKING,WALKING,WALKING,159,2569,2728,102.76,1907.61,true
1780852752194,981140,step,2730,354,169,RUNNING,3,7,10,WALKING,WALKING,WALKING,160,2569,2729,102.76,1907.61,true
1780852752599,981545,step,2731,405,148,WALKING,2,8,10,WALKING,WALKING,WALKING,161,2569,2730,105.53,1907.61,true
1780852752988,981934,step,2732,389,154,RUNNING,3,7,10,WALKING,WALKING,WALKING,162,2569,2731,105.53,1907.61,true
1780852753224,982170,step,2733,236,154,RUNNING,4,6,10,WALKING,WALKING,WALKING,163,2569,2732,105.53,1907.61,true
1780852753460,982406,step,2734,236,169,RUNNING,5,5,10,WALKING,WALKING,WALKING,164,2569,2733,108.29,1907.61,true
1780852753747,982693,step,2735,287,209,RUNNING,6,4,10,WALKING,WALKING,WALKING,165,2569,2734,108.29,1907.61,true
1780852754152,983098,step,2736,405,209,RUNNING,7,3,10,WALKING,WALKING,WALKING,166,2569,2735,108.29,1907.61,true
1780852754507,983453,switch,2737,355,209,RUNNING,8,2,10,WALKING,RUNNING,WALKING,167,2569,2736,110.97,1907.61,true
1780852754507,983453,step,2737,355,209,RUNNING,8,2,10,WALKING,RUNNING,RUNNING,167,2569,2736,110.97,1907.61,true
1780852754861,983807,step,2738,354,169,RUNNING,8,2,10,RUNNING,RUNNING,RUNNING,167,2570,2737,110.97,1908.43,true
1780852755283,984229,step,2739,422,169,RUNNING,9,1,10,RUNNING,RUNNING,RUNNING,167,2571,2738,110.97,1909.26,true
1780852755520,984466,step,2740,237,169,RUNNING,9,1,10,RUNNING,RUNNING,RUNNING,167,2572,2739,110.97,1912.74,true
1780852755807,984753,step,2741,287,169,RUNNING,10,0,10,RUNNING,RUNNING,RUNNING,167,2573,2740,110.97,1912.74,true
1780852756094,985040,step,2742,287,209,RUNNING,10,0,10,RUNNING,RUNNING,RUNNING,167,2574,2741,110.97,1912.74,true
1780852756499,985445,step,2743,405,209,RUNNING,10,0,10,RUNNING,RUNNING,RUNNING,167,2575,2742,110.97,1915.36,true
1780852756887,985833,step,2744,388,209,RUNNING,10,0,10,RUNNING,RUNNING,RUNNING,167,2576,2743,110.97,1915.36,true
1780852757123,986069,step,2745,236,209,RUNNING,10,0,10,RUNNING,RUNNING,RUNNING,167,2577,2744,110.97,1915.36,true
1780852757410,986356,step,2746,287,209,RUNNING,10,0,10,RUNNING,RUNNING,RUNNING,167,2578,2745,110.97,1917.80,true
1780852757697,986643,step,2747,287,209,RUNNING,10,0,10,RUNNING,RUNNING,RUNNING,167,2579,2746,110.97,1917.80,true
1780852758102,987048,step,2748,405,209,RUNNING,10,0,10,RUNNING,RUNNING,RUNNING,167,2580,2747,110.97,1917.80,true
1780852758474,987420,step,2749,372,209,RUNNING,10,0,10,RUNNING,RUNNING,RUNNING,167,2581,2748,110.97,1920.32,true
1780852758913,987859,step,2750,439,161,RUNNING,10,0,10,RUNNING,RUNNING,RUNNING,167,2582,2749,110.97,1920.32,true
1780852759284,988230,step,2751,371,161,RUNNING,10,0,10,RUNNING,RUNNING,RUNNING,167,2583,2750,110.97,1920.32,true
1780852759706,988652,step,2752,422,148,WALKING,9,1,10,RUNNING,RUNNING,RUNNING,167,2584,2751,110.97,1922.81,true
1780852760077,989023,step,2753,371,161,RUNNING,9,1,10,RUNNING,RUNNING,RUNNING,167,2585,2752,110.97,1922.81,true
1780852760483,989429,step,2754,406,147,WALKING,8,2,10,RUNNING,RUNNING,RUNNING,167,2586,2753,110.97,1925.23,true
1780852760854,989800,step,2755,371,161,RUNNING,8,2,10,RUNNING,RUNNING,RUNNING,167,2587,2754,110.97,1925.23,true
1780852761293,990239,step,2756,439,147,WALKING,7,3,10,RUNNING,RUNNING,RUNNING,167,2588,2755,110.97,1925.23,true
1780852761647,990593,step,2757,354,161,RUNNING,7,3,10,RUNNING,RUNNING,RUNNING,167,2589,2756,110.97,1927.58,true
1780852762069,991015,step,2758,422,147,WALKING,6,4,10,RUNNING,RUNNING,RUNNING,167,2590,2757,110.97,1927.58,true
1780852762441,991387,step,2759,372,161,RUNNING,6,4,10,RUNNING,RUNNING,RUNNING,167,2591,2758,110.97,1930.08,true
1780852762846,991792,step,2760,405,148,WALKING,5,5,10,RUNNING,RUNNING,RUNNING,167,2592,2759,110.97,1930.08,true
1780852763217,992163,step,2761,371,161,RUNNING,5,5,10,RUNNING,RUNNING,RUNNING,167,2593,2760,110.97,1930.08,true
1780852763639,992585,step,2762,422,148,WALKING,5,5,10,RUNNING,RUNNING,RUNNING,167,2594,2761,110.97,1932.92,true
1780852763994,992940,step,2763,355,161,RUNNING,5,5,10,RUNNING,RUNNING,RUNNING,167,2595,2762,110.97,1932.92,true
1780852764315,993261,step,2764,321,161,RUNNING,6,4,10,RUNNING,RUNNING,RUNNING,167,2596,2763,110.97,1932.92,true
1780852764602,993548,step,2765,287,169,RUNNING,6,4,10,RUNNING,RUNNING,RUNNING,167,2597,2764,110.97,1935.89,true
1780852764905,993851,step,2766,303,186,RUNNING,7,3,10,RUNNING,RUNNING,RUNNING,167,2598,2765,110.97,1935.89,true
1780852765209,994155,step,2767,304,197,RUNNING,7,3,10,RUNNING,RUNNING,RUNNING,167,2599,2766,110.97,1935.89,true
1780852765614,994560,step,2768,405,197,RUNNING,8,2,10,RUNNING,RUNNING,RUNNING,167,2600,2767,110.97,1938.64,true
1780852765986,994932,step,2769,372,197,RUNNING,8,2,10,RUNNING,RUNNING,RUNNING,167,2601,2768,110.97,1938.64,true
1780852766391,995337,step,2770,405,161,RUNNING,9,1,10,RUNNING,RUNNING,RUNNING,167,2602,2769,110.97,1938.64,true
1780852766779,995725,step,2771,388,154,RUNNING,9,1,10,RUNNING,RUNNING,RUNNING,167,2603,2770,110.97,1941.44,true
1780852767201,996147,step,2772,422,148,WALKING,9,1,10,RUNNING,RUNNING,RUNNING,167,2604,2771,110.97,1941.44,true
1780852767606,996552,step,2773,405,148,WALKING,8,2,10,RUNNING,RUNNING,RUNNING,167,2605,2772,110.97,1944.18,true
1780852767944,996890,step,2774,338,148,WALKING,7,3,10,RUNNING,RUNNING,RUNNING,167,2606,2773,110.97,1944.18,true
1780852768197,997143,step,2775,253,154,RUNNING,7,3,10,RUNNING,RUNNING,RUNNING,167,2607,2774,110.97,1944.18,true
1780852768518,997464,step,2776,321,177,RUNNING,7,3,10,RUNNING,RUNNING,RUNNING,167,2608,2775,110.97,1946.94,true
1780852768773,997719,step,2777,255,186,RUNNING,7,3,10,RUNNING,RUNNING,RUNNING,167,2609,2776,110.97,1946.94,true
1780852769087,998033,step,2778,314,191,RUNNING,7,3,10,RUNNING,RUNNING,RUNNING,167,2610,2777,110.97,1946.94,true
1780852769317,998263,step,2779,230,235,RUNNING,7,3,10,RUNNING,RUNNING,RUNNING,167,2611,2778,110.97,1946.94,true
1780852769613,998559,step,2780,296,202,RUNNING,7,3,10,RUNNING,RUNNING,RUNNING,167,2612,2779,110.97,1949.51,true
1780852770015,998961,step,2781,402,202,RUNNING,7,3,10,RUNNING,RUNNING,RUNNING,167,2613,2780,110.97,1949.51,true
1780852770438,999384,step,2782,423,191,RUNNING,8,2,10,RUNNING,RUNNING,RUNNING,167,2614,2781,110.97,1951.99,true
1780852770777,999723,step,2783,339,176,RUNNING,9,1,10,RUNNING,RUNNING,RUNNING,167,2615,2782,110.97,1951.99,true
1780852771158,1000104,step,2784,381,157,RUNNING,10,0,10,RUNNING,RUNNING,RUNNING,167,2616,2783,110.97,1951.99,true
1780852771411,1000357,step,2785,253,157,RUNNING,10,0,10,RUNNING,RUNNING,RUNNING,167,2617,2784,110.97,1954.30,true
1780852771644,1000590,step,2786,233,176,RUNNING,10,0,10,RUNNING,RUNNING,RUNNING,167,2618,2785,110.97,1954.30,true
1780852772004,1000950,step,2787,360,176,RUNNING,10,0,10,RUNNING,RUNNING,RUNNING,167,2619,2786,110.97,1954.30,true
1780852772279,1001225,step,2788,275,218,RUNNING,10,0,10,RUNNING,RUNNING,RUNNING,167,2620,2787,110.97,1954.30,true
1780852772511,1001457,step,2789,232,237,RUNNING,10,0,10,RUNNING,RUNNING,RUNNING,167,2621,2788,110.97,1956.41,true
1780852772791,1001737,step,2790,280,218,RUNNING,10,0,10,RUNNING,RUNNING,RUNNING,167,2622,2789,110.97,1956.41,true
1780852773043,1001989,step,2791,252,218,RUNNING,10,0,10,RUNNING,RUNNING,RUNNING,167,2623,2790,110.97,1956.41,true
1780852773297,1002243,step,2792,254,236,RUNNING,10,0,10,RUNNING,RUNNING,RUNNING,167,2624,2791,110.97,1956.41,true
1780852773533,1002479,step,2793,236,238,RUNNING,10,0,10,RUNNING,RUNNING,RUNNING,167,2625,2792,110.97,1958.54,true
1780852773904,1002850,step,2794,371,236,RUNNING,10,0,10,RUNNING,RUNNING,RUNNING,167,2626,2793,110.97,1958.54,true
1780852774158,1003104,step,2795,254,236,RUNNING,10,0,10,RUNNING,RUNNING,RUNNING,167,2627,2794,110.97,1958.54,true
1780852774461,1003407,step,2796,303,236,RUNNING,10,0,10,RUNNING,RUNNING,RUNNING,167,2628,2795,110.97,1960.66,true
1780852774782,1003728,step,2797,321,198,RUNNING,10,0,10,RUNNING,RUNNING,RUNNING,167,2629,2796,110.97,1960.66,true
1780852775204,1004150,step,2798,422,186,RUNNING,10,0,10,RUNNING,RUNNING,RUNNING,167,2630,2797,110.97,1960.66,true
1780852775576,1004522,step,2799,372,186,RUNNING,10,0,10,RUNNING,RUNNING,RUNNING,167,2631,2798,110.97,1962.84,true
1780852775879,1004825,step,2800,303,186,RUNNING,10,0,10,RUNNING,RUNNING,RUNNING,167,2632,2799,110.97,1962.84,true
1780852776386,1005332,step,2801,507,161,RUNNING,10,0,10,RUNNING,RUNNING,RUNNING,167,2633,2800,110.97,1962.84,true
1780852776791,1005737,step,2802,405,148,WALKING,9,1,10,RUNNING,RUNNING,RUNNING,167,2634,2801,110.97,1964.95,true
1780852777179,1006125,step,2803,388,154,RUNNING,9,1,10,RUNNING,RUNNING,RUNNING,167,2635,2802,110.97,1964.95,true
1780852777585,1006531,step,2804,406,148,WALKING,8,2,10,RUNNING,RUNNING,RUNNING,167,2636,2803,110.97,1967.01,true
1780852777973,1006919,step,2805,388,148,WALKING,7,3,10,RUNNING,RUNNING,RUNNING,167,2637,2804,110.97,1967.01,true
1780852778311,1007257,step,2806,338,154,RUNNING,7,3,10,RUNNING,RUNNING,RUNNING,167,2638,2805,110.97,1967.01,true
1780852778783,1007729,step,2807,472,154,RUNNING,7,3,10,RUNNING,RUNNING,RUNNING,167,2639,2806,110.97,1969.09,true
1780852779053,1007999,step,2808,270,154,RUNNING,7,3,10,RUNNING,RUNNING,RUNNING,167,2640,2807,110.97,1969.09,true
1780852779340,1008286,step,2809,287,177,RUNNING,7,3,10,RUNNING,RUNNING,RUNNING,167,2641,2808,110.97,1969.09,true
1780852779678,1008624,step,2810,338,177,RUNNING,7,3,10,RUNNING,RUNNING,RUNNING,167,2642,2809,110.97,1971.17,true
1780852779965,1008911,step,2811,287,209,RUNNING,7,3,10,RUNNING,RUNNING,RUNNING,167,2643,2810,110.97,1971.17,true
1780852780370,1009316,step,2812,405,209,RUNNING,8,2,10,RUNNING,RUNNING,RUNNING,167,2644,2811,110.97,1971.17,true
1780852780640,1009586,step,2813,270,209,RUNNING,8,2,10,RUNNING,RUNNING,RUNNING,167,2645,2812,110.97,1973.29,true
1780852780877,1009823,step,2814,237,209,RUNNING,9,1,10,RUNNING,RUNNING,RUNNING,167,2646,2813,110.97,1973.29,true
1780852781164,1010110,step,2815,287,209,RUNNING,10,0,10,RUNNING,RUNNING,RUNNING,167,2647,2814,110.97,1973.29,true
1780852781451,1010397,step,2816,287,209,RUNNING,10,0,10,RUNNING,RUNNING,RUNNING,167,2648,2815,110.97,1975.56,true
1780852781805,1010751,step,2817,354,209,RUNNING,10,0,10,RUNNING,RUNNING,RUNNING,167,2649,2816,110.97,1975.56,true
1780852782092,1011038,step,2818,287,209,RUNNING,10,0,10,RUNNING,RUNNING,RUNNING,167,2650,2817,110.97,1975.56,true
1780852782362,1011308,step,2819,270,209,RUNNING,10,0,10,RUNNING,RUNNING,RUNNING,167,2651,2818,110.97,1975.56,true
1780852782767,1011713,step,2820,405,209,RUNNING,10,0,10,RUNNING,RUNNING,RUNNING,167,2652,2819,110.97,1977.84,true
1780852783172,1012118,step,2821,405,169,RUNNING,10,0,10,RUNNING,RUNNING,RUNNING,167,2653,2820,110.97,1977.84,true
1780852783578,1012524,step,2822,406,148,WALKING,9,1,10,RUNNING,RUNNING,RUNNING,167,2654,2821,110.97,1980.13,true
1780852784000,1012946,step,2823,422,148,WALKING,8,2,10,RUNNING,RUNNING,RUNNING,167,2655,2822,110.97,1980.13,true
1780852784253,1013199,step,2824,253,148,WALKING,7,3,10,RUNNING,RUNNING,RUNNING,167,2656,2823,110.97,1980.13,true
1780852784506,1013452,step,2825,253,148,WALKING,6,4,10,RUNNING,RUNNING,RUNNING,167,2657,2824,110.97,1982.25,true
1780852784810,1013756,step,2826,304,197,RUNNING,6,4,10,RUNNING,RUNNING,RUNNING,167,2658,2825,110.97,1982.25,true
1780852785215,1014161,step,2827,405,197,RUNNING,6,4,10,RUNNING,RUNNING,RUNNING,167,2659,2826,110.97,1982.25,true
1780852785553,1014499,step,2828,338,197,RUNNING,6,4,10,RUNNING,RUNNING,RUNNING,167,2660,2827,110.97,1984.36,true
1780852785823,1014769,step,2829,270,197,RUNNING,6,4,10,RUNNING,RUNNING,RUNNING,167,2661,2828,110.97,1984.36,true
1780852786127,1015073,step,2830,304,197,RUNNING,6,4,10,RUNNING,RUNNING,RUNNING,167,2662,2829,110.97,1984.36,true
1780852786363,1015309,step,2831,236,197,RUNNING,6,4,10,RUNNING,RUNNING,RUNNING,167,2663,2830,110.97,1984.36,true
1780852786836,1015782,step,2832,473,197,RUNNING,7,3,10,RUNNING,RUNNING,RUNNING,167,2664,2831,110.97,1986.61,true
1780852787123,1016069,step,2833,287,209,RUNNING,8,2,10,RUNNING,RUNNING,RUNNING,167,2665,2832,110.97,1986.61,true
1780852787646,1016592,step,2834,523,197,RUNNING,9,1,10,RUNNING,RUNNING,RUNNING,167,2666,2833,110.97,1988.91,true
1780852787984,1016930,step,2835,338,177,RUNNING,10,0,10,RUNNING,RUNNING,RUNNING,167,2667,2834,110.97,1988.91,true
1780852788439,1017385,step,2836,455,131,WALKING,9,1,10,RUNNING,RUNNING,RUNNING,167,2668,2835,110.97,1991.24,true
1780852788845,1017791,step,2837,406,147,WALKING,8,2,10,RUNNING,RUNNING,RUNNING,167,2669,2836,110.97,1991.24,true
1780852789115,1018061,step,2838,270,147,WALKING,7,3,10,RUNNING,RUNNING,RUNNING,167,2670,2837,110.97,1991.24,true
1780852789621,1018567,step,2839,506,147,WALKING,6,4,10,RUNNING,RUNNING,RUNNING,167,2671,2838,110.97,1993.55,true
1780852790009,1018955,step,2840,388,147,WALKING,5,5,10,RUNNING,RUNNING,RUNNING,167,2672,2839,110.97,1993.55,true
1780852790296,1019242,step,2841,287,154,RUNNING,5,5,10,RUNNING,RUNNING,RUNNING,167,2673,2840,110.97,1993.55,true
1780852790804,1019750,step,2842,508,154,RUNNING,5,5,10,RUNNING,RUNNING,RUNNING,167,2674,2841,110.97,1995.81,true
1780852791208,1020154,switch,2843,404,148,WALKING,4,6,10,RUNNING,WALKING,RUNNING,167,2675,2842,110.97,1995.81,true
1780852791208,1020154,step,2843,404,148,WALKING,4,6,10,RUNNING,WALKING,WALKING,167,2675,2842,110.97,1995.81,true
1780852791596,1020542,step,2844,388,154,RUNNING,4,6,10,WALKING,WALKING,WALKING,168,2675,2843,113.61,1995.81,true
1780852791883,1020829,step,2845,287,154,RUNNING,4,6,10,WALKING,WALKING,WALKING,169,2675,2844,113.61,1995.81,true
1780852792119,1021065,step,2846,236,154,RUNNING,5,5,10,WALKING,WALKING,WALKING,170,2675,2845,113.61,1995.81,true
1780852792406,1021352,step,2847,287,209,RUNNING,6,4,10,WALKING,WALKING,WALKING,171,2675,2846,115.82,1995.81,true
1780852792744,1021690,step,2848,338,209,RUNNING,7,3,10,WALKING,WALKING,WALKING,172,2675,2847,115.82,1995.81,true
1780852793014,1021960,switch,2849,270,209,RUNNING,8,2,10,WALKING,RUNNING,WALKING,173,2675,2848,115.82,1995.81,true
1780852793014,1021960,step,2849,270,209,RUNNING,8,2,10,WALKING,RUNNING,RUNNING,173,2675,2848,115.82,1995.81,true
1780852793284,1022230,step,2850,270,222,RUNNING,9,1,10,RUNNING,RUNNING,RUNNING,173,2676,2849,115.82,1996.64,true
1780852793588,1022534,step,2851,304,209,RUNNING,9,1,10,RUNNING,RUNNING,RUNNING,173,2677,2850,115.82,1999.77,true
1780852793841,1022787,step,2852,253,222,RUNNING,9,1,10,RUNNING,RUNNING,RUNNING,173,2678,2851,115.82,1999.77,true
1780852794095,1023041,step,2853,254,222,RUNNING,10,0,10,RUNNING,RUNNING,RUNNING,173,2679,2852,115.82,1999.77,true
1780852794365,1023311,step,2854,270,222,RUNNING,10,0,10,RUNNING,RUNNING,RUNNING,173,2680,2853,115.82,1999.77,true
1780852794702,1023648,step,2855,337,222,RUNNING,10,0,10,RUNNING,RUNNING,RUNNING,173,2681,2854,115.82,2002.04,true
1780852795091,1024037,step,2856,389,222,RUNNING,10,0,10,RUNNING,RUNNING,RUNNING,173,2682,2855,115.82,2002.04,true
1780852795428,1024374,step,2857,337,178,RUNNING,10,0,10,RUNNING,RUNNING,RUNNING,173,2683,2856,115.82,2004.26,true
1780852795698,1024644,step,2858,270,178,RUNNING,10,0,10,RUNNING,RUNNING,RUNNING,173,2684,2857,115.82,2004.26,true
1780852795968,1024914,step,2859,270,178,RUNNING,10,0,10,RUNNING,RUNNING,RUNNING,173,2685,2858,115.82,2004.26,true
1780852796289,1025235,step,2860,321,186,RUNNING,10,0,10,RUNNING,RUNNING,RUNNING,173,2686,2859,115.82,2004.26,true
1780852796559,1025505,step,2861,270,222,RUNNING,10,0,10,RUNNING,RUNNING,RUNNING,173,2687,2860,115.82,2006.55,true
1780852796880,1025826,step,2862,321,222,RUNNING,10,0,10,RUNNING,RUNNING,RUNNING,173,2688,2861,115.82,2006.55,true
1780852797116,1026062,step,2863,236,222,RUNNING,10,0,10,RUNNING,RUNNING,RUNNING,173,2689,2862,115.82,2006.55,true
1780852797369,1026315,step,2864,253,222,RUNNING,10,0,10,RUNNING,RUNNING,RUNNING,173,2690,2863,115.82,2006.55,true
1780852797606,1026552,step,2865,237,237,RUNNING,10,0,10,RUNNING,RUNNING,RUNNING,173,2691,2864,115.82,2008.76,true
1780852797910,1026856,step,2866,304,237,RUNNING,10,0,10,RUNNING,RUNNING,RUNNING,173,2692,2865,115.82,2008.76,true
1780852798180,1027126,step,2867,270,237,RUNNING,10,0,10,RUNNING,RUNNING,RUNNING,173,2693,2866,115.82,2008.76,true
1780852798433,1027379,step,2868,253,237,RUNNING,10,0,10,RUNNING,RUNNING,RUNNING,173,2694,2867,115.82,2010.80,true
1780852798804,1027750,step,2869,371,222,RUNNING,10,0,10,RUNNING,RUNNING,RUNNING,173,2695,2868,115.82,2010.80,true
1780852799260,1028206,step,2870,456,197,RUNNING,10,0,10,RUNNING,RUNNING,RUNNING,173,2696,2869,115.82,2010.80,true
1780852799716,1028662,step,2871,456,161,RUNNING,10,0,10,RUNNING,RUNNING,RUNNING,173,2697,2870,115.82,2012.78,true
1780852800087,1029033,step,2872,371,161,RUNNING,10,0,10,RUNNING,RUNNING,RUNNING,173,2698,2871,115.82,2012.78,true
1780852800509,1029455,step,2873,422,142,WALKING,9,1,10,RUNNING,RUNNING,RUNNING,173,2699,2872,115.82,2014.78,true
1780852800881,1029827,step,2874,372,142,WALKING,8,2,10,RUNNING,RUNNING,RUNNING,173,2700,2873,115.82,2014.78,true
1780852801235,1030181,step,2875,354,161,RUNNING,8,2,10,RUNNING,RUNNING,RUNNING,173,2701,2874,115.82,2014.78,true
1780852801674,1030620,step,2876,439,161,RUNNING,8,2,10,RUNNING,RUNNING,RUNNING,173,2702,2875,115.82,2016.78,true
1780852802113,1031059,step,2877,439,142,WALKING,7,3,10,RUNNING,RUNNING,RUNNING,173,2703,2876,115.82,2016.78,true
1780852802468,1031414,step,2878,355,161,RUNNING,7,3,10,RUNNING,RUNNING,RUNNING,173,2704,2877,115.82,2018.78,true
1780852802890,1031836,step,2879,422,142,WALKING,6,4,10,RUNNING,RUNNING,RUNNING,173,2705,2878,115.82,2018.78,true
1780852803278,1032224,step,2880,388,142,WALKING,5,5,10,RUNNING,RUNNING,RUNNING,173,2706,2879,115.82,2018.78,true
1780852803632,1032578,step,2881,354,154,RUNNING,5,5,10,RUNNING,RUNNING,RUNNING,173,2707,2880,115.82,2020.85,true
1780852804071,1033017,step,2882,439,154,RUNNING,5,5,10,RUNNING,RUNNING,RUNNING,173,2708,2881,115.82,2020.85,true
1780852804493,1033439,step,2883,422,142,WALKING,5,5,10,RUNNING,RUNNING,RUNNING,173,2709,2882,115.82,2022.92,true
1780852804882,1033828,step,2884,389,154,RUNNING,6,4,10,RUNNING,RUNNING,RUNNING,173,2710,2883,115.82,2022.92,true
1780852805236,1034182,step,2885,354,154,RUNNING,6,4,10,RUNNING,RUNNING,RUNNING,173,2711,2884,115.82,2022.92,true
1780852805472,1034418,step,2886,236,154,RUNNING,6,4,10,RUNNING,RUNNING,RUNNING,173,2712,2885,115.82,2025.01,true
1780852805776,1034722,step,2887,304,169,RUNNING,7,3,10,RUNNING,RUNNING,RUNNING,173,2713,2886,115.82,2025.01,true
1780852806080,1035026,step,2888,304,197,RUNNING,7,3,10,RUNNING,RUNNING,RUNNING,173,2714,2887,115.82,2025.01,true
1780852806468,1035414,step,2889,388,197,RUNNING,8,2,10,RUNNING,RUNNING,RUNNING,173,2715,2888,115.82,2027.09,true
1780852806857,1035803,step,2890,389,197,RUNNING,9,1,10,RUNNING,RUNNING,RUNNING,173,2716,2889,115.82,2027.09,true
1780852807245,1036191,step,2891,388,154,RUNNING,9,1,10,RUNNING,RUNNING,RUNNING,173,2717,2890,115.82,2027.09,true
1780852807600,1036546,step,2892,355,154,RUNNING,9,1,10,RUNNING,RUNNING,RUNNING,173,2718,2891,115.82,2029.19,true
1780852808038,1036984,step,2893,438,154,RUNNING,10,0,10,RUNNING,RUNNING,RUNNING,173,2719,2892,115.82,2029.19,true
1780852808477,1037423,step,2894,439,154,RUNNING,10,0,10,RUNNING,RUNNING,RUNNING,173,2720,2893,115.82,2031.28,true
1780852808832,1037778,step,2895,355,154,RUNNING,10,0,10,RUNNING,RUNNING,RUNNING,173,2721,2894,115.82,2031.28,true
1780852809254,1038200,step,2896,422,142,WALKING,9,1,10,RUNNING,RUNNING,RUNNING,173,2722,2895,115.82,2031.28,true
1780852809625,1038571,step,2897,371,142,WALKING,8,2,10,RUNNING,RUNNING,RUNNING,173,2723,2896,115.82,2033.40,true
1780852809895,1038841,step,2898,270,161,RUNNING,8,2,10,RUNNING,RUNNING,RUNNING,173,2724,2897,115.82,2033.40,true
1780852810132,1039078,step,2899,237,169,RUNNING,8,2,10,RUNNING,RUNNING,RUNNING,173,2725,2898,115.82,2033.40,true
1780852810402,1039348,step,2900,270,222,RUNNING,8,2,10,RUNNING,RUNNING,RUNNING,173,2726,2899,115.82,2035.43,true
1780852810807,1039753,step,2901,405,222,RUNNING,8,2,10,RUNNING,RUNNING,RUNNING,173,2727,2900,115.82,2035.43,true
1780852811161,1040107,step,2902,354,222,RUNNING,8,2,10,RUNNING,RUNNING,RUNNING,173,2728,2901,115.82,2035.43,true
1780852811499,1040445,step,2903,338,177,RUNNING,8,2,10,RUNNING,RUNNING,RUNNING,173,2729,2902,115.82,2037.49,true
1780852811938,1040884,step,2904,439,169,RUNNING,8,2,10,RUNNING,RUNNING,RUNNING,173,2730,2903,115.82,2037.49,true
1780852812326,1041272,step,2905,388,154,RUNNING,8,2,10,RUNNING,RUNNING,RUNNING,173,2731,2904,115.82,2037.49,true
1780852812698,1041644,step,2906,372,161,RUNNING,9,1,10,RUNNING,RUNNING,RUNNING,173,2732,2905,115.82,2039.55,true
1780852813018,1041964,step,2907,320,161,RUNNING,10,0,10,RUNNING,RUNNING,RUNNING,173,2733,2906,115.82,2039.55,true
1780852813474,1042420,step,2908,456,154,RUNNING,10,0,10,RUNNING,RUNNING,RUNNING,173,2734,2907,115.82,2041.71,true
1780852813812,1042758,step,2909,338,161,RUNNING,10,0,10,RUNNING,RUNNING,RUNNING,173,2735,2908,115.82,2041.71,true
1780852814268,1043214,step,2910,456,161,RUNNING,10,0,10,RUNNING,RUNNING,RUNNING,173,2736,2909,115.82,2041.71,true
1780852814673,1043619,step,2911,405,148,WALKING,9,1,10,RUNNING,RUNNING,RUNNING,173,2737,2910,115.82,2043.88,true
1780852815044,1043990,step,2912,371,148,WALKING,8,2,10,RUNNING,RUNNING,RUNNING,173,2738,2911,115.82,2043.88,true
1780852815449,1044395,step,2913,405,148,WALKING,7,3,10,RUNNING,RUNNING,RUNNING,173,2739,2912,115.82,2046.03,true
1780852815821,1044767,step,2914,372,148,WALKING,6,4,10,RUNNING,RUNNING,RUNNING,173,2740,2913,115.82,2046.03,true
1780852816226,1045172,step,2915,405,148,WALKING,5,5,10,RUNNING,RUNNING,RUNNING,173,2741,2914,115.82,2046.03,true
1780852816614,1045560,step,2916,388,154,RUNNING,5,5,10,RUNNING,RUNNING,RUNNING,173,2742,2915,115.82,2048.15,true
1780852816867,1045813,step,2917,253,154,RUNNING,5,5,10,RUNNING,RUNNING,RUNNING,173,2743,2916,115.82,2048.15,true
1780852817120,1046066,step,2918,253,161,RUNNING,5,5,10,RUNNING,RUNNING,RUNNING,173,2744,2917,115.82,2048.15,true
1780852817374,1046320,step,2919,254,236,RUNNING,5,5,10,RUNNING,RUNNING,RUNNING,173,2745,2918,115.82,2048.15,true
1780852817796,1046742,step,2920,422,236,RUNNING,5,5,10,RUNNING,RUNNING,RUNNING,173,2746,2919,115.82,2050.42,true
1780852818083,1047029,step,2921,287,236,RUNNING,6,4,10,RUNNING,RUNNING,RUNNING,173,2747,2920,115.82,2050.42,true
1780852818572,1047518,step,2922,489,209,RUNNING,7,3,10,RUNNING,RUNNING,RUNNING,173,2748,2921,115.82,2052.63,true
1780852818960,1047906,step,2923,388,154,RUNNING,8,2,10,RUNNING,RUNNING,RUNNING,173,2749,2922,115.82,2052.63,true
1780852819247,1048193,step,2924,287,154,RUNNING,9,1,10,RUNNING,RUNNING,RUNNING,173,2750,2923,115.82,2052.63,true
1780852819551,1048497,step,2925,304,197,RUNNING,10,0,10,RUNNING,RUNNING,RUNNING,173,2751,2924,115.82,2054.91,true
1780852819821,1048767,step,2926,270,197,RUNNING,10,0,10,RUNNING,RUNNING,RUNNING,173,2752,2925,115.82,2054.91,true
1780852820075,1049021,step,2927,254,209,RUNNING,10,0,10,RUNNING,RUNNING,RUNNING,173,2753,2926,115.82,2054.91,true
1780852820311,1049257,step,2928,236,222,RUNNING,10,0,10,RUNNING,RUNNING,RUNNING,173,2754,2927,115.82,2054.91,true
1780852820716,1049662,step,2929,405,222,RUNNING,10,0,10,RUNNING,RUNNING,RUNNING,173,2755,2928,115.82,2057.31,true
1780852821054,1050000,step,2930,338,222,RUNNING,10,0,10,RUNNING,RUNNING,RUNNING,173,2756,2929,115.82,2057.31,true
1780852821324,1050270,step,2931,270,222,RUNNING,10,0,10,RUNNING,RUNNING,RUNNING,173,2757,2930,115.82,2057.31,true
1780852821661,1050607,step,2932,337,178,RUNNING,10,0,10,RUNNING,RUNNING,RUNNING,173,2758,2931,115.82,2059.87,true
1780852822067,1051013,step,2933,406,177,RUNNING,10,0,10,RUNNING,RUNNING,RUNNING,173,2759,2932,115.82,2059.87,true
1780852822370,1051316,step,2934,303,178,RUNNING,10,0,10,RUNNING,RUNNING,RUNNING,173,2760,2933,115.82,2059.87,true
1780852822641,1051587,step,2935,271,198,RUNNING,10,0,10,RUNNING,RUNNING,RUNNING,173,2761,2934,115.82,2062.41,true
1780852822944,1051890,step,2936,303,198,RUNNING,10,0,10,RUNNING,RUNNING,RUNNING,173,2762,2935,115.82,2062.41,true
1780852823333,1052279,step,2937,389,198,RUNNING,10,0,10,RUNNING,RUNNING,RUNNING,173,2763,2936,115.82,2062.41,true
1780852823637,1052583,step,2938,304,198,RUNNING,10,0,10,RUNNING,RUNNING,RUNNING,173,2764,2937,115.82,2064.71,true
1780852824143,1053089,step,2939,506,197,RUNNING,10,0,10,RUNNING,RUNNING,RUNNING,173,2765,2938,115.82,2064.71,true
1780852824548,1053494,step,2940,405,154,RUNNING,10,0,10,RUNNING,RUNNING,RUNNING,173,2766,2939,115.82,2066.93,true
1780852824936,1053882,step,2941,388,154,RUNNING,10,0,10,RUNNING,RUNNING,RUNNING,173,2767,2940,115.82,2066.93,true
1780852825342,1054288,step,2942,406,148,WALKING,9,1,10,RUNNING,RUNNING,RUNNING,173,2768,2941,115.82,2066.93,true
1780852825764,1054710,step,2943,422,147,WALKING,8,2,10,RUNNING,RUNNING,RUNNING,173,2769,2942,115.82,2069.02,true
1780852826152,1055098,step,2944,388,148,WALKING,7,3,10,RUNNING,RUNNING,RUNNING,173,2770,2943,115.82,2069.02,true
1780852826557,1055503,step,2945,405,148,WALKING,6,4,10,RUNNING,RUNNING,RUNNING,173,2771,2944,115.82,2071.08,true
1780852826962,1055908,step,2946,405,148,WALKING,5,5,10,RUNNING,RUNNING,RUNNING,173,2772,2945,115.82,2071.08,true
1780852827367,1056313,switch,2947,405,148,WALKING,4,6,10,RUNNING,WALKING,RUNNING,173,2773,2946,115.82,2071.08,true
1780852827367,1056313,step,2947,405,148,WALKING,4,6,10,RUNNING,WALKING,WALKING,173,2773,2946,115.82,2071.08,true
1780852827772,1056718,step,2948,405,148,WALKING,3,7,10,WALKING,WALKING,WALKING,174,2773,2947,118.46,2071.08,true
1780852828194,1057140,step,2949,422,148,WALKING,2,8,10,WALKING,WALKING,WALKING,175,2773,2948,118.46,2071.08,true
1780852828549,1057495,step,2950,355,148,WALKING,1,9,10,WALKING,WALKING,WALKING,176,2773,2949,120.55,2071.08,true
1780852829022,1057968,step,2951,473,148,WALKING,0,10,10,WALKING,WALKING,WALKING,177,2773,2950,120.55,2071.08,true
1780852829309,1058255,step,2952,287,148,WALKING,0,10,10,WALKING,WALKING,WALKING,178,2773,2951,120.55,2071.08,true
1780852829680,1058626,step,2953,371,161,RUNNING,1,9,10,WALKING,WALKING,WALKING,179,2773,2952,122.77,2071.08,true
1780852829984,1058930,step,2954,304,169,RUNNING,2,8,10,WALKING,WALKING,WALKING,180,2773,2953,122.77,2071.08,true
1780852830288,1059234,step,2955,304,197,RUNNING,3,7,10,WALKING,WALKING,WALKING,181,2773,2954,122.77,2071.08,true
1780852830676,1059622,step,2956,388,197,RUNNING,4,6,10,WALKING,WALKING,WALKING,182,2773,2955,124.78,2071.08,true
1780852831098,1060044,step,2957,422,161,RUNNING,5,5,10,WALKING,WALKING,WALKING,183,2773,2956,124.78,2071.08,true
1780852831503,1060449,step,2958,405,154,RUNNING,6,4,10,WALKING,WALKING,WALKING,184,2773,2957,126.36,2071.08,true
1780852831790,1060736,step,2959,287,154,RUNNING,7,3,10,WALKING,WALKING,WALKING,185,2773,2958,126.36,2071.08,true
1780852832297,1061243,step,2960,507,148,WALKING,7,3,10,WALKING,WALKING,WALKING,186,2773,2959,126.36,2071.08,true
1780852832702,1061648,step,2961,405,148,WALKING,7,3,10,WALKING,WALKING,WALKING,187,2773,2960,128.10,2071.08,true
1780852833090,1062036,step,2962,388,148,WALKING,7,3,10,WALKING,WALKING,WALKING,188,2773,2961,128.10,2071.08,true
1780852833495,1062441,step,2963,405,148,WALKING,6,4,10,WALKING,WALKING,WALKING,189,2773,2962,130.32,2071.08,true
1780852833884,1062830,step,2964,389,148,WALKING,5,5,10,WALKING,WALKING,WALKING,190,2773,2963,130.32,2071.08,true
1780852834289,1063235,step,2965,405,148,WALKING,4,6,10,WALKING,WALKING,WALKING,191,2773,2964,130.32,2071.08,true
1780852834694,1063640,step,2966,405,148,WALKING,3,7,10,WALKING,WALKING,WALKING,192,2773,2965,132.74,2071.08,true
1780852834998,1063944,step,2967,304,148,WALKING,2,8,10,WALKING,WALKING,WALKING,193,2773,2966,132.74,2071.08,true
1780852835285,1064231,step,2968,287,154,RUNNING,2,8,10,WALKING,WALKING,WALKING,194,2773,2967,132.74,2071.08,true
1780852835521,1064467,step,2969,236,197,RUNNING,2,8,10,WALKING,WALKING,WALKING,195,2773,2968,135.18,2071.08,true
1780852835808,1064754,step,2970,287,209,RUNNING,3,7,10,WALKING,WALKING,WALKING,196,2773,2969,135.18,2071.08,true
1780852836179,1065125,step,2971,371,209,RUNNING,4,6,10,WALKING,WALKING,WALKING,197,2773,2970,135.18,2071.08,true
1780852836433,1065379,step,2972,254,209,RUNNING,5,5,10,WALKING,WALKING,WALKING,198,2773,2971,137.36,2071.08,true
1780852836720,1065666,step,2973,287,209,RUNNING,6,4,10,WALKING,WALKING,WALKING,199,2773,2972,137.36,2071.08,true
1780852837142,1066088,step,2974,422,209,RUNNING,7,3,10,WALKING,WALKING,WALKING,200,2773,2973,137.36,2071.08,true
1780852837429,1066375,switch,2975,287,209,RUNNING,8,2,10,WALKING,RUNNING,WALKING,201,2773,2974,139.70,2071.08,true
1780852837429,1066375,step,2975,287,209,RUNNING,8,2,10,WALKING,RUNNING,RUNNING,201,2773,2974,139.70,2071.08,true
1780852837665,1066611,step,2976,236,209,RUNNING,9,1,10,RUNNING,RUNNING,RUNNING,201,2774,2975,139.70,2071.91,true
1780852837952,1066898,step,2977,287,209,RUNNING,10,0,10,RUNNING,RUNNING,RUNNING,201,2775,2976,139.70,2072.73,true
1780852838222,1067168,step,2978,270,209,RUNNING,10,0,10,RUNNING,RUNNING,RUNNING,201,2776,2977,139.70,2073.56,true
1780852838627,1067573,step,2979,405,209,RUNNING,10,0,10,RUNNING,RUNNING,RUNNING,201,2777,2978,139.70,2076.73,true
1780852839134,1068080,step,2980,507,209,RUNNING,10,0,10,RUNNING,RUNNING,RUNNING,201,2778,2979,139.70,2076.73,true
1780852839539,1068485,step,2981,405,148,WALKING,9,1,10,RUNNING,RUNNING,RUNNING,201,2779,2980,139.70,2078.99,true
1780852839927,1068873,step,2982,388,148,WALKING,8,2,10,RUNNING,RUNNING,RUNNING,201,2780,2981,139.70,2078.99,true
1780852840265,1069211,step,2983,338,148,WALKING,7,3,10,RUNNING,RUNNING,RUNNING,201,2781,2982,139.70,2078.99,true
1780852840501,1069447,step,2984,236,154,RUNNING,7,3,10,RUNNING,RUNNING,RUNNING,201,2782,2983,139.70,2081.42,true
1780852840856,1069802,step,2985,355,169,RUNNING,7,3,10,RUNNING,RUNNING,RUNNING,201,2783,2984,139.70,2081.42,true
1780852841143,1070089,step,2986,287,177,RUNNING,7,3,10,RUNNING,RUNNING,RUNNING,201,2784,2985,139.70,2081.42,true
1780852841514,1070460,step,2987,371,177,RUNNING,7,3,10,RUNNING,RUNNING,RUNNING,201,2785,2986,139.70,2083.94,true
1780852841885,1070831,step,2988,371,169,RUNNING,7,3,10,RUNNING,RUNNING,RUNNING,201,2786,2987,139.70,2083.94,true
1780852842324,1071270,step,2989,439,161,RUNNING,7,3,10,RUNNING,RUNNING,RUNNING,201,2787,2988,139.70,2083.94,true
1780852842747,1071693,step,2990,423,161,RUNNING,7,3,10,RUNNING,RUNNING,RUNNING,201,2788,2989,139.70,2086.40,true
1780852843135,1072081,step,2991,388,154,RUNNING,8,2,10,RUNNING,RUNNING,RUNNING,201,2789,2990,139.70,2086.40,true
1780852843371,1072317,step,2992,236,154,RUNNING,9,1,10,RUNNING,RUNNING,RUNNING,201,2790,2991,139.70,2086.40,true
1780852843641,1072587,step,2993,270,154,RUNNING,10,0,10,RUNNING,RUNNING,RUNNING,201,2791,2992,139.70,2088.49,true
1780852843911,1072857,step,2994,270,222,RUNNING,10,0,10,RUNNING,RUNNING,RUNNING,201,2792,2993,139.70,2088.49,true
1780852844350,1073296,step,2995,439,222,RUNNING,10,0,10,RUNNING,RUNNING,RUNNING,201,2793,2994,139.70,2088.49,true
1780852844721,1073667,step,2996,371,222,RUNNING,10,0,10,RUNNING,RUNNING,RUNNING,201,2794,2995,139.70,2090.25,true
1780852845059,1074005,step,2997,338,177,RUNNING,10,0,10,RUNNING,RUNNING,RUNNING,201,2795,2996,139.70,2090.25,true
1780852845346,1074292,step,2998,287,177,RUNNING,10,0,10,RUNNING,RUNNING,RUNNING,201,2796,2997,139.70,2090.25,true
1780852845701,1074647,step,2999,355,169,RUNNING,10,0,10,RUNNING,RUNNING,RUNNING,201,2797,2998,139.70,2091.89,true
1780852845954,1074900,step,3000,253,177,RUNNING,10,0,10,RUNNING,RUNNING,RUNNING,201,2798,2999,139.70,2091.89,true
1780852846308,1075254,step,3001,354,177,RUNNING,10,0,10,RUNNING,RUNNING,RUNNING,201,2799,3000,139.70,2091.89,true
1780852846730,1075676,step,3002,422,169,RUNNING,10,0,10,RUNNING,RUNNING,RUNNING,201,2800,3001,139.70,2093.54,true
1780852847119,1076065,step,3003,389,169,RUNNING,10,0,10,RUNNING,RUNNING,RUNNING,201,2801,3002,139.70,2093.54,true
1780852847541,1076487,step,3004,422,154,RUNNING,10,0,10,RUNNING,RUNNING,RUNNING,201,2802,3003,139.70,2095.45,true
1780852847895,1076841,step,3005,354,154,RUNNING,10,0,10,RUNNING,RUNNING,RUNNING,201,2803,3004,139.70,2095.45,true
1780852848317,1077263,step,3006,422,142,WALKING,9,1,10,RUNNING,RUNNING,RUNNING,201,2804,3005,139.70,2095.45,true
1780852848690,1077636,step,3007,373,154,RUNNING,9,1,10,RUNNING,RUNNING,RUNNING,201,2805,3006,139.70,2095.45,true
1780852849028,1077974,step,3008,338,160,RUNNING,9,1,10,RUNNING,RUNNING,RUNNING,201,2806,3007,139.70,2095.45,true
1780852849468,1078414,step,3009,440,160,RUNNING,9,1,10,RUNNING,RUNNING,RUNNING,201,2807,3008,139.70,2095.45,true
1780852849823,1078769,step,3010,355,160,RUNNING,9,1,10,RUNNING,RUNNING,RUNNING,201,2808,3009,139.70,2095.45,true
1780852850280,1079226,step,3011,457,160,RUNNING,9,1,10,RUNNING,RUNNING,RUNNING,201,2809,3010,139.70,2095.45,true
1780852850687,1079633,step,3012,407,147,WALKING,8,2,10,RUNNING,RUNNING,RUNNING,201,2810,3011,139.70,2095.45,true
1780852851042,1079988,step,3013,355,147,WALKING,7,3,10,RUNNING,RUNNING,RUNNING,201,2811,3012,139.70,2095.45,true
1780852851465,1080411,step,3014,423,147,WALKING,6,4,10,RUNNING,RUNNING,RUNNING,201,2812,3013,139.70,2095.45,true
1780852851871,1080817,step,3015,406,147,WALKING,5,5,10,RUNNING,RUNNING,RUNNING,201,2813,3014,139.70,2095.45,true
1780852852176,1081122,step,3016,305,147,WALKING,5,5,10,RUNNING,RUNNING,RUNNING,201,2814,3015,139.70,2095.45,true
1780852852650,1081596,switch,3017,474,147,WALKING,4,6,10,RUNNING,WALKING,RUNNING,201,2815,3016,139.70,2095.45,true
1780852852650,1081596,step,3017,474,147,WALKING,4,6,10,RUNNING,WALKING,WALKING,201,2815,3016,139.70,2095.45,true
1780852853056,1082002,step,3018,406,147,WALKING,3,7,10,WALKING,WALKING,WALKING,202,2815,3017,140.17,2095.45,true
1780852853428,1082374,step,3019,372,147,WALKING,2,8,10,WALKING,WALKING,WALKING,203,2815,3018,140.64,2095.45,true
1780852853767,1082713,step,3020,339,161,RUNNING,2,8,10,WALKING,WALKING,WALKING,204,2815,3019,141.11,2095.45,true
1780852854004,1082950,step,3021,237,161,RUNNING,2,8,10,WALKING,WALKING,WALKING,205,2815,3020,141.59,2095.45,true
1780852854359,1083305,step,3022,355,169,RUNNING,3,7,10,WALKING,WALKING,WALKING,206,2815,3021,142.06,2095.45,true
1780852854647,1083593,step,3023,288,176,RUNNING,4,6,10,WALKING,WALKING,WALKING,207,2815,3022,142.53,2095.45,true
1780852855002,1083948,step,3024,355,176,RUNNING,5,5,10,WALKING,WALKING,WALKING,208,2815,3023,143.01,2095.45,true
1780852855357,1084303,step,3025,355,169,RUNNING,6,4,10,WALKING,WALKING,WALKING,209,2815,3024,143.48,2095.45,true
1780852855814,1084760,step,3026,457,169,RUNNING,7,3,10,WALKING,WALKING,WALKING,210,2815,3025,143.95,2095.45,true
1780852856170,1085116,switch,3027,356,169,RUNNING,8,2,10,WALKING,RUNNING,WALKING,211,2815,3026,144.42,2095.45,true
1780852856170,1085116,step,3027,356,169,RUNNING,8,2,10,WALKING,RUNNING,RUNNING,211,2815,3026,144.42,2095.45,true
1780852856610,1085556,step,3028,440,168,RUNNING,9,1,10,RUNNING,RUNNING,RUNNING,211,2816,3027,144.42,2096.28,true
1780852857033,1085979,step,3029,423,141,WALKING,9,1,10,RUNNING,RUNNING,RUNNING,211,2817,3028,144.42,2097.10,true
1780852857405,1086351,step,3030,372,141,WALKING,8,2,10,RUNNING,RUNNING,RUNNING,211,2818,3029,144.42,2097.93,true
1780852857828,1086774,step,3031,423,141,WALKING,7,3,10,RUNNING,RUNNING,RUNNING,211,2819,3030,144.42,2098.76,true
1780852858201,1087147,step,3032,373,141,WALKING,6,4,10,RUNNING,RUNNING,RUNNING,211,2820,3031,144.42,2099.58,true
1780852858539,1087485,step,3033,338,160,RUNNING,6,4,10,RUNNING,RUNNING,RUNNING,211,2821,3032,144.42,2100.41,true
1780852858793,1087739,step,3034,254,161,RUNNING,6,4,10,RUNNING,RUNNING,RUNNING,211,2822,3033,144.42,2101.23,true
1780852859148,1088094,step,3035,355,169,RUNNING,6,4,10,RUNNING,RUNNING,RUNNING,211,2823,3034,144.42,2102.06,true
1780852859402,1088348,step,3036,254,177,RUNNING,6,4,10,RUNNING,RUNNING,RUNNING,211,2824,3035,144.42,2102.88,true
1780852859774,1088720,step,3037,372,177,RUNNING,6,4,10,RUNNING,RUNNING,RUNNING,211,2825,3036,144.42,2103.71,true
1780852860198,1089144,step,3038,424,169,RUNNING,6,4,10,RUNNING,RUNNING,RUNNING,211,2826,3037,144.42,2104.54,true
1780852860553,1089499,step,3039,355,169,RUNNING,7,3,10,RUNNING,RUNNING,RUNNING,211,2827,3038,144.42,2105.36,true
1780852860976,1089922,step,3040,423,161,RUNNING,8,2,10,RUNNING,RUNNING,RUNNING,211,2828,3039,144.42,2106.19,true
1780852861348,1090294,step,3041,372,161,RUNNING,9,1,10,RUNNING,RUNNING,RUNNING,211,2829,3040,144.42,2107.01,true
1780852861687,1090633,step,3042,339,161,RUNNING,10,0,10,RUNNING,RUNNING,RUNNING,211,2830,3041,144.42,2107.84,true
1780852862144,1091090,step,3043,457,161,RUNNING,10,0,10,RUNNING,RUNNING,RUNNING,211,2831,3042,144.42,2108.67,true
1780852862381,1091327,step,3044,237,161,RUNNING,10,0,10,RUNNING,RUNNING,RUNNING,211,2832,3043,144.42,2109.49,true
1780852862635,1091581,step,3045,254,176,RUNNING,10,0,10,RUNNING,RUNNING,RUNNING,211,2833,3044,144.42,2110.32,true
1780852862939,1091885,step,3046,304,197,RUNNING,10,0,10,RUNNING,RUNNING,RUNNING,211,2834,3045,144.42,2111.14,true
1780852863295,1092241,step,3047,356,197,RUNNING,10,0,10,RUNNING,RUNNING,RUNNING,211,2835,3046,144.42,2111.97,true
1780852863548,1092494,step,3048,253,236,RUNNING,10,0,10,RUNNING,RUNNING,RUNNING,211,2836,3047,144.42,2112.79,true
1780852863904,1092850,step,3049,356,197,RUNNING,10,0,10,RUNNING,RUNNING,RUNNING,211,2837,3048,144.42,2113.62,true
1780852864192,1093138,step,3050,288,197,RUNNING,10,0,10,RUNNING,RUNNING,RUNNING,211,2838,3049,144.42,2114.45,true
1780852864547,1093493,step,3051,355,169,RUNNING,10,0,10,RUNNING,RUNNING,RUNNING,211,2839,3050,144.42,2115.27,true
1780852864902,1093848,step,3052,355,169,RUNNING,10,0,10,RUNNING,RUNNING,RUNNING,211,2840,3051,144.42,2116.10,true
1780852865342,1094288,step,3053,440,169,RUNNING,10,0,10,RUNNING,RUNNING,RUNNING,211,2841,3052,144.42,2116.92,true
1780852865698,1094644,step,3054,356,169,RUNNING,10,0,10,RUNNING,RUNNING,RUNNING,211,2842,3053,144.42,2117.75,true
1780852866138,1095084,step,3055,440,168,RUNNING,10,0,10,RUNNING,RUNNING,RUNNING,211,2843,3054,144.42,2118.58,true
1780852866459,1095405,step,3056,321,168,RUNNING,10,0,10,RUNNING,RUNNING,RUNNING,211,2844,3055,144.42,2119.40,true
1780852866899,1095845,step,3057,440,136,WALKING,9,1,10,RUNNING,RUNNING,RUNNING,211,2845,3056,144.42,2120.23,true
1780852867305,1096251,step,3058,406,147,WALKING,8,2,10,RUNNING,RUNNING,RUNNING,211,2846,3057,144.42,2121.05,true
1780852867542,1096488,step,3059,237,147,WALKING,7,3,10,RUNNING,RUNNING,RUNNING,211,2847,3058,144.42,2121.88,true
1780852867796,1096742,step,3060,254,186,RUNNING,7,3,10,RUNNING,RUNNING,RUNNING,211,2848,3059,144.42,2122.70,true
1780852868084,1097030,step,3061,288,208,RUNNING,7,3,10,RUNNING,RUNNING,RUNNING,211,2849,3060,144.42,2123.53,true
1780852868355,1097301,step,3062,271,221,RUNNING,7,3,10,RUNNING,RUNNING,RUNNING,211,2850,3061,144.42,2124.36,true
1780852868659,1097605,step,3063,304,221,RUNNING,7,3,10,RUNNING,RUNNING,RUNNING,211,2851,3062,144.42,2125.18,true
1780852868947,1097893,step,3064,288,208,RUNNING,7,3,10,RUNNING,RUNNING,RUNNING,211,2852,3063,144.42,2126.01,true
1780852869269,1098215,step,3065,322,208,RUNNING,7,3,10,RUNNING,RUNNING,RUNNING,211,2853,3064,144.42,2126.83,true
1780852869524,1098470,step,3066,255,208,RUNNING,7,3,10,RUNNING,RUNNING,RUNNING,211,2854,3065,144.42,2127.66,true
1780852869791,1098737,step,3067,267,208,RUNNING,8,2,10,RUNNING,RUNNING,RUNNING,211,2855,3066,144.42,2128.49,true
1780852870087,1099033,step,3068,296,208,RUNNING,9,1,10,RUNNING,RUNNING,RUNNING,211,2856,3067,144.42,2129.31,true
1780852870489,1099435,step,3069,402,202,RUNNING,10,0,10,RUNNING,RUNNING,RUNNING,211,2857,3068,144.42,2130.14,true
1780852870870,1099816,step,3070,381,202,RUNNING,10,0,10,RUNNING,RUNNING,RUNNING,211,2858,3069,144.42,2130.96,true
1780852871272,1100218,step,3071,402,157,RUNNING,10,0,10,RUNNING,RUNNING,RUNNING,211,2859,3070,144.42,2131.79,true
1780852871652,1100598,step,3072,380,157,RUNNING,10,0,10,RUNNING,RUNNING,RUNNING,211,2860,3071,144.42,2132.61,true
1780852871991,1100937,step,3073,339,157,RUNNING,10,0,10,RUNNING,RUNNING,RUNNING,211,2861,3072,144.42,2133.44,true
1780852872245,1101191,step,3074,254,157,RUNNING,10,0,10,RUNNING,RUNNING,RUNNING,211,2862,3073,144.42,2134.27,true
1780852872604,1101550,step,3075,359,167,RUNNING,10,0,10,RUNNING,RUNNING,RUNNING,211,2863,3074,144.42,2135.09,true
1780852872858,1101804,step,3076,254,176,RUNNING,10,0,10,RUNNING,RUNNING,RUNNING,211,2864,3075,144.42,2135.92,true
1780852873239,1102185,step,3077,381,176,RUNNING,10,0,10,RUNNING,RUNNING,RUNNING,211,2865,3076,144.42,2136.74,true
1780852873641,1102587,step,3078,402,167,RUNNING,10,0,10,RUNNING,RUNNING,RUNNING,211,2866,3077,144.42,2137.57,true
1780852873937,1102883,step,3079,296,167,RUNNING,10,0,10,RUNNING,RUNNING,RUNNING,211,2867,3078,144.42,2138.40,true
1780852874168,1103114,step,3080,231,202,RUNNING,10,0,10,RUNNING,RUNNING,RUNNING,211,2868,3079,144.42,2139.22,true
1780852874422,1103368,step,3081,254,202,RUNNING,10,0,10,RUNNING,RUNNING,RUNNING,211,2869,3080,144.42,2140.05,true
1780852874709,1103655,step,3082,287,209,RUNNING,10,0,10,RUNNING,RUNNING,RUNNING,211,2870,3081,144.42,2140.87,true
1780852874980,1103926,step,3083,271,221,RUNNING,10,0,10,RUNNING,RUNNING,RUNNING,211,2871,3082,144.42,2141.70,true
1780852875235,1104181,step,3084,255,235,RUNNING,10,0,10,RUNNING,RUNNING,RUNNING,211,2872,3083,144.42,2142.52,true
1780852875505,1104451,step,3085,270,222,RUNNING,10,0,10,RUNNING,RUNNING,RUNNING,211,2873,3084,144.42,2143.35,true
1780852875826,1104772,step,3086,321,221,RUNNING,10,0,10,RUNNING,RUNNING,RUNNING,211,2874,3085,144.42,2144.18,true
1780852876080,1105026,step,3087,254,222,RUNNING,10,0,10,RUNNING,RUNNING,RUNNING,211,2875,3086,144.42,2145.00,true
1780852876368,1105314,step,3088,288,222,RUNNING,10,0,10,RUNNING,RUNNING,RUNNING,211,2876,3087,144.42,2145.83,true
1780852876774,1105720,step,3089,406,208,RUNNING,10,0,10,RUNNING,RUNNING,RUNNING,211,2877,3088,144.42,2146.65,true
1780852877163,1106109,step,3090,389,186,RUNNING,10,0,10,RUNNING,RUNNING,RUNNING,211,2878,3089,144.42,2147.48,true
1780852877502,1106448,step,3091,339,176,RUNNING,10,0,10,RUNNING,RUNNING,RUNNING,211,2879,3090,144.42,2148.31,true
1780852877959,1106905,step,3092,457,154,RUNNING,10,0,10,RUNNING,RUNNING,RUNNING,211,2880,3091,144.42,2149.13,true
1780852878297,1107243,step,3093,338,154,RUNNING,10,0,10,RUNNING,RUNNING,RUNNING,211,2881,3092,144.42,2149.96,true
1780852878568,1107514,step,3094,271,176,RUNNING,10,0,10,RUNNING,RUNNING,RUNNING,211,2882,3093,144.42,2150.78,true
1780852878907,1107853,step,3095,339,176,RUNNING,10,0,10,RUNNING,RUNNING,RUNNING,211,2883,3094,144.42,2151.61,true
1780852879161,1108107,step,3096,254,177,RUNNING,10,0,10,RUNNING,RUNNING,RUNNING,211,2884,3095,144.42,2152.43,true
1780852879550,1108496,step,3097,389,177,RUNNING,10,0,10,RUNNING,RUNNING,RUNNING,211,2885,3096,144.42,2153.26,true
1780852879956,1108902,step,3098,406,176,RUNNING,10,0,10,RUNNING,RUNNING,RUNNING,211,2886,3097,144.42,2154.09,true
1780852880311,1109257,step,3099,355,169,RUNNING,10,0,10,RUNNING,RUNNING,RUNNING,211,2887,3098,144.42,2154.91,true
1780852880734,1109680,step,3100,423,154,RUNNING,10,0,10,RUNNING,RUNNING,RUNNING,211,2888,3099,144.42,2155.74,true
1780852881107,1110053,step,3101,373,154,RUNNING,10,0,10,RUNNING,RUNNING,RUNNING,211,2889,3100,144.42,2156.56,true
1780852881530,1110476,step,3102,423,147,WALKING,9,1,10,RUNNING,RUNNING,RUNNING,211,2890,3101,144.42,2157.39,true
1780852881885,1110831,step,3103,355,160,RUNNING,9,1,10,RUNNING,RUNNING,RUNNING,211,2891,3102,144.42,2158.21,true
1780852882308,1111254,step,3104,423,141,WALKING,8,2,10,RUNNING,RUNNING,RUNNING,211,2892,3103,144.42,2159.04,true
1780852882698,1111644,step,3105,390,153,RUNNING,8,2,10,RUNNING,RUNNING,RUNNING,211,2893,3104,144.42,2159.87,true
1780852883036,1111982,step,3106,338,153,RUNNING,8,2,10,RUNNING,RUNNING,RUNNING,211,2894,3105,144.42,2160.69,true
1780852883493,1112439,step,3107,457,153,RUNNING,8,2,10,RUNNING,RUNNING,RUNNING,211,2895,3106,144.42,2161.52,true
1780852883882,1112828,step,3108,389,153,RUNNING,8,2,10,RUNNING,RUNNING,RUNNING,211,2896,3107,144.42,2162.34,true
1780852884272,1113218,step,3109,390,153,RUNNING,8,2,10,RUNNING,RUNNING,RUNNING,211,2897,3108,144.42,2163.17,true
1780852884678,1113624,step,3110,406,153,RUNNING,8,2,10,RUNNING,RUNNING,RUNNING,211,2898,3109,144.42,2164.00,true
1780852885050,1113996,step,3111,372,153,RUNNING,8,2,10,RUNNING,RUNNING,RUNNING,211,2899,3110,144.42,2164.82,true
1780852885422,1114368,step,3112,372,154,RUNNING,9,1,10,RUNNING,RUNNING,RUNNING,211,2900,3111,144.42,2165.65,true
1780852885845,1114791,step,3113,423,153,RUNNING,9,1,10,RUNNING,RUNNING,RUNNING,211,2901,3112,144.42,2166.47,true
1780852886269,1115215,step,3114,424,147,WALKING,9,1,10,RUNNING,RUNNING,RUNNING,211,2902,3113,144.42,2167.30,true
1780852886658,1115604,step,3115,389,154,RUNNING,9,1,10,RUNNING,RUNNING,RUNNING,211,2903,3114,144.42,2168.12,true
1780852886912,1115858,step,3116,254,154,RUNNING,9,1,10,RUNNING,RUNNING,RUNNING,211,2904,3115,144.42,2168.95,true
1780852887250,1116196,step,3117,338,154,RUNNING,9,1,10,RUNNING,RUNNING,RUNNING,211,2905,3116,144.42,2169.78,true
1780852887572,1116518,step,3118,322,177,RUNNING,9,1,10,RUNNING,RUNNING,RUNNING,211,2906,3117,144.42,2170.60,true
1780852887809,1116755,step,3119,237,186,RUNNING,9,1,10,RUNNING,RUNNING,RUNNING,211,2907,3118,144.42,2171.43,true
1780852888079,1117025,step,3120,270,222,RUNNING,9,1,10,RUNNING,RUNNING,RUNNING,211,2908,3119,144.42,2172.25,true
1780852888350,1117296,step,3121,271,221,RUNNING,9,1,10,RUNNING,RUNNING,RUNNING,211,2909,3120,144.42,2173.08,true
1780852888642,1117588,step,3122,292,221,RUNNING,9,1,10,RUNNING,RUNNING,RUNNING,211,2910,3121,144.42,2173.91,true
1780852888875,1117821,step,3123,233,222,RUNNING,9,1,10,RUNNING,RUNNING,RUNNING,211,2911,3122,144.42,2174.73,true
1780852889150,1118096,step,3124,275,221,RUNNING,10,0,10,RUNNING,RUNNING,RUNNING,211,2912,3123,144.42,2175.56,true
1780852889403,1118349,step,3125,253,221,RUNNING,10,0,10,RUNNING,RUNNING,RUNNING,211,2913,3124,144.42,2176.38,true
1780852889657,1118603,step,3126,254,236,RUNNING,10,0,10,RUNNING,RUNNING,RUNNING,211,2914,3125,144.42,2177.21,true
1780852889953,1118899,step,3127,296,236,RUNNING,10,0,10,RUNNING,RUNNING,RUNNING,211,2915,3126,144.42,2178.03,true
1780852890207,1119153,step,3128,254,236,RUNNING,10,0,10,RUNNING,RUNNING,RUNNING,211,2916,3127,144.42,2178.86,true
1780852890461,1119407,step,3129,254,236,RUNNING,10,0,10,RUNNING,RUNNING,RUNNING,211,2917,3128,144.42,2179.69,true
1780852890757,1119703,step,3130,296,236,RUNNING,10,0,10,RUNNING,RUNNING,RUNNING,211,2918,3129,144.42,2180.51,true
1780852891011,1119957,step,3131,254,236,RUNNING,10,0,10,RUNNING,RUNNING,RUNNING,211,2919,3130,144.42,2181.34,true
1780852891244,1120190,step,3132,233,236,RUNNING,10,0,10,RUNNING,RUNNING,RUNNING,211,2920,3131,144.42,2182.16,true
1780852891561,1120507,step,3133,317,236,RUNNING,10,0,10,RUNNING,RUNNING,RUNNING,211,2921,3132,144.42,2182.99,true
1780852891794,1120740,step,3134,233,236,RUNNING,10,0,10,RUNNING,RUNNING,RUNNING,211,2922,3133,144.42,2183.82,true
1780852892027,1120973,step,3135,233,257,RUNNING,10,0,10,RUNNING,RUNNING,RUNNING,211,2923,3134,144.42,2184.64,true
1780852892323,1121269,step,3136,296,257,RUNNING,10,0,10,RUNNING,RUNNING,RUNNING,211,2924,3135,144.42,2185.47,true
1780852892577,1121523,step,3137,254,236,RUNNING,10,0,10,RUNNING,RUNNING,RUNNING,211,2925,3136,144.42,2186.29,true
1780852892831,1121777,step,3138,254,236,RUNNING,10,0,10,RUNNING,RUNNING,RUNNING,211,2926,3137,144.42,2187.12,true
1780852893106,1122052,step,3139,275,236,RUNNING,10,0,10,RUNNING,RUNNING,RUNNING,211,2927,3138,144.42,2187.94,true
1780852893351,1122297,step,3140,245,236,RUNNING,10,0,10,RUNNING,RUNNING,RUNNING,211,2928,3139,144.42,2188.77,true
1780852893757,1122703,step,3141,406,236,RUNNING,10,0,10,RUNNING,RUNNING,RUNNING,211,2929,3140,144.42,2189.60,true
1780852894096,1123042,step,3142,339,218,RUNNING,10,0,10,RUNNING,RUNNING,RUNNING,211,2930,3141,144.42,2190.42,true
1780852894367,1123313,step,3143,271,218,RUNNING,10,0,10,RUNNING,RUNNING,RUNNING,211,2931,3142,144.42,2191.25,true
1780852894688,1123634,step,3144,321,186,RUNNING,10,0,10,RUNNING,RUNNING,RUNNING,211,2932,3143,144.42,2192.07,true
1780852894942,1123888,step,3145,254,186,RUNNING,10,0,10,RUNNING,RUNNING,RUNNING,211,2933,3144,144.42,2192.90,true
1780852895382,1124328,step,3146,440,186,RUNNING,10,0,10,RUNNING,RUNNING,RUNNING,211,2934,3145,144.42,2193.73,true
1780852895788,1124734,step,3147,406,186,RUNNING,10,0,10,RUNNING,RUNNING,RUNNING,211,2935,3146,144.42,2194.55,true
1780852896144,1125090,step,3148,356,168,RUNNING,10,0,10,RUNNING,RUNNING,RUNNING,211,2936,3147,144.42,2195.38,true
1780852896499,1125445,step,3149,355,168,RUNNING,10,0,10,RUNNING,RUNNING,RUNNING,211,2937,3148,144.42,2196.20,true
1780852896939,1125885,step,3150,440,147,WALKING,9,1,10,RUNNING,RUNNING,RUNNING,211,2938,3149,144.42,2197.03,true
1780852897345,1126291,step,3151,406,147,WALKING,8,2,10,RUNNING,RUNNING,RUNNING,211,2939,3150,144.42,2197.85,true
1780852897718,1126664,step,3152,373,160,RUNNING,8,2,10,RUNNING,RUNNING,RUNNING,211,2940,3151,144.42,2198.68,true
1780852898124,1127070,step,3153,406,147,WALKING,7,3,10,RUNNING,RUNNING,RUNNING,211,2941,3152,144.42,2199.51,true
1780852898479,1127425,step,3154,355,147,WALKING,6,4,10,RUNNING,RUNNING,RUNNING,211,2942,3153,144.42,2200.33,true
1780852898885,1127831,step,3155,406,147,WALKING,5,5,10,RUNNING,RUNNING,RUNNING,211,2943,3154,144.42,2201.16,true
1780852899275,1128221,step,3156,390,153,RUNNING,5,5,10,RUNNING,RUNNING,RUNNING,211,2944,3155,144.42,2201.98,true
1780852899613,1128559,step,3157,338,153,RUNNING,5,5,10,RUNNING,RUNNING,RUNNING,211,2945,3156,144.42,2323.18,true
1780852899850,1128796,step,3158,237,169,RUNNING,5,5,10,RUNNING,RUNNING,RUNNING,211,2946,3157,144.42,2323.18,true
1780852900189,1129135,step,3159,339,176,RUNNING,5,5,10,RUNNING,RUNNING,RUNNING,211,2947,3158,144.42,2323.18,true
1780852900425,1129371,step,3160,236,177,RUNNING,6,4,10,RUNNING,RUNNING,RUNNING,211,2948,3159,144.42,2325.30,true
1780852900662,1129608,step,3161,237,253,RUNNING,7,3,10,RUNNING,RUNNING,RUNNING,211,2949,3160,144.42,2325.30,true
1780852900985,1129931,step,3162,323,253,RUNNING,7,3,10,RUNNING,RUNNING,RUNNING,211,2950,3161,144.42,2325.30,true
1780852901237,1130183,step,3163,252,238,RUNNING,8,2,10,RUNNING,RUNNING,RUNNING,211,2951,3162,144.42,2325.30,true
1780852901492,1130438,step,3164,255,238,RUNNING,9,1,10,RUNNING,RUNNING,RUNNING,211,2952,3163,144.42,2326.20,true
1780852901852,1130798,step,3165,360,235,RUNNING,10,0,10,RUNNING,RUNNING,RUNNING,211,2953,3164,144.42,2326.20,true
1780852902143,1131089,step,3166,291,206,RUNNING,10,0,10,RUNNING,RUNNING,RUNNING,211,2954,3165,144.42,2326.20,true
1780852902397,1131343,step,3167,254,235,RUNNING,10,0,10,RUNNING,RUNNING,RUNNING,211,2955,3166,144.42,2328.79,true
1780852902786,1131732,step,3168,389,206,RUNNING,10,0,10,RUNNING,RUNNING,RUNNING,211,2956,3167,144.42,2328.79,true
1780852903040,1131986,step,3169,254,206,RUNNING,10,0,10,RUNNING,RUNNING,RUNNING,211,2957,3168,144.42,2328.79,true
1780852903328,1132274,step,3170,288,208,RUNNING,10,0,10,RUNNING,RUNNING,RUNNING,211,2958,3169,144.42,2328.79,true
1780852903582,1132528,step,3171,254,236,RUNNING,10,0,10,RUNNING,RUNNING,RUNNING,211,2959,3170,144.42,2331.10,true
1780852903853,1132799,step,3172,271,221,RUNNING,10,0,10,RUNNING,RUNNING,RUNNING,211,2960,3171,144.42,2331.10,true
1780852904106,1133052,step,3173,253,236,RUNNING,10,0,10,RUNNING,RUNNING,RUNNING,211,2961,3172,144.42,2331.10,true
1780852904394,1133340,step,3174,288,221,RUNNING,10,0,10,RUNNING,RUNNING,RUNNING,211,2962,3173,144.42,2333.71,true
1780852904665,1133611,step,3175,271,221,RUNNING,10,0,10,RUNNING,RUNNING,RUNNING,211,2963,3174,144.42,2333.71,true
1780852905071,1134017,step,3176,406,221,RUNNING,10,0,10,RUNNING,RUNNING,RUNNING,211,2964,3175,144.42,2333.71,true
1780852905359,1134305,step,3177,288,208,RUNNING,10,0,10,RUNNING,RUNNING,RUNNING,211,2965,3176,144.42,2333.71,true
1780852905612,1134558,step,3178,253,208,RUNNING,10,0,10,RUNNING,RUNNING,RUNNING,211,2966,3177,144.42,2335.85,true
1780852906001,1134947,step,3179,389,208,RUNNING,10,0,10,RUNNING,RUNNING,RUNNING,211,2967,3178,144.42,2335.85,true
1780852906288,1135234,step,3180,287,208,RUNNING,10,0,10,RUNNING,RUNNING,RUNNING,211,2968,3179,144.42,2335.85,true
1780852906541,1135487,step,3181,253,209,RUNNING,10,0,10,RUNNING,RUNNING,RUNNING,211,2969,3180,144.42,2337.88,true
1780852906794,1135740,step,3182,253,237,RUNNING,10,0,10,RUNNING,RUNNING,RUNNING,211,2970,3181,144.42,2337.88,true
1780852907098,1136044,step,3183,304,209,RUNNING,10,0,10,RUNNING,RUNNING,RUNNING,211,2971,3182,144.42,2337.88,true
1780852907351,1136297,step,3184,253,237,RUNNING,10,0,10,RUNNING,RUNNING,RUNNING,211,2972,3183,144.42,2337.88,true
1780852907655,1136601,step,3185,304,237,RUNNING,10,0,10,RUNNING,RUNNING,RUNNING,211,2973,3184,144.42,2340.11,true
1780852908010,1136956,step,3186,355,197,RUNNING,10,0,10,RUNNING,RUNNING,RUNNING,211,2974,3185,144.42,2340.11,true
1780852908297,1137243,step,3187,287,197,RUNNING,10,0,10,RUNNING,RUNNING,RUNNING,211,2975,3186,144.42,2340.11,true
1780852908567,1137513,step,3188,270,209,RUNNING,10,0,10,RUNNING,RUNNING,RUNNING,211,2976,3187,144.42,2342.31,true
1780852908820,1137766,step,3189,253,209,RUNNING,10,0,10,RUNNING,RUNNING,RUNNING,211,2977,3188,144.42,2342.31,true
1780852909056,1138002,step,3190,236,222,RUNNING,10,0,10,RUNNING,RUNNING,RUNNING,211,2978,3189,144.42,2342.31,true
1780852909293,1138239,step,3191,237,237,RUNNING,10,0,10,RUNNING,RUNNING,RUNNING,211,2979,3190,144.42,2342.31,true
1780852909630,1138576,step,3192,337,237,RUNNING,10,0,10,RUNNING,RUNNING,RUNNING,211,2980,3191,144.42,2344.45,true
1780852909867,1138813,step,3193,237,253,RUNNING,10,0,10,RUNNING,RUNNING,RUNNING,211,2981,3192,144.42,2344.45,true
1780852910171,1139117,step,3194,304,253,RUNNING,10,0,10,RUNNING,RUNNING,RUNNING,211,2982,3193,144.42,2344.45,true
1780852910424,1139370,step,3195,253,237,RUNNING,10,0,10,RUNNING,RUNNING,RUNNING,211,2983,3194,144.42,2346.53,true
1780852910660,1139606,step,3196,236,237,RUNNING,10,0,10,RUNNING,RUNNING,RUNNING,211,2984,3195,144.42,2346.53,true
1780852910998,1139944,step,3197,338,237,RUNNING,10,0,10,RUNNING,RUNNING,RUNNING,211,2985,3196,144.42,2346.53,true
1780852911251,1140197,step,3198,253,237,RUNNING,10,0,10,RUNNING,RUNNING,RUNNING,211,2986,3197,144.42,2346.53,true
1780852911555,1140501,step,3199,304,237,RUNNING,10,0,10,RUNNING,RUNNING,RUNNING,211,2987,3198,144.42,2348.62,true
1780852911859,1140805,step,3200,304,197,RUNNING,10,0,10,RUNNING,RUNNING,RUNNING,211,2988,3199,144.42,2348.62,true
1780852912095,1141041,step,3201,236,197,RUNNING,10,0,10,RUNNING,RUNNING,RUNNING,211,2989,3200,144.42,2348.62,true
1780852912365,1141311,step,3202,270,222,RUNNING,10,0,10,RUNNING,RUNNING,RUNNING,211,2990,3201,144.42,2348.62,true
1780852912652,1141598,step,3203,287,209,RUNNING,10,0,10,RUNNING,RUNNING,RUNNING,211,2991,3202,144.42,2350.64,true
1780852912906,1141852,step,3204,254,222,RUNNING,10,0,10,RUNNING,RUNNING,RUNNING,211,2992,3203,144.42,2350.64,true
1780852913176,1142122,step,3205,270,222,RUNNING,10,0,10,RUNNING,RUNNING,RUNNING,211,2993,3204,144.42,2350.64,true
1780852913446,1142392,step,3206,270,222,RUNNING,10,0,10,RUNNING,RUNNING,RUNNING,211,2994,3205,144.42,2352.60,true
1780852913716,1142662,step,3207,270,222,RUNNING,10,0,10,RUNNING,RUNNING,RUNNING,211,2995,3206,144.42,2352.60,true
1780852913969,1142915,step,3208,253,222,RUNNING,10,0,10,RUNNING,RUNNING,RUNNING,211,2996,3207,144.42,2352.60,true
1780852914256,1143202,step,3209,287,222,RUNNING,10,0,10,RUNNING,RUNNING,RUNNING,211,2997,3208,144.42,2352.60,true
1780852914509,1143455,step,3210,253,222,RUNNING,10,0,10,RUNNING,RUNNING,RUNNING,211,2998,3209,144.42,2354.53,true
1780852914881,1143827,step,3211,372,222,RUNNING,10,0,10,RUNNING,RUNNING,RUNNING,211,2999,3210,144.42,2354.53,true
1780852915252,1144198,step,3212,371,209,RUNNING,10,0,10,RUNNING,RUNNING,RUNNING,211,3000,3211,144.42,2354.53,true
1780852915522,1144468,step,3213,270,209,RUNNING,10,0,10,RUNNING,RUNNING,RUNNING,211,3001,3212,144.42,2356.42,true
1780852915792,1144738,step,3214,270,222,RUNNING,10,0,10,RUNNING,RUNNING,RUNNING,211,3002,3213,144.42,2356.42,true
1780852916063,1145009,step,3215,271,221,RUNNING,10,0,10,RUNNING,RUNNING,RUNNING,211,3003,3214,144.42,2356.42,true
1780852916366,1145312,step,3216,303,221,RUNNING,10,0,10,RUNNING,RUNNING,RUNNING,211,3004,3215,144.42,2356.42,true
1780852916738,1145684,step,3217,372,221,RUNNING,10,0,10,RUNNING,RUNNING,RUNNING,211,3005,3216,144.42,2358.30,true
1780852917059,1146005,step,3218,321,198,RUNNING,10,0,10,RUNNING,RUNNING,RUNNING,211,3006,3217,144.42,2358.30,true
1780852917295,1146241,step,3219,236,198,RUNNING,10,0,10,RUNNING,RUNNING,RUNNING,211,3007,3218,144.42,2358.30,true
1780852917531,1146477,step,3220,236,198,RUNNING,10,0,10,RUNNING,RUNNING,RUNNING,211,3008,3219,144.42,2360.25,true
1780852917785,1146731,step,3221,254,236,RUNNING,10,0,10,RUNNING,RUNNING,RUNNING,211,3009,3220,144.42,2360.25,true
1780852918088,1147034,step,3222,303,236,RUNNING,10,0,10,RUNNING,RUNNING,RUNNING,211,3010,3221,144.42,2360.25,true
1780852918409,1147355,step,3223,321,236,RUNNING,10,0,10,RUNNING,RUNNING,RUNNING,211,3011,3222,144.42,2362.27,true
1780852918679,1147625,step,3224,270,222,RUNNING,10,0,10,RUNNING,RUNNING,RUNNING,211,3012,3223,144.42,2362.27,true
1780852918916,1147862,step,3225,237,222,RUNNING,10,0,10,RUNNING,RUNNING,RUNNING,211,3013,3224,144.42,2362.27,true
1780852919355,1148301,step,3226,439,198,RUNNING,10,0,10,RUNNING,RUNNING,RUNNING,211,3014,3225,144.42,2362.27,true
1780852919591,1148537,step,3227,236,222,RUNNING,10,0,10,RUNNING,RUNNING,RUNNING,211,3015,3226,144.42,2364.23,true
1780852919878,1148824,step,3228,287,222,RUNNING,10,0,10,RUNNING,RUNNING,RUNNING,211,3016,3227,144.42,2364.23,true
1780852920148,1149094,step,3229,270,222,RUNNING,10,0,10,RUNNING,RUNNING,RUNNING,211,3017,3228,144.42,2364.23,true
1780852920504,1149450,step,3230,356,209,RUNNING,10,0,10,RUNNING,RUNNING,RUNNING,211,3018,3229,144.42,2366.06,true
1780852920894,1149840,step,3231,390,209,RUNNING,10,0,10,RUNNING,RUNNING,RUNNING,211,3019,3230,144.42,2366.06,true
1780852921152,1150098,step,3232,258,209,RUNNING,10,0,10,RUNNING,RUNNING,RUNNING,211,3020,3231,144.42,2366.06,true
1780852921405,1150351,step,3233,253,222,RUNNING,10,0,10,RUNNING,RUNNING,RUNNING,211,3021,3232,144.42,2367.78,true
1780852921793,1150739,step,3234,388,168,RUNNING,10,0,10,RUNNING,RUNNING,RUNNING,211,3022,3233,144.42,2367.78,true
1780852922232,1151178,step,3235,439,154,RUNNING,10,0,10,RUNNING,RUNNING,RUNNING,211,3023,3234,144.42,2367.78,true
1780852922604,1151550,step,3236,372,161,RUNNING,10,0,10,RUNNING,RUNNING,RUNNING,211,3024,3235,144.42,2369.61,true
1780852923043,1151989,step,3237,439,154,RUNNING,10,0,10,RUNNING,RUNNING,RUNNING,211,3025,3236,144.42,2369.61,true
1780852923414,1152360,step,3238,371,154,RUNNING,10,0,10,RUNNING,RUNNING,RUNNING,211,3026,3237,144.42,2371.51,true
1780852923785,1152731,step,3239,371,161,RUNNING,10,0,10,RUNNING,RUNNING,RUNNING,211,3027,3238,144.42,2371.51,true
1780852924123,1153069,step,3240,338,161,RUNNING,10,0,10,RUNNING,RUNNING,RUNNING,211,3028,3239,144.42,2371.51,true
1780852924359,1153305,step,3241,236,161,RUNNING,10,0,10,RUNNING,RUNNING,RUNNING,211,3029,3240,144.42,2371.51,true
1780852924681,1153627,step,3242,322,177,RUNNING,10,0,10,RUNNING,RUNNING,RUNNING,211,3030,3241,144.42,2373.77,true
1780852924985,1153931,step,3243,304,186,RUNNING,10,0,10,RUNNING,RUNNING,RUNNING,211,3031,3242,144.42,2373.77,true
1780852925255,1154201,step,3244,270,197,RUNNING,10,0,10,RUNNING,RUNNING,RUNNING,211,3032,3243,144.42,2373.77,true
1780852925508,1154454,step,3245,253,222,RUNNING,10,0,10,RUNNING,RUNNING,RUNNING,211,3033,3244,144.42,2376.23,true
1780852925846,1154792,step,3246,338,197,RUNNING,10,0,10,RUNNING,RUNNING,RUNNING,211,3034,3245,144.42,2376.23,true
1780852926099,1155045,step,3247,253,222,RUNNING,10,0,10,RUNNING,RUNNING,RUNNING,211,3035,3246,144.42,2376.23,true
1780852926386,1155332,step,3248,287,222,RUNNING,10,0,10,RUNNING,RUNNING,RUNNING,211,3036,3247,144.42,2376.23,true
1780852926657,1155603,step,3249,271,221,RUNNING,10,0,10,RUNNING,RUNNING,RUNNING,211,3037,3248,144.42,2378.49,true
1780852927011,1155957,step,3250,354,209,RUNNING,10,0,10,RUNNING,RUNNING,RUNNING,211,3038,3249,144.42,2378.49,true
1780852927298,1156244,step,3251,287,209,RUNNING,10,0,10,RUNNING,RUNNING,RUNNING,211,3039,3250,144.42,2378.49,true
1780852927619,1156565,step,3252,321,209,RUNNING,10,0,10,RUNNING,RUNNING,RUNNING,211,3040,3251,144.42,2380.92,true
1780852927923,1156869,step,3253,304,197,RUNNING,10,0,10,RUNNING,RUNNING,RUNNING,211,3041,3252,144.42,2380.92,true
1780852928311,1157257,step,3254,388,186,RUNNING,10,0,10,RUNNING,RUNNING,RUNNING,211,3042,3253,144.42,2380.92,true
1780852928733,1157679,step,3255,422,186,RUNNING,10,0,10,RUNNING,RUNNING,RUNNING,211,3043,3254,144.42,2383.34,true
1780852929121,1158067,step,3256,388,154,RUNNING,10,0,10,RUNNING,RUNNING,RUNNING,211,3044,3255,144.42,2383.34,true
1780852929527,1158473,step,3257,406,154,RUNNING,10,0,10,RUNNING,RUNNING,RUNNING,211,3045,3256,144.42,2385.63,true
1780852929932,1158878,step,3258,405,148,WALKING,9,1,10,RUNNING,RUNNING,RUNNING,211,3046,3257,144.42,2385.63,true
1780852930354,1159300,step,3259,422,147,WALKING,8,2,10,RUNNING,RUNNING,RUNNING,211,3047,3258,144.42,2385.63,true
1780852930742,1159688,step,3260,388,148,WALKING,7,3,10,RUNNING,RUNNING,RUNNING,211,3048,3259,144.42,2387.96,true
1780852931164,1160110,step,3261,422,147,WALKING,6,4,10,RUNNING,RUNNING,RUNNING,211,3049,3260,144.42,2387.96,true
1780852931536,1160482,step,3262,372,148,WALKING,5,5,10,RUNNING,RUNNING,RUNNING,211,3050,3261,144.42,2390.32,true
1780852931974,1160920,switch,3263,438,142,WALKING,4,6,10,RUNNING,WALKING,RUNNING,211,3051,3262,144.42,2390.32,true
1780852931974,1160920,step,3263,438,142,WALKING,4,6,10,RUNNING,WALKING,WALKING,211,3051,3262,144.42,2390.32,true
1780852932363,1161309,step,3264,389,154,RUNNING,4,6,10,WALKING,WALKING,WALKING,212,3051,3263,144.90,2390.32,true
1780852932650,1161596,step,3265,287,154,RUNNING,4,6,10,WALKING,WALKING,WALKING,213,3051,3264,147.39,2390.32,true
1780852933173,1162119,step,3266,523,154,RUNNING,4,6,10,WALKING,WALKING,WALKING,214,3051,3265,147.39,2390.32,true
1780852933595,1162541,step,3267,422,142,WALKING,3,7,10,WALKING,WALKING,WALKING,215,3051,3266,149.27,2390.32,true
1780852933967,1162913,step,3268,372,154,RUNNING,4,6,10,WALKING,WALKING,WALKING,216,3051,3267,149.27,2390.32,true
1780852934304,1163250,step,3269,337,161,RUNNING,5,5,10,WALKING,WALKING,WALKING,217,3051,3268,149.27,2390.32,true
1780852934760,1163706,step,3270,456,142,WALKING,5,5,10,WALKING,WALKING,WALKING,218,3051,3269,151.03,2390.32,true
1780852935199,1164145,step,3271,439,142,WALKING,5,5,10,WALKING,WALKING,WALKING,219,3051,3270,151.03,2390.32,true
1780852935520,1164466,step,3272,321,161,RUNNING,6,4,10,WALKING,WALKING,WALKING,220,3051,3271,152.92,2390.32,true
1780852935992,1164938,step,3273,472,136,WALKING,6,4,10,WALKING,WALKING,WALKING,221,3051,3272,152.92,2390.32,true
1780852936364,1165310,step,3274,372,136,WALKING,5,5,10,WALKING,WALKING,WALKING,222,3051,3273,152.92,2390.32,true
1780852936652,1165598,step,3275,288,161,RUNNING,5,5,10,WALKING,WALKING,WALKING,223,3051,3274,154.82,2390.32,true
1780852936904,1165850,step,3276,252,186,RUNNING,5,5,10,WALKING,WALKING,WALKING,224,3051,3275,154.82,2390.32,true
1780852937174,1166120,step,3277,270,208,RUNNING,6,4,10,WALKING,WALKING,WALKING,225,3051,3276,154.82,2390.32,true
1780852937579,1166525,step,3278,405,208,RUNNING,6,4,10,WALKING,WALKING,WALKING,226,3051,3277,156.81,2390.32,true
1780852937951,1166897,step,3279,372,208,RUNNING,6,4,10,WALKING,WALKING,WALKING,227,3051,3278,156.81,2390.32,true
1780852938271,1167217,step,3280,320,187,RUNNING,7,3,10,WALKING,WALKING,WALKING,228,3051,3279,156.81,2390.32,true
1780852938744,1167690,switch,3281,473,161,RUNNING,8,2,10,WALKING,RUNNING,WALKING,229,3051,3280,158.91,2390.32,true
1780852938744,1167690,step,3281,473,161,RUNNING,8,2,10,WALKING,RUNNING,RUNNING,229,3051,3280,158.91,2390.32,true
1780852939149,1168095,step,3282,405,148,WALKING,7,3,10,RUNNING,RUNNING,RUNNING,229,3052,3281,158.91,2391.15,true
1780852939538,1168484,step,3283,389,154,RUNNING,8,2,10,RUNNING,RUNNING,RUNNING,229,3053,3282,158.91,2394.13,true
1780852939960,1168906,step,3284,422,148,WALKING,8,2,10,RUNNING,RUNNING,RUNNING,229,3054,3283,158.91,2394.13,true
1780852940213,1169159,step,3285,253,148,WALKING,7,3,10,RUNNING,RUNNING,RUNNING,229,3055,3284,158.91,2394.13,true
1780852940483,1169429,step,3286,270,154,RUNNING,7,3,10,RUNNING,RUNNING,RUNNING,229,3056,3285,158.91,2396.44,true
1780852940736,1169682,step,3287,253,222,RUNNING,7,3,10,RUNNING,RUNNING,RUNNING,229,3057,3286,158.91,2396.44,true
1780852941040,1169986,step,3288,304,222,RUNNING,7,3,10,RUNNING,RUNNING,RUNNING,229,3058,3287,158.91,2396.44,true
1780852941276,1170222,step,3289,236,237,RUNNING,7,3,10,RUNNING,RUNNING,RUNNING,229,3059,3288,158.91,2396.44,true
1780852941546,1170492,step,3290,270,222,RUNNING,7,3,10,RUNNING,RUNNING,RUNNING,229,3060,3289,158.91,2398.79,true
1780852941952,1170898,step,3291,406,222,RUNNING,7,3,10,RUNNING,RUNNING,RUNNING,229,3061,3290,158.91,2398.79,true
1780852942289,1171235,step,3292,337,197,RUNNING,8,2,10,RUNNING,RUNNING,RUNNING,229,3062,3291,158.91,2398.79,true
1780852942762,1171708,step,3293,473,178,RUNNING,8,2,10,RUNNING,RUNNING,RUNNING,229,3063,3292,158.91,2401.22,true
1780852943116,1172062,step,3294,354,169,RUNNING,9,1,10,RUNNING,RUNNING,RUNNING,229,3064,3293,158.91,2401.22,true
1780852943420,1172366,step,3295,304,169,RUNNING,10,0,10,RUNNING,RUNNING,RUNNING,229,3065,3294,158.91,2403.67,true
1780852943657,1172603,step,3296,237,178,RUNNING,10,0,10,RUNNING,RUNNING,RUNNING,229,3066,3295,158.91,2403.67,true
1780852943893,1172839,step,3297,236,197,RUNNING,10,0,10,RUNNING,RUNNING,RUNNING,229,3067,3296,158.91,2403.67,true
1780852944332,1173278,step,3298,439,197,RUNNING,10,0,10,RUNNING,RUNNING,RUNNING,229,3068,3297,158.91,2403.67,true
1780852944619,1173565,step,3299,287,209,RUNNING,10,0,10,RUNNING,RUNNING,RUNNING,229,3069,3298,158.91,2405.98,true
1780852945142,1174088,step,3300,523,209,RUNNING,10,0,10,RUNNING,RUNNING,RUNNING,229,3070,3299,158.91,2405.98,true
1780852945547,1174493,step,3301,405,148,WALKING,9,1,10,RUNNING,RUNNING,RUNNING,229,3071,3300,158.91,2408.24,true
1780852945919,1174865,step,3302,372,148,WALKING,8,2,10,RUNNING,RUNNING,RUNNING,229,3072,3301,158.91,2408.24,true
1780852946324,1175270,step,3303,405,148,WALKING,7,3,10,RUNNING,RUNNING,RUNNING,229,3073,3302,158.91,2408.24,true
1780852946695,1175641,step,3304,371,148,WALKING,6,4,10,RUNNING,RUNNING,RUNNING,229,3074,3303,158.91,2410.47,true
1780852947033,1175979,step,3305,338,161,RUNNING,6,4,10,RUNNING,RUNNING,RUNNING,229,3075,3304,158.91,2410.47,true
1780852947489,1176435,step,3306,456,161,RUNNING,6,4,10,RUNNING,RUNNING,RUNNING,229,3076,3305,158.91,2412.80,true
1780852947894,1176840,step,3307,405,148,WALKING,5,5,10,RUNNING,RUNNING,RUNNING,229,3077,3306,158.91,2412.80,true
1780852948282,1177228,step,3308,388,154,RUNNING,5,5,10,RUNNING,RUNNING,RUNNING,229,3078,3307,158.91,2412.80,true
1780852948620,1177566,step,3309,338,154,RUNNING,5,5,10,RUNNING,RUNNING,RUNNING,229,3079,3308,158.91,2415.29,true
1780852949076,1178022,switch,3310,456,148,WALKING,4,6,10,RUNNING,WALKING,RUNNING,229,3080,3309,158.91,2415.29,true
1780852949076,1178022,step,3310,456,148,WALKING,4,6,10,RUNNING,WALKING,WALKING,229,3080,3309,158.91,2415.29,true
1780852949413,1178359,step,3311,337,154,RUNNING,5,5,10,WALKING,WALKING,WALKING,230,3080,3310,161.74,2415.29,true
1780852949903,1178849,step,3312,490,154,RUNNING,6,4,10,WALKING,WALKING,WALKING,231,3080,3311,161.74,2415.29,true
1780852950325,1179271,step,3313,422,142,WALKING,6,4,10,WALKING,WALKING,WALKING,232,3080,3312,161.74,2415.29,true
1780852950612,1179558,step,3314,287,142,WALKING,6,4,10,WALKING,WALKING,WALKING,233,3080,3313,163.96,2415.29,true
1780852950933,1179879,step,3315,321,178,RUNNING,6,4,10,WALKING,WALKING,WALKING,234,3080,3314,163.96,2415.29,true
1780852951253,1180199,step,3316,320,186,RUNNING,6,4,10,WALKING,WALKING,WALKING,235,3080,3315,163.96,2415.29,true
1780852951540,1180486,step,3317,287,187,RUNNING,7,3,10,WALKING,WALKING,WALKING,236,3080,3316,166.26,2415.29,true
1780852951929,1180875,step,3318,389,187,RUNNING,7,3,10,WALKING,WALKING,WALKING,237,3080,3317,166.26,2415.29,true
1780852952351,1181297,step,3319,422,186,RUNNING,7,3,10,WALKING,WALKING,WALKING,238,3080,3318,166.26,2415.29,true
1780852952638,1181584,switch,3320,287,187,RUNNING,8,2,10,WALKING,RUNNING,WALKING,239,3080,3319,168.66,2415.29,true
1780852952638,1181584,step,3320,287,187,RUNNING,8,2,10,WALKING,RUNNING,RUNNING,239,3080,3319,168.66,2415.29,true
1780852952891,1181837,step,3321,253,209,RUNNING,8,2,10,RUNNING,RUNNING,RUNNING,239,3081,3320,168.66,2416.11,true
1780852953161,1182107,step,3322,270,209,RUNNING,8,2,10,RUNNING,RUNNING,RUNNING,239,3082,3321,168.66,2416.94,true
1780852953549,1182495,step,3323,388,209,RUNNING,9,1,10,RUNNING,RUNNING,RUNNING,239,3083,3322,168.66,2420.01,true
1780852953803,1182749,step,3324,254,222,RUNNING,10,0,10,RUNNING,RUNNING,RUNNING,239,3084,3323,168.66,2420.01,true
1780852954039,1182985,step,3325,236,236,RUNNING,10,0,10,RUNNING,RUNNING,RUNNING,239,3085,3324,168.66,2420.01,true
1780852954377,1183323,step,3326,338,222,RUNNING,10,0,10,RUNNING,RUNNING,RUNNING,239,3086,3325,168.66,2420.01,true
1780852954714,1183660,step,3327,337,178,RUNNING,10,0,10,RUNNING,RUNNING,RUNNING,239,3087,3326,168.66,2422.32,true
1780852954951,1183897,step,3328,237,236,RUNNING,10,0,10,RUNNING,RUNNING,RUNNING,239,3088,3327,168.66,2422.32,true
1780852955322,1184268,step,3329,371,178,RUNNING,10,0,10,RUNNING,RUNNING,RUNNING,239,3089,3328,168.66,2422.32,true
1780852955575,1184521,step,3330,253,178,RUNNING,10,0,10,RUNNING,RUNNING,RUNNING,239,3090,3329,168.66,2424.61,true
1780852955896,1184842,step,3331,321,186,RUNNING,10,0,10,RUNNING,RUNNING,RUNNING,239,3091,3330,168.66,2424.61,true
1780852956385,1185331,step,3332,489,186,RUNNING,10,0,10,RUNNING,RUNNING,RUNNING,239,3092,3331,168.66,2424.61,true
1780852956706,1185652,step,3333,321,186,RUNNING,10,0,10,RUNNING,RUNNING,RUNNING,239,3093,3332,168.66,2426.92,true
1780852957179,1186125,step,3334,473,186,RUNNING,10,0,10,RUNNING,RUNNING,RUNNING,239,3094,3333,168.66,2426.92,true
1780852957516,1186462,step,3335,337,178,RUNNING,10,0,10,RUNNING,RUNNING,RUNNING,239,3095,3334,168.66,2429.22,true
1780852957787,1186733,step,3336,271,178,RUNNING,10,0,10,RUNNING,RUNNING,RUNNING,239,3096,3335,168.66,2429.22,true
1780852958192,1187138,step,3337,405,178,RUNNING,10,0,10,RUNNING,RUNNING,RUNNING,239,3097,3336,168.66,2429.22,true
1780852958428,1187374,step,3338,236,178,RUNNING,10,0,10,RUNNING,RUNNING,RUNNING,239,3098,3337,168.66,2431.45,true
1780852958816,1187762,step,3339,388,178,RUNNING,10,0,10,RUNNING,RUNNING,RUNNING,239,3099,3338,168.66,2431.45,true
1780852959171,1188117,step,3340,355,169,RUNNING,10,0,10,RUNNING,RUNNING,RUNNING,239,3100,3339,168.66,2431.45,true
1780852959644,1188590,step,3341,473,154,RUNNING,10,0,10,RUNNING,RUNNING,RUNNING,239,3101,3340,168.66,2433.66,true
1780852959998,1188944,step,3342,354,169,RUNNING,10,0,10,RUNNING,RUNNING,RUNNING,239,3102,3341,168.66,2433.66,true
1780852960454,1189400,step,3343,456,154,RUNNING,10,0,10,RUNNING,RUNNING,RUNNING,239,3103,3342,168.66,2435.67,true
1780852960893,1189839,step,3344,439,136,WALKING,9,1,10,RUNNING,RUNNING,RUNNING,239,3104,3343,168.66,2435.67,true
1780852961264,1190210,step,3345,371,136,WALKING,8,2,10,RUNNING,RUNNING,RUNNING,239,3105,3344,168.66,2435.67,true
1780852961669,1190615,step,3346,405,148,WALKING,7,3,10,RUNNING,RUNNING,RUNNING,239,3106,3345,168.66,2437.71,true
1780852962058,1191004,step,3347,389,148,WALKING,6,4,10,RUNNING,RUNNING,RUNNING,239,3107,3346,168.66,2437.71,true
1780852962395,1191341,step,3348,337,154,RUNNING,6,4,10,RUNNING,RUNNING,RUNNING,239,3108,3347,168.66,2437.71,true
1780852962682,1191628,step,3349,287,161,RUNNING,6,4,10,RUNNING,RUNNING,RUNNING,239,3109,3348,168.66,2439.73,true
1780852963003,1191949,step,3350,321,178,RUNNING,6,4,10,RUNNING,RUNNING,RUNNING,239,3110,3349,168.66,2439.73,true
1780852963256,1192202,step,3351,253,186,RUNNING,6,4,10,RUNNING,RUNNING,RUNNING,239,3111,3350,168.66,2439.73,true
1780852963644,1192590,step,3352,388,186,RUNNING,6,4,10,RUNNING,RUNNING,RUNNING,239,3112,3351,168.66,2441.50,true
1780852964050,1192996,step,3353,406,186,RUNNING,6,4,10,RUNNING,RUNNING,RUNNING,239,3113,3352,168.66,2441.50,true
1780852964455,1193401,step,3354,405,154,RUNNING,7,3,10,RUNNING,RUNNING,RUNNING,239,3114,3353,168.66,2443.64,true
1780852964776,1193722,step,3355,321,154,RUNNING,8,2,10,RUNNING,RUNNING,RUNNING,239,3115,3354,168.66,2443.64,true
1780852965231,1194177,step,3356,455,148,WALKING,8,2,10,RUNNING,RUNNING,RUNNING,239,3116,3355,168.66,2443.64,true
1780852965637,1194583,step,3357,406,147,WALKING,8,2,10,RUNNING,RUNNING,RUNNING,239,3117,3356,168.66,2446.09,true
1780852966025,1194971,step,3358,388,148,WALKING,7,3,10,RUNNING,RUNNING,RUNNING,239,3118,3357,168.66,2446.09,true
1780852966431,1195377,step,3359,406,147,WALKING,6,4,10,RUNNING,RUNNING,RUNNING,239,3119,3358,168.66,2448.37,true
1780852966836,1195782,step,3360,405,147,WALKING,5,5,10,RUNNING,RUNNING,RUNNING,239,3120,3359,168.66,2448.37,true
1780852967157,1196103,switch,3361,321,148,WALKING,4,6,10,RUNNING,WALKING,RUNNING,239,3121,3360,168.66,2448.37,true
1780852967157,1196103,step,3361,321,148,WALKING,4,6,10,RUNNING,WALKING,WALKING,239,3121,3360,168.66,2448.37,true
1780852967612,1196558,step,3362,455,148,WALKING,3,7,10,WALKING,WALKING,WALKING,240,3121,3361,171.29,2448.37,true
1780852967966,1196912,step,3363,354,148,WALKING,2,8,10,WALKING,WALKING,WALKING,241,3121,3362,171.29,2448.37,true
1780852968422,1197368,step,3364,456,148,WALKING,1,9,10,WALKING,WALKING,WALKING,242,3121,3363,173.42,2448.37,true
1780852968658,1197604,step,3365,236,169,RUNNING,1,9,10,WALKING,WALKING,WALKING,243,3121,3364,173.42,2448.37,true
1780852968945,1197891,step,3366,287,169,RUNNING,2,8,10,WALKING,WALKING,WALKING,244,3121,3365,173.42,2448.37,true
1780852969199,1198145,step,3367,254,209,RUNNING,3,7,10,WALKING,WALKING,WALKING,245,3121,3366,173.42,2448.37,true
1780852969621,1198567,step,3368,422,209,RUNNING,4,6,10,WALKING,WALKING,WALKING,246,3121,3367,175.72,2448.37,true
1780852969992,1198938,step,3369,371,209,RUNNING,5,5,10,WALKING,WALKING,WALKING,247,3121,3368,175.72,2448.37,true
1780852970330,1199276,step,3370,338,177,RUNNING,6,4,10,WALKING,WALKING,WALKING,248,3121,3369,175.72,2448.37,true
1780852970684,1199630,step,3371,354,169,RUNNING,7,3,10,WALKING,WALKING,WALKING,249,3121,3370,178.05,2448.37,true
1780852970920,1199866,switch,3372,236,169,RUNNING,8,2,10,WALKING,RUNNING,WALKING,250,3121,3371,178.05,2448.37,true
1780852970920,1199866,step,3372,236,169,RUNNING,8,2,10,WALKING,RUNNING,RUNNING,250,3121,3371,178.05,2448.37,true
1780852971207,1200153,step,3373,287,177,RUNNING,9,1,10,RUNNING,RUNNING,RUNNING,250,3122,3372,178.05,2449.20,true
1780852971562,1200508,step,3374,355,177,RUNNING,10,0,10,RUNNING,RUNNING,RUNNING,250,3123,3373,178.05,2452.31,true
1780852971832,1200778,step,3375,270,209,RUNNING,10,0,10,RUNNING,RUNNING,RUNNING,250,3124,3374,178.05,2452.31,true
1780852972085,1201031,step,3376,253,222,RUNNING,10,0,10,RUNNING,RUNNING,RUNNING,250,3125,3375,178.05,2452.31,true
1780852972355,1201301,step,3377,270,222,RUNNING,10,0,10,RUNNING,RUNNING,RUNNING,250,3126,3376,178.05,2452.31,true
1780852972777,1201723,step,3378,422,222,RUNNING,10,0,10,RUNNING,RUNNING,RUNNING,250,3127,3377,178.05,2454.73,true
1780852973166,1202112,step,3379,389,222,RUNNING,10,0,10,RUNNING,RUNNING,RUNNING,250,3128,3378,178.05,2454.73,true
1780852973571,1202517,step,3380,405,154,RUNNING,10,0,10,RUNNING,RUNNING,RUNNING,250,3129,3379,178.05,2457.23,true
1780852973959,1202905,step,3381,388,154,RUNNING,10,0,10,RUNNING,RUNNING,RUNNING,250,3130,3380,178.05,2457.23,true
1780852974297,1203243,step,3382,338,154,RUNNING,10,0,10,RUNNING,RUNNING,RUNNING,250,3131,3381,178.05,2457.23,true
1780852974753,1203699,step,3383,456,154,RUNNING,10,0,10,RUNNING,RUNNING,RUNNING,250,3132,3382,178.05,2459.91,true
1780852975158,1204104,step,3384,405,148,WALKING,9,1,10,RUNNING,RUNNING,RUNNING,250,3133,3383,178.05,2459.91,true
1780852975529,1204475,step,3385,371,154,RUNNING,9,1,10,RUNNING,RUNNING,RUNNING,250,3134,3384,178.05,2462.55,true
1780852975934,1204880,step,3386,405,148,WALKING,8,2,10,RUNNING,RUNNING,RUNNING,250,3135,3385,178.05,2462.55,true
1780852976255,1205201,step,3387,321,148,WALKING,7,3,10,RUNNING,RUNNING,RUNNING,250,3136,3386,178.05,2462.55,true
1780852976508,1205454,step,3388,253,161,RUNNING,7,3,10,RUNNING,RUNNING,RUNNING,250,3137,3387,178.05,2465.18,true
1780852976846,1205792,step,3389,338,177,RUNNING,7,3,10,RUNNING,RUNNING,RUNNING,250,3138,3388,178.05,2465.18,true
1780852977117,1206063,step,3390,271,186,RUNNING,7,3,10,RUNNING,RUNNING,RUNNING,250,3139,3389,178.05,2465.18,true
1780852977487,1206433,step,3391,370,186,RUNNING,7,3,10,RUNNING,RUNNING,RUNNING,250,3140,3390,178.05,2467.44,true
1780852977960,1206906,step,3392,473,177,RUNNING,7,3,10,RUNNING,RUNNING,RUNNING,250,3141,3391,178.05,2467.44,true
1780852978196,1207142,step,3393,236,177,RUNNING,7,3,10,RUNNING,RUNNING,RUNNING,250,3142,3392,178.05,2467.44,true
1780852978466,1207412,step,3394,270,221,RUNNING,8,2,10,RUNNING,RUNNING,RUNNING,250,3143,3393,178.05,2469.53,true
1780852978770,1207716,step,3395,304,197,RUNNING,8,2,10,RUNNING,RUNNING,RUNNING,250,3144,3394,178.05,2469.53,true
1780852979209,1208155,step,3396,439,197,RUNNING,9,1,10,RUNNING,RUNNING,RUNNING,250,3145,3395,178.05,2469.53,true
1780852979580,1208526,step,3397,371,197,RUNNING,10,0,10,RUNNING,RUNNING,RUNNING,250,3146,3396,178.05,2471.68,true
1780852980002,1208948,step,3398,422,161,RUNNING,10,0,10,RUNNING,RUNNING,RUNNING,250,3147,3397,178.05,2471.68,true
1780852980374,1209320,step,3399,372,161,RUNNING,10,0,10,RUNNING,RUNNING,RUNNING,250,3148,3398,178.05,2471.68,true
1780852980711,1209657,step,3400,337,161,RUNNING,10,0,10,RUNNING,RUNNING,RUNNING,250,3149,3399,178.05,2473.85,true
1780852980948,1209894,step,3401,237,161,RUNNING,10,0,10,RUNNING,RUNNING,RUNNING,250,3150,3400,178.05,2473.85,true
1780852981285,1210231,step,3402,337,178,RUNNING,10,0,10,RUNNING,RUNNING,RUNNING,250,3151,3401,178.05,2473.85,true
1780852981572,1210518,step,3403,287,178,RUNNING,10,0,10,RUNNING,RUNNING,RUNNING,250,3152,3402,178.05,2475.86,true
1780852981961,1210907,step,3404,389,178,RUNNING,10,0,10,RUNNING,RUNNING,RUNNING,250,3153,3403,178.05,2475.86,true
1780852982366,1211312,step,3405,405,178,RUNNING,10,0,10,RUNNING,RUNNING,RUNNING,250,3154,3404,178.05,2475.86,true
1780852982653,1211599,step,3406,287,178,RUNNING,10,0,10,RUNNING,RUNNING,RUNNING,250,3155,3405,178.05,2477.88,true
1780852982906,1211852,step,3407,253,209,RUNNING,10,0,10,RUNNING,RUNNING,RUNNING,250,3156,3406,178.05,2477.88,true
1780852983159,1212105,step,3408,253,209,RUNNING,10,0,10,RUNNING,RUNNING,RUNNING,250,3157,3407,178.05,2477.88,true
1780852983547,1212493,step,3409,388,209,RUNNING,10,0,10,RUNNING,RUNNING,RUNNING,250,3158,3408,178.05,2479.78,true
1780852983784,1212730,step,3410,237,237,RUNNING,10,0,10,RUNNING,RUNNING,RUNNING,250,3159,3409,178.05,2479.78,true
1780852984071,1213017,step,3411,287,237,RUNNING,10,0,10,RUNNING,RUNNING,RUNNING,250,3160,3410,178.05,2479.78,true
1780852984341,1213287,step,3412,270,222,RUNNING,10,0,10,RUNNING,RUNNING,RUNNING,250,3161,3411,178.05,2479.78,true
1780852984746,1213692,step,3413,405,209,RUNNING,10,0,10,RUNNING,RUNNING,RUNNING,250,3162,3412,178.05,2481.81,true
1780852985151,1214097,step,3414,405,209,RUNNING,10,0,10,RUNNING,RUNNING,RUNNING,250,3163,3413,178.05,2481.81,true
1780852985539,1214485,step,3415,388,154,RUNNING,10,0,10,RUNNING,RUNNING,RUNNING,250,3164,3414,178.05,2483.83,true
1780852985826,1214772,step,3416,287,154,RUNNING,10,0,10,RUNNING,RUNNING,RUNNING,250,3165,3415,178.05,2483.83,true
1780852986333,1215279,step,3417,507,148,WALKING,9,1,10,RUNNING,RUNNING,RUNNING,250,3166,3416,178.05,2483.83,true
1780852986721,1215667,step,3418,388,154,RUNNING,9,1,10,RUNNING,RUNNING,RUNNING,250,3167,3417,178.05,2485.84,true
1780852987126,1216072,step,3419,405,154,RUNNING,9,1,10,RUNNING,RUNNING,RUNNING,250,3168,3418,178.05,2485.84,true
1780852987531,1216477,step,3420,405,148,WALKING,8,2,10,RUNNING,RUNNING,RUNNING,250,3169,3419,178.05,2487.82,true
1780852987886,1216832,step,3421,355,148,WALKING,7,3,10,RUNNING,RUNNING,RUNNING,250,3170,3420,178.05,2487.82,true
1780852988240,1217186,step,3422,354,154,RUNNING,7,3,10,RUNNING,RUNNING,RUNNING,250,3171,3421,178.05,2487.82,true
1780852988612,1217558,step,3423,372,161,RUNNING,7,3,10,RUNNING,RUNNING,RUNNING,250,3172,3422,178.05,2489.80,true
1780852988865,1217811,step,3424,253,169,RUNNING,7,3,10,RUNNING,RUNNING,RUNNING,250,3173,3423,178.05,2489.80,true
1780852989169,1218115,step,3425,304,169,RUNNING,7,3,10,RUNNING,RUNNING,RUNNING,250,3174,3424,178.05,2489.80,true
1780852989591,1218537,step,3426,422,169,RUNNING,7,3,10,RUNNING,RUNNING,RUNNING,250,3175,3425,178.05,2491.82,true
1780852989878,1218824,step,3427,287,197,RUNNING,8,2,10,RUNNING,RUNNING,RUNNING,250,3176,3426,178.05,2491.82,true
1780852990216,1219162,step,3428,338,197,RUNNING,8,2,10,RUNNING,RUNNING,RUNNING,250,3177,3427,178.05,2491.82,true
1780852990519,1219465,step,3429,303,197,RUNNING,8,2,10,RUNNING,RUNNING,RUNNING,250,3178,3428,178.05,2493.78,true
1780852990756,1219702,step,3430,237,198,RUNNING,9,1,10,RUNNING,RUNNING,RUNNING,250,3179,3429,178.05,2493.78,true
1780852991076,1220022,step,3431,320,198,RUNNING,10,0,10,RUNNING,RUNNING,RUNNING,250,3180,3430,178.05,2493.78,true
1780852991397,1220343,step,3432,321,187,RUNNING,10,0,10,RUNNING,RUNNING,RUNNING,250,3181,3431,178.05,2495.56,true
1780852991667,1220613,step,3433,270,198,RUNNING,10,0,10,RUNNING,RUNNING,RUNNING,250,3182,3432,178.05,2495.56,true
1780852991921,1220867,step,3434,254,222,RUNNING,10,0,10,RUNNING,RUNNING,RUNNING,250,3183,3433,178.05,2495.56,true
1780852992208,1221154,step,3435,287,209,RUNNING,10,0,10,RUNNING,RUNNING,RUNNING,250,3184,3434,178.05,2495.56,true
1780852992478,1221424,step,3436,270,222,RUNNING,10,0,10,RUNNING,RUNNING,RUNNING,250,3185,3435,178.05,2497.43,true
1780852992731,1221677,step,3437,253,222,RUNNING,10,0,10,RUNNING,RUNNING,RUNNING,250,3186,3436,178.05,2497.43,true
1780852993001,1221947,step,3438,270,222,RUNNING,10,0,10,RUNNING,RUNNING,RUNNING,250,3187,3437,178.05,2497.43,true
1780852993288,1222234,step,3439,287,222,RUNNING,10,0,10,RUNNING,RUNNING,RUNNING,250,3188,3438,178.05,2497.43,true
1780852993626,1222572,step,3440,338,222,RUNNING,10,0,10,RUNNING,RUNNING,RUNNING,250,3189,3439,178.05,2499.48,true
1780852994098,1223044,step,3441,472,209,RUNNING,10,0,10,RUNNING,RUNNING,RUNNING,250,3190,3440,178.05,2499.48,true
1780852994453,1223399,step,3442,355,177,RUNNING,10,0,10,RUNNING,RUNNING,RUNNING,250,3191,3441,178.05,2501.57,true
1780852994925,1223871,step,3443,472,169,RUNNING,10,0,10,RUNNING,RUNNING,RUNNING,250,3192,3442,178.05,2501.57,true
1780852995263,1224209,step,3444,338,169,RUNNING,10,0,10,RUNNING,RUNNING,RUNNING,250,3193,3443,178.05,2501.57,true
1780852995753,1224699,step,3445,490,127,WALKING,9,1,10,RUNNING,RUNNING,RUNNING,250,3194,3444,178.05,2503.55,true
1780852996175,1225121,step,3446,422,142,WALKING,8,2,10,RUNNING,RUNNING,RUNNING,250,3195,3445,178.05,2503.55,true
1780852996529,1225475,step,3447,354,142,WALKING,7,3,10,RUNNING,RUNNING,RUNNING,250,3196,3446,178.05,2505.42,true
1780852996867,1225813,step,3448,338,169,RUNNING,7,3,10,RUNNING,RUNNING,RUNNING,250,3197,3447,178.05,2505.42,true
1780852997154,1226100,step,3449,287,169,RUNNING,7,3,10,RUNNING,RUNNING,RUNNING,250,3198,3448,178.05,2505.42,true
1780852997458,1226404,step,3450,304,177,RUNNING,7,3,10,RUNNING,RUNNING,RUNNING,250,3199,3449,178.05,2507.37,true
1780852997745,1226691,step,3451,287,197,RUNNING,7,3,10,RUNNING,RUNNING,RUNNING,250,3200,3450,178.05,2507.37,true
1780852998133,1227079,step,3452,388,197,RUNNING,7,3,10,RUNNING,RUNNING,RUNNING,250,3201,3451,178.05,2507.37,true
1780852998487,1227433,step,3453,354,197,RUNNING,7,3,10,RUNNING,RUNNING,RUNNING,250,3202,3452,178.05,2509.26,true
1780852998943,1227889,step,3454,456,169,RUNNING,7,3,10,RUNNING,RUNNING,RUNNING,250,3203,3453,178.05,2509.26,true
1780852999382,1228328,step,3455,439,154,RUNNING,8,2,10,RUNNING,RUNNING,RUNNING,250,3204,3454,178.05,2509.26,true
1780852999770,1228716,step,3456,388,154,RUNNING,9,1,10,RUNNING,RUNNING,RUNNING,250,3205,3455,178.05,2511.18,true
1780853000108,1229054,step,3457,338,154,RUNNING,10,0,10,RUNNING,RUNNING,RUNNING,250,3206,3456,178.05,2511.18,true
1780853000395,1229341,step,3458,287,154,RUNNING,10,0,10,RUNNING,RUNNING,RUNNING,250,3207,3457,178.05,2513.27,true
1780853000682,1229628,step,3459,287,177,RUNNING,10,0,10,RUNNING,RUNNING,RUNNING,250,3208,3458,178.05,2513.27,true
1780853001020,1229966,step,3460,338,177,RUNNING,10,0,10,RUNNING,RUNNING,RUNNING,250,3209,3459,178.05,2513.27,true
1780853001391,1230337,step,3461,371,177,RUNNING,10,0,10,RUNNING,RUNNING,RUNNING,250,3210,3460,178.05,2513.27,true
1780853001627,1230573,step,3462,236,209,RUNNING,10,0,10,RUNNING,RUNNING,RUNNING,250,3211,3461,178.05,2515.54,true
1780853001931,1230877,step,3463,304,197,RUNNING,10,0,10,RUNNING,RUNNING,RUNNING,250,3212,3462,178.05,2515.54,true
1780853002218,1231164,step,3464,287,197,RUNNING,10,0,10,RUNNING,RUNNING,RUNNING,250,3213,3463,178.05,2515.54,true
1780853002539,1231485,step,3465,321,197,RUNNING,10,0,10,RUNNING,RUNNING,RUNNING,250,3214,3464,178.05,2517.87,true
1780853002843,1231789,step,3466,304,197,RUNNING,10,0,10,RUNNING,RUNNING,RUNNING,250,3215,3465,178.05,2517.87,true
1780853003130,1232076,step,3467,287,197,RUNNING,10,0,10,RUNNING,RUNNING,RUNNING,250,3216,3466,178.05,2517.87,true
1780853003450,1232396,step,3468,320,197,RUNNING,10,0,10,RUNNING,RUNNING,RUNNING,250,3217,3467,178.05,2520.08,true
1780853003839,1232785,step,3469,389,187,RUNNING,10,0,10,RUNNING,RUNNING,RUNNING,250,3218,3468,178.05,2520.08,true
1780853004210,1233156,step,3470,371,187,RUNNING,10,0,10,RUNNING,RUNNING,RUNNING,250,3219,3469,178.05,2520.08,true
1780853004666,1233612,step,3471,456,161,RUNNING,10,0,10,RUNNING,RUNNING,RUNNING,250,3220,3470,178.05,2522.12,true
1780853004919,1233865,step,3472,253,161,RUNNING,10,0,10,RUNNING,RUNNING,RUNNING,250,3221,3471,178.05,2522.12,true
1780853005172,1234118,step,3473,253,161,RUNNING,10,0,10,RUNNING,RUNNING,RUNNING,250,3222,3472,178.05,2522.12,true
1780853005493,1234439,step,3474,321,186,RUNNING,10,0,10,RUNNING,RUNNING,RUNNING,250,3223,3473,178.05,2524.25,true
1780853005729,1234675,step,3475,236,237,RUNNING,10,0,10,RUNNING,RUNNING,RUNNING,250,3224,3474,178.05,2524.25,true
1780853006050,1234996,step,3476,321,237,RUNNING,10,0,10,RUNNING,RUNNING,RUNNING,250,3225,3475,178.05,2524.25,true
1780853006337,1235283,step,3477,287,209,RUNNING,10,0,10,RUNNING,RUNNING,RUNNING,250,3226,3476,178.05,2524.25,true
1780853006675,1235621,step,3478,338,186,RUNNING,10,0,10,RUNNING,RUNNING,RUNNING,250,3227,3477,178.05,2526.31,true
1780853007131,1236077,step,3479,456,186,RUNNING,10,0,10,RUNNING,RUNNING,RUNNING,250,3228,3478,178.05,2526.31,true
1780853007485,1236431,step,3480,354,177,RUNNING,10,0,10,RUNNING,RUNNING,RUNNING,250,3229,3479,178.05,2528.37,true
1780853007755,1236701,step,3481,270,177,RUNNING,10,0,10,RUNNING,RUNNING,RUNNING,250,3230,3480,178.05,2528.37,true
1780853008042,1236988,step,3482,287,177,RUNNING,10,0,10,RUNNING,RUNNING,RUNNING,250,3231,3481,178.05,2528.37,true
1780853008279,1237225,step,3483,237,209,RUNNING,10,0,10,RUNNING,RUNNING,RUNNING,250,3232,3482,178.05,2528.37,true
1780853008734,1237680,step,3484,455,209,RUNNING,10,0,10,RUNNING,RUNNING,RUNNING,250,3233,3483,178.05,2530.22,true
1780853009072,1238018,step,3485,338,209,RUNNING,10,0,10,RUNNING,RUNNING,RUNNING,250,3234,3484,178.05,2530.22,true
1780853009545,1238491,step,3486,473,177,RUNNING,10,0,10,RUNNING,RUNNING,RUNNING,250,3235,3485,178.05,2532.03,true
1780853009882,1238828,step,3487,337,177,RUNNING,10,0,10,RUNNING,RUNNING,RUNNING,250,3236,3486,178.05,2532.03,true
1780853010136,1239082,step,3488,254,177,RUNNING,10,0,10,RUNNING,RUNNING,RUNNING,250,3237,3487,178.05,2532.03,true
1780853010473,1239419,step,3489,337,178,RUNNING,10,0,10,RUNNING,RUNNING,RUNNING,250,3238,3488,178.05,2534.36,true
1780853010777,1239723,step,3490,304,178,RUNNING,10,0,10,RUNNING,RUNNING,RUNNING,250,3239,3489,178.05,2534.36,true
1780853011148,1240094,step,3491,371,178,RUNNING,10,0,10,RUNNING,RUNNING,RUNNING,250,3240,3490,178.05,2534.36,true
1780853011469,1240415,step,3492,321,186,RUNNING,10,0,10,RUNNING,RUNNING,RUNNING,250,3241,3491,178.05,2536.85,true
1780853011925,1240871,step,3493,456,178,RUNNING,10,0,10,RUNNING,RUNNING,RUNNING,250,3242,3492,178.05,2536.85,true
1780853012212,1241158,step,3494,287,186,RUNNING,10,0,10,RUNNING,RUNNING,RUNNING,250,3243,3493,178.05,2536.85,true
1780853012448,1241394,step,3495,236,186,RUNNING,10,0,10,RUNNING,RUNNING,RUNNING,250,3244,3494,178.05,2539.59,true
1780853012718,1241664,step,3496,270,209,RUNNING,10,0,10,RUNNING,RUNNING,RUNNING,250,3245,3495,178.05,2539.59,true
1780853013039,1241985,step,3497,321,209,RUNNING,10,0,10,RUNNING,RUNNING,RUNNING,250,3246,3496,178.05,2539.59,true
1780853013495,1242441,step,3498,456,209,RUNNING,10,0,10,RUNNING,RUNNING,RUNNING,250,3247,3497,178.05,2542.23,true
1780853013833,1242779,step,3499,338,186,RUNNING,10,0,10,RUNNING,RUNNING,RUNNING,250,3248,3498,178.05,2542.23,true
1780853014305,1243251,step,3500,472,177,RUNNING,10,0,10,RUNNING,RUNNING,RUNNING,250,3249,3499,178.05,2542.23,true
1780853014542,1243488,step,3501,237,177,RUNNING,10,0,10,RUNNING,RUNNING,RUNNING,250,3250,3500,178.05,2544.93,true
1780853014812,1243758,step,3502,270,177,RUNNING,10,0,10,RUNNING,RUNNING,RUNNING,250,3251,3501,178.05,2544.93,true
1780853015099,1244045,step,3503,287,209,RUNNING,10,0,10,RUNNING,RUNNING,RUNNING,250,3252,3502,178.05,2544.93,true
1780853015504,1244450,step,3504,405,209,RUNNING,10,0,10,RUNNING,RUNNING,RUNNING,250,3253,3503,178.05,2547.58,true
1780853015892,1244838,step,3505,388,209,RUNNING,10,0,10,RUNNING,RUNNING,RUNNING,250,3254,3504,178.05,2547.58,true
1780853016145,1245091,step,3506,253,209,RUNNING,10,0,10,RUNNING,RUNNING,RUNNING,250,3255,3505,178.05,2547.58,true
1780853016400,1245346,step,3507,255,209,RUNNING,10,0,10,RUNNING,RUNNING,RUNNING,250,3256,3506,178.05,2550.17,true
1780853016687,1245633,step,3508,287,209,RUNNING,10,0,10,RUNNING,RUNNING,RUNNING,250,3257,3507,178.05,2550.17,true
1780853017108,1246054,step,3509,421,209,RUNNING,10,0,10,RUNNING,RUNNING,RUNNING,250,3258,3508,178.05,2550.17,true
1780853017479,1246425,step,3510,371,209,RUNNING,10,0,10,RUNNING,RUNNING,RUNNING,250,3259,3509,178.05,2552.57,true
1780853017901,1246847,step,3511,422,161,RUNNING,10,0,10,RUNNING,RUNNING,RUNNING,250,3260,3510,178.05,2552.57,true
1780853018272,1247218,step,3512,371,161,RUNNING,10,0,10,RUNNING,RUNNING,RUNNING,250,3261,3511,178.05,2552.57,true
1780853018678,1247624,step,3513,406,147,WALKING,9,1,10,RUNNING,RUNNING,RUNNING,250,3262,3512,178.05,2554.78,true
1780853019049,1247995,step,3514,371,161,RUNNING,9,1,10,RUNNING,RUNNING,RUNNING,250,3263,3513,178.05,2554.78,true
1780853019353,1248299,step,3515,304,161,RUNNING,9,1,10,RUNNING,RUNNING,RUNNING,250,3264,3514,178.05,2554.78,true
1780853019826,1248772,step,3516,473,161,RUNNING,9,1,10,RUNNING,RUNNING,RUNNING,250,3265,3515,178.05,2557.05,true
1780853020079,1249025,step,3517,253,161,RUNNING,9,1,10,RUNNING,RUNNING,RUNNING,250,3266,3516,178.05,2557.05,true
1780853020349,1249295,step,3518,270,197,RUNNING,9,1,10,RUNNING,RUNNING,RUNNING,250,3267,3517,178.05,2557.05,true
1780853020585,1249531,step,3519,236,222,RUNNING,9,1,10,RUNNING,RUNNING,RUNNING,250,3268,3518,178.05,2559.47,true
1780853020923,1249869,step,3520,338,222,RUNNING,9,1,10,RUNNING,RUNNING,RUNNING,250,3269,3519,178.05,2559.47,true
1780853021379,1250325,step,3521,456,222,RUNNING,9,1,10,RUNNING,RUNNING,RUNNING,250,3270,3520,178.05,2559.47,true
1780853021716,1250662,step,3522,337,178,RUNNING,9,1,10,RUNNING,RUNNING,RUNNING,250,3271,3521,178.05,2561.88,true
1780853022155,1251101,step,3523,439,177,RUNNING,10,0,10,RUNNING,RUNNING,RUNNING,250,3272,3522,178.05,2561.88,true
1780853022560,1251506,step,3524,405,148,WALKING,9,1,10,RUNNING,RUNNING,RUNNING,250,3273,3523,178.05,2564.34,true
1780853022949,1251895,step,3525,389,148,WALKING,8,2,10,RUNNING,RUNNING,RUNNING,250,3274,3524,178.05,2564.34,true
1780853023253,1252199,step,3526,304,154,RUNNING,8,2,10,RUNNING,RUNNING,RUNNING,250,3275,3525,178.05,2564.34,true
1780853023708,1252654,step,3527,455,148,WALKING,7,3,10,RUNNING,RUNNING,RUNNING,250,3276,3526,178.05,2566.90,true
1780853024029,1252975,step,3528,321,154,RUNNING,7,3,10,RUNNING,RUNNING,RUNNING,250,3277,3527,178.05,2566.90,true
1780853024485,1253431,step,3529,456,154,RUNNING,7,3,10,RUNNING,RUNNING,RUNNING,250,3278,3528,178.05,2569.46,true
1780853024890,1253836,step,3530,405,148,WALKING,6,4,10,RUNNING,RUNNING,RUNNING,250,3279,3529,178.05,2569.46,true
1780853025278,1254224,step,3531,388,148,WALKING,5,5,10,RUNNING,RUNNING,RUNNING,250,3280,3530,178.05,2569.46,true
1780853025600,1254546,step,3532,322,154,RUNNING,5,5,10,RUNNING,RUNNING,RUNNING,250,3281,3531,178.05,2572.01,true
1780853025937,1254883,step,3533,337,154,RUNNING,5,5,10,RUNNING,RUNNING,RUNNING,250,3282,3532,178.05,2572.01,true
1780853026224,1255170,step,3534,287,178,RUNNING,6,4,10,RUNNING,RUNNING,RUNNING,250,3283,3533,178.05,2572.01,true
1780853026477,1255423,step,3535,253,186,RUNNING,7,3,10,RUNNING,RUNNING,RUNNING,250,3284,3534,178.05,2574.37,true
1780853026848,1255794,step,3536,371,186,RUNNING,7,3,10,RUNNING,RUNNING,RUNNING,250,3285,3535,178.05,2574.37,true
1780853027169,1256115,step,3537,321,186,RUNNING,8,2,10,RUNNING,RUNNING,RUNNING,250,3286,3536,178.05,2574.37,true
1780853027642,1256588,step,3538,473,186,RUNNING,8,2,10,RUNNING,RUNNING,RUNNING,250,3287,3537,178.05,2576.65,true
1780853027962,1256908,step,3539,320,186,RUNNING,8,2,10,RUNNING,RUNNING,RUNNING,250,3288,3538,178.05,2576.65,true
1780853028418,1257364,step,3540,456,161,RUNNING,9,1,10,RUNNING,RUNNING,RUNNING,250,3289,3539,178.05,2578.92,true
1780853028739,1257685,step,3541,321,186,RUNNING,10,0,10,RUNNING,RUNNING,RUNNING,250,3290,3540,178.05,2578.92,true
1780853029229,1258175,step,3542,490,131,WALKING,9,1,10,RUNNING,RUNNING,RUNNING,250,3291,3541,178.05,2578.92,true
1780853029549,1258495,step,3543,320,186,RUNNING,9,1,10,RUNNING,RUNNING,RUNNING,250,3292,3542,178.05,2581.35,true
1780853030005,1258951,step,3544,456,131,WALKING,8,2,10,RUNNING,RUNNING,RUNNING,250,3293,3543,178.05,2581.35,true
1780853030258,1259204,step,3545,253,186,RUNNING,8,2,10,RUNNING,RUNNING,RUNNING,250,3294,3544,178.05,2581.35,true
1780853030528,1259474,step,3546,270,187,RUNNING,8,2,10,RUNNING,RUNNING,RUNNING,250,3295,3545,178.05,2583.68,true
1780853030798,1259744,step,3547,270,222,RUNNING,8,2,10,RUNNING,RUNNING,RUNNING,250,3296,3546,178.05,2583.68,true
1780853031035,1259981,step,3548,237,222,RUNNING,8,2,10,RUNNING,RUNNING,RUNNING,250,3297,3547,178.05,2583.68,true
1780853031356,1260302,step,3549,321,222,RUNNING,8,2,10,RUNNING,RUNNING,RUNNING,250,3298,3548,178.05,2583.68,true
1780853031592,1260538,step,3550,236,222,RUNNING,8,2,10,RUNNING,RUNNING,RUNNING,250,3299,3549,178.05,2585.90,true
1780853031862,1260808,step,3551,270,222,RUNNING,8,2,10,RUNNING,RUNNING,RUNNING,250,3300,3550,178.05,2585.90,true
1780853032132,1261078,step,3552,270,222,RUNNING,9,1,10,RUNNING,RUNNING,RUNNING,250,3301,3551,178.05,2585.90,true
1780853032386,1261332,step,3553,254,222,RUNNING,9,1,10,RUNNING,RUNNING,RUNNING,250,3302,3552,178.05,2585.90,true
1780853032623,1261569,step,3554,237,236,RUNNING,10,0,10,RUNNING,RUNNING,RUNNING,250,3303,3553,178.05,2588.23,true
1780853032926,1261872,step,3555,303,222,RUNNING,10,0,10,RUNNING,RUNNING,RUNNING,250,3304,3554,178.05,2588.23,true
1780853033179,1262125,step,3556,253,236,RUNNING,10,0,10,RUNNING,RUNNING,RUNNING,250,3305,3555,178.05,2588.23,true
1780853033432,1262378,step,3557,253,237,RUNNING,10,0,10,RUNNING,RUNNING,RUNNING,250,3306,3556,178.05,2590.78,true
1780853033736,1262682,step,3558,304,237,RUNNING,10,0,10,RUNNING,RUNNING,RUNNING,250,3307,3557,178.05,2590.78,true
1780853034057,1263003,step,3559,321,198,RUNNING,10,0,10,RUNNING,RUNNING,RUNNING,250,3308,3558,178.05,2590.78,true
1780853034293,1263239,step,3560,236,237,RUNNING,10,0,10,RUNNING,RUNNING,RUNNING,250,3309,3559,178.05,2590.78,true
1780853034766,1263712,step,3561,473,197,RUNNING,10,0,10,RUNNING,RUNNING,RUNNING,250,3310,3560,178.05,2593.28,true
1780853035069,1264015,step,3562,303,197,RUNNING,10,0,10,RUNNING,RUNNING,RUNNING,250,3311,3561,178.05,2593.28,true
1780853035542,1264488,step,3563,473,186,RUNNING,10,0,10,RUNNING,RUNNING,RUNNING,250,3312,3562,178.05,2595.67,true
1780853035947,1264893,step,3564,405,148,WALKING,9,1,10,RUNNING,RUNNING,RUNNING,250,3313,3563,178.05,2595.67,true
1780853036268,1265214,step,3565,321,148,WALKING,8,2,10,RUNNING,RUNNING,RUNNING,250,3314,3564,178.05,2595.67,true
1780853036521,1265467,step,3566,253,186,RUNNING,8,2,10,RUNNING,RUNNING,RUNNING,250,3315,3565,178.05,2597.87,true
1780853036842,1265788,step,3567,321,186,RUNNING,8,2,10,RUNNING,RUNNING,RUNNING,250,3316,3566,178.05,2597.87,true
1780853037146,1266092,step,3568,304,186,RUNNING,8,2,10,RUNNING,RUNNING,RUNNING,250,3317,3567,178.05,2597.87,true
1780853037467,1266413,step,3569,321,186,RUNNING,8,2,10,RUNNING,RUNNING,RUNNING,250,3318,3568,178.05,2600.00,true
1780853037939,1266885,step,3570,472,186,RUNNING,8,2,10,RUNNING,RUNNING,RUNNING,250,3319,3569,178.05,2600.00,true
1780853038328,1267274,step,3571,389,186,RUNNING,8,2,10,RUNNING,RUNNING,RUNNING,250,3320,3570,178.05,2600.00,true
1780853038716,1267662,step,3572,388,154,RUNNING,8,2,10,RUNNING,RUNNING,RUNNING,250,3321,3571,178.05,2602.08,true
1780853039003,1267949,step,3573,287,154,RUNNING,8,2,10,RUNNING,RUNNING,RUNNING,250,3322,3572,178.05,2602.08,true
1780853039392,1268338,step,3574,389,154,RUNNING,9,1,10,RUNNING,RUNNING,RUNNING,250,3323,3573,178.05,2602.08,true
1780853039713,1268659,step,3575,321,154,RUNNING,10,0,10,RUNNING,RUNNING,RUNNING,250,3324,3574,178.05,2604.19,true
1780853040066,1269012,step,3576,353,169,RUNNING,10,0,10,RUNNING,RUNNING,RUNNING,250,3325,3575,178.05,2604.19,true
1780853040303,1269249,step,3577,237,186,RUNNING,10,0,10,RUNNING,RUNNING,RUNNING,250,3326,3576,178.05,2604.19,true
1780853040657,1269603,step,3578,354,169,RUNNING,10,0,10,RUNNING,RUNNING,RUNNING,250,3327,3577,178.05,2606.32,true
1780853041097,1270043,step,3579,440,169,RUNNING,10,0,10,RUNNING,RUNNING,RUNNING,250,3328,3578,178.05,2606.32,true
1780853041452,1270398,step,3580,355,169,RUNNING,10,0,10,RUNNING,RUNNING,RUNNING,250,3329,3579,178.05,2608.53,true
1780853041889,1270835,step,3581,437,169,RUNNING,10,0,10,RUNNING,RUNNING,RUNNING,250,3330,3580,178.05,2608.53,true
1780853042311,1271257,step,3582,422,142,WALKING,9,1,10,RUNNING,RUNNING,RUNNING,250,3331,3581,178.05,2608.53,true
1780853042683,1271629,step,3583,372,142,WALKING,8,2,10,RUNNING,RUNNING,RUNNING,250,3332,3582,178.05,2610.34,true
1780853043004,1271950,step,3584,321,161,RUNNING,8,2,10,RUNNING,RUNNING,RUNNING,250,3333,3583,178.05,2610.34,true
1780853043459,1272405,step,3585,455,142,WALKING,7,3,10,RUNNING,RUNNING,RUNNING,250,3334,3584,178.05,2612.01,true
1780853043881,1272827,step,3586,422,142,WALKING,6,4,10,RUNNING,RUNNING,RUNNING,250,3335,3585,178.05,2612.01,true
1780853044236,1273182,step,3587,355,161,RUNNING,6,4,10,RUNNING,RUNNING,RUNNING,250,3336,3586,178.05,2612.01,true
1780853044658,1273604,step,3588,422,142,WALKING,5,5,10,RUNNING,RUNNING,RUNNING,250,3337,3587,178.05,2613.94,true
1780853045029,1273975,switch,3589,371,142,WALKING,4,6,10,RUNNING,WALKING,RUNNING,250,3338,3588,178.05,2613.94,true
1780853045029,1273975,step,3589,371,142,WALKING,4,6,10,RUNNING,WALKING,WALKING,250,3338,3588,178.05,2613.94,true
1780853045350,1274296,step,3590,321,161,RUNNING,4,6,10,WALKING,WALKING,WALKING,251,3338,3589,178.52,2613.94,true
1780853045806,1274752,step,3591,456,161,RUNNING,4,6,10,WALKING,WALKING,WALKING,252,3338,3590,181.03,2613.94,true
1780853046143,1275089,step,3592,337,161,RUNNING,5,5,10,WALKING,WALKING,WALKING,253,3338,3591,181.03,2613.94,true
1780853046616,1275562,step,3593,473,161,RUNNING,6,4,10,WALKING,WALKING,WALKING,254,3338,3592,183.16,2613.94,true
1780853047021,1275967,step,3594,405,148,WALKING,5,5,10,WALKING,WALKING,WALKING,255,3338,3593,183.16,2613.94,true
1780853047426,1276372,step,3595,405,148,WALKING,5,5,10,WALKING,WALKING,WALKING,256,3338,3594,185.39,2613.94,true
1780853047815,1276761,step,3596,389,148,WALKING,5,5,10,WALKING,WALKING,WALKING,257,3338,3595,185.39,2613.94,true
1780853048155,1277101,step,3597,340,148,WALKING,4,6,10,WALKING,WALKING,WALKING,258,3338,3596,185.39,2613.94,true
1780853048621,1277567,step,3598,466,148,WALKING,4,6,10,WALKING,WALKING,WALKING,259,3338,3597,187.54,2613.94,true
1780853049022,1277968,step,3599,401,149,WALKING,4,6,10,WALKING,WALKING,WALKING,260,3338,3598,187.54,2613.94,true
1780853049446,1278392,step,3600,424,149,WALKING,3,7,10,WALKING,WALKING,WALKING,261,3338,3599,189.58,2613.94,true
1780853049849,1278795,step,3601,403,148,WALKING,2,8,10,WALKING,WALKING,WALKING,262,3338,3600,189.58,2613.94,true
1780853050250,1279196,step,3602,401,148,WALKING,1,9,10,WALKING,WALKING,WALKING,263,3338,3601,189.58,2613.94,true
1780853050674,1279620,step,3603,424,148,WALKING,0,10,10,WALKING,WALKING,WALKING,264,3338,3602,191.52,2613.94,true
1780853051075,1280021,step,3604,401,148,WALKING,0,10,10,WALKING,WALKING,WALKING,265,3338,3603,191.52,2613.94,true
1780853051477,1280423,step,3605,402,149,WALKING,0,10,10,WALKING,WALKING,WALKING,266,3338,3604,193.37,2613.94,true
1780853051880,1280826,step,3606,403,149,WALKING,0,10,10,WALKING,WALKING,WALKING,267,3338,3605,193.37,2613.94,true
1780853052283,1281229,step,3607,403,148,WALKING,0,10,10,WALKING,WALKING,WALKING,268,3338,3606,193.37,2613.94,true
1780853052671,1281617,step,3608,388,149,WALKING,0,10,10,WALKING,WALKING,WALKING,269,3338,3607,194.96,2613.94,true
1780853053109,1282055,step,3609,438,148,WALKING,0,10,10,WALKING,WALKING,WALKING,270,3338,3608,194.96,2613.94,true
1780853053363,1282309,step,3610,254,148,WALKING,0,10,10,WALKING,WALKING,WALKING,271,3338,3609,194.96,2613.94,true
1780853053616,1282562,step,3611,253,154,RUNNING,1,9,10,WALKING,WALKING,WALKING,272,3338,3610,196.64,2613.94,true
1780853053903,1282849,step,3612,287,209,RUNNING,2,8,10,WALKING,WALKING,WALKING,273,3338,3611,196.64,2613.94,true
1780853054325,1283271,step,3613,422,209,RUNNING,3,7,10,WALKING,WALKING,WALKING,274,3338,3612,196.64,2613.94,true
1780853054696,1283642,step,3614,371,209,RUNNING,4,6,10,WALKING,WALKING,WALKING,275,3338,3613,198.53,2613.94,true
1780853054983,1283929,step,3615,287,209,RUNNING,5,5,10,WALKING,WALKING,WALKING,276,3338,3614,198.53,2613.94,true
1780853055253,1284199,step,3616,270,209,RUNNING,6,4,10,WALKING,WALKING,WALKING,277,3338,3615,198.53,2613.94,true
1780853055540,1284486,step,3617,287,209,RUNNING,7,3,10,WALKING,WALKING,WALKING,278,3338,3616,200.46,2613.94,true
1780853055929,1284875,switch,3618,389,209,RUNNING,8,2,10,WALKING,RUNNING,WALKING,279,3338,3617,200.46,2613.94,true
1780853055929,1284875,step,3618,389,209,RUNNING,8,2,10,WALKING,RUNNING,RUNNING,279,3338,3617,200.46,2613.94,true
1780853056351,1285297,step,3619,422,209,RUNNING,9,1,10,RUNNING,RUNNING,RUNNING,279,3339,3618,200.46,2614.77,true
1780853056722,1285668,step,3620,371,161,RUNNING,10,0,10,RUNNING,RUNNING,RUNNING,279,3340,3619,200.46,2617.15,true
1780853057127,1286073,step,3621,405,154,RUNNING,10,0,10,RUNNING,RUNNING,RUNNING,279,3341,3620,200.46,2617.15,true
1780853057516,1286462,step,3622,389,154,RUNNING,10,0,10,RUNNING,RUNNING,RUNNING,279,3342,3621,200.46,2619.09,true
1780853057904,1286850,step,3623,388,154,RUNNING,10,0,10,RUNNING,RUNNING,RUNNING,279,3343,3622,200.46,2619.09,true
1780853058275,1287221,step,3624,371,154,RUNNING,10,0,10,RUNNING,RUNNING,RUNNING,279,3344,3623,200.46,2619.09,true
1780853058596,1287542,step,3625,321,154,RUNNING,10,0,10,RUNNING,RUNNING,RUNNING,279,3345,3624,200.46,2621.53,true
1780853059035,1287981,step,3626,439,154,RUNNING,10,0,10,RUNNING,RUNNING,RUNNING,279,3346,3625,200.46,2621.53,true
1780853059373,1288319,step,3627,338,161,RUNNING,10,0,10,RUNNING,RUNNING,RUNNING,279,3347,3626,200.46,2621.53,true
1780853059812,1288758,step,3628,439,161,RUNNING,10,0,10,RUNNING,RUNNING,RUNNING,279,3348,3627,200.46,2624.45,true
1780853060200,1289146,step,3629,388,154,RUNNING,10,0,10,RUNNING,RUNNING,RUNNING,279,3349,3628,200.46,2624.45,true
1780853060605,1289551,step,3630,405,148,WALKING,9,1,10,RUNNING,RUNNING,RUNNING,279,3350,3629,200.46,2627.75,true
1780853060959,1289905,step,3631,354,154,RUNNING,9,1,10,RUNNING,RUNNING,RUNNING,279,3351,3630,200.46,2627.75,true
1780853061365,1290311,step,3632,406,148,WALKING,8,2,10,RUNNING,RUNNING,RUNNING,279,3352,3631,200.46,2627.75,true
1780853061770,1290716,step,3633,405,148,WALKING,7,3,10,RUNNING,RUNNING,RUNNING,279,3353,3632,200.46,2631.16,true
1780853062158,1291104,step,3634,388,148,WALKING,6,4,10,RUNNING,RUNNING,RUNNING,279,3354,3633,200.46,2631.16,true
1780853062428,1291374,step,3635,270,154,RUNNING,6,4,10,RUNNING,RUNNING,RUNNING,279,3355,3634,200.46,2634.53,true
1780853062951,1291897,step,3636,523,148,WALKING,5,5,10,RUNNING,RUNNING,RUNNING,279,3356,3635,200.46,2634.53,true
1780853063340,1292286,step,3637,389,154,RUNNING,5,5,10,RUNNING,RUNNING,RUNNING,279,3357,3636,200.46,2634.53,true
1780853063728,1292674,step,3638,388,154,RUNNING,5,5,10,RUNNING,RUNNING,RUNNING,279,3358,3637,200.46,2637.78,true
1780853064015,1292961,step,3639,287,154,RUNNING,5,5,10,RUNNING,RUNNING,RUNNING,279,3359,3638,200.46,2637.78,true
1780853064538,1293484,step,3640,523,154,RUNNING,6,4,10,RUNNING,RUNNING,RUNNING,279,3360,3639,200.46,2640.52,true
1780853064859,1293805,step,3641,321,154,RUNNING,6,4,10,RUNNING,RUNNING,RUNNING,279,3361,3640,200.46,2640.52,true
1780853065315,1294261,step,3642,456,154,RUNNING,7,3,10,RUNNING,RUNNING,RUNNING,279,3362,3641,200.46,2640.52,true
1780853065619,1294565,step,3643,304,186,RUNNING,8,2,10,RUNNING,RUNNING,RUNNING,279,3363,3642,200.46,2642.88,true
1780853065990,1294936,step,3644,371,161,RUNNING,9,1,10,RUNNING,RUNNING,RUNNING,279,3364,3643,200.46,2642.88,true
1780853066294,1295240,step,3645,304,186,RUNNING,9,1,10,RUNNING,RUNNING,RUNNING,279,3365,3644,200.46,2642.88,true
1780853066547,1295493,step,3646,253,197,RUNNING,10,0,10,RUNNING,RUNNING,RUNNING,279,3366,3645,200.46,2645.19,true
1780853066800,1295746,step,3647,253,197,RUNNING,10,0,10,RUNNING,RUNNING,RUNNING,279,3367,3646,200.46,2645.19,true
1780853067064,1296010,step,3648,264,227,RUNNING,10,0,10,RUNNING,RUNNING,RUNNING,279,3368,3647,200.46,2645.19,true
1780853067360,1296306,step,3649,296,227,RUNNING,10,0,10,RUNNING,RUNNING,RUNNING,279,3369,3648,200.46,2645.19,true
1780853067657,1296603,step,3650,297,227,RUNNING,10,0,10,RUNNING,RUNNING,RUNNING,279,3370,3649,200.46,2647.51,true
1780853067910,1296856,step,3651,253,227,RUNNING,10,0,10,RUNNING,RUNNING,RUNNING,279,3371,3650,200.46,2647.51,true
1780853068143,1297089,step,3652,233,227,RUNNING,10,0,10,RUNNING,RUNNING,RUNNING,279,3372,3651,200.46,2647.51,true
1780853068419,1297365,step,3653,276,217,RUNNING,10,0,10,RUNNING,RUNNING,RUNNING,279,3373,3652,200.46,2649.91,true
1780853068703,1297649,step,3654,284,217,RUNNING,10,0,10,RUNNING,RUNNING,RUNNING,279,3374,3653,200.46,2649.91,true
1780853068974,1297920,step,3655,271,221,RUNNING,10,0,10,RUNNING,RUNNING,RUNNING,279,3375,3654,200.46,2649.91,true
1780853069311,1298257,step,3656,337,217,RUNNING,10,0,10,RUNNING,RUNNING,RUNNING,279,3376,3655,200.46,2649.91,true
1780853069717,1298663,step,3657,406,211,RUNNING,10,0,10,RUNNING,RUNNING,RUNNING,279,3377,3656,200.46,2651.99,true
1780853069953,1298899,step,3658,236,211,RUNNING,10,0,10,RUNNING,RUNNING,RUNNING,279,3378,3657,200.46,2651.99,true
1780853070240,1299186,step,3659,287,209,RUNNING,10,0,10,RUNNING,RUNNING,RUNNING,279,3379,3658,200.46,2651.99,true
1780853070628,1299574,step,3660,388,178,RUNNING,10,0,10,RUNNING,RUNNING,RUNNING,279,3380,3659,200.46,2653.82,true
1780853070932,1299878,step,3661,304,197,RUNNING,10,0,10,RUNNING,RUNNING,RUNNING,279,3381,3660,200.46,2653.82,true
1780853071202,1300148,step,3662,270,209,RUNNING,10,0,10,RUNNING,RUNNING,RUNNING,279,3382,3661,200.46,2653.82,true
1780853071455,1300401,step,3663,253,209,RUNNING,10,0,10,RUNNING,RUNNING,RUNNING,279,3383,3662,200.46,2655.75,true
1780853071726,1300672,step,3664,271,221,RUNNING,10,0,10,RUNNING,RUNNING,RUNNING,279,3384,3663,200.46,2655.75,true
1780853071979,1300925,step,3665,253,222,RUNNING,10,0,10,RUNNING,RUNNING,RUNNING,279,3385,3664,200.46,2655.75,true
1780853072215,1301161,step,3666,236,237,RUNNING,10,0,10,RUNNING,RUNNING,RUNNING,279,3386,3665,200.46,2655.75,true
1780853072468,1301414,step,3667,253,237,RUNNING,10,0,10,RUNNING,RUNNING,RUNNING,279,3387,3666,200.46,2657.77,true
1780853072823,1301769,step,3668,355,237,RUNNING,10,0,10,RUNNING,RUNNING,RUNNING,279,3388,3667,200.46,2657.77,true
1780853073059,1302005,step,3669,236,237,RUNNING,10,0,10,RUNNING,RUNNING,RUNNING,279,3389,3668,200.46,2657.77,true
1780853073296,1302242,step,3670,237,253,RUNNING,10,0,10,RUNNING,RUNNING,RUNNING,279,3390,3669,200.46,2657.77,true
1780853073718,1302664,step,3671,422,237,RUNNING,10,0,10,RUNNING,RUNNING,RUNNING,279,3391,3670,200.46,2659.77,true
1780853074123,1303069,step,3672,405,169,RUNNING,10,0,10,RUNNING,RUNNING,RUNNING,279,3392,3671,200.46,2659.77,true
1780853074376,1303322,step,3673,253,237,RUNNING,10,0,10,RUNNING,RUNNING,RUNNING,279,3393,3672,200.46,2659.77,true
1780853074663,1303609,step,3674,287,209,RUNNING,10,0,10,RUNNING,RUNNING,RUNNING,279,3394,3673,200.46,2661.66,true
1780853074916,1303862,step,3675,253,209,RUNNING,10,0,10,RUNNING,RUNNING,RUNNING,279,3395,3674,200.46,2661.66,true
1780853075153,1304099,step,3676,237,237,RUNNING,10,0,10,RUNNING,RUNNING,RUNNING,279,3396,3675,200.46,2661.66,true
1780853075490,1304436,step,3677,337,237,RUNNING,10,0,10,RUNNING,RUNNING,RUNNING,279,3397,3676,200.46,2663.49,true
1780853075828,1304774,step,3678,338,209,RUNNING,10,0,10,RUNNING,RUNNING,RUNNING,279,3398,3677,200.46,2663.49,true
1780853076149,1305095,step,3679,321,186,RUNNING,10,0,10,RUNNING,RUNNING,RUNNING,279,3399,3678,200.46,2663.49,true
1780853076385,1305331,step,3680,236,186,RUNNING,10,0,10,RUNNING,RUNNING,RUNNING,279,3400,3679,200.46,2663.49,true
1780853076655,1305601,step,3681,270,186,RUNNING,10,0,10,RUNNING,RUNNING,RUNNING,279,3401,3680,200.46,2665.32,true
1780853076892,1305838,step,3682,237,222,RUNNING,10,0,10,RUNNING,RUNNING,RUNNING,279,3402,3681,200.46,2665.32,true
1780853077195,1306141,step,3683,303,222,RUNNING,10,0,10,RUNNING,RUNNING,RUNNING,279,3403,3682,200.46,2665.32,true
1780853077432,1306378,step,3684,237,253,RUNNING,10,0,10,RUNNING,RUNNING,RUNNING,279,3404,3683,200.46,2667.11,true
1780853077668,1306614,step,3685,236,253,RUNNING,10,0,10,RUNNING,RUNNING,RUNNING,279,3405,3684,200.46,2667.11,true
1780853078040,1306986,step,3686,372,253,RUNNING,10,0,10,RUNNING,RUNNING,RUNNING,279,3406,3685,200.46,2667.11,true
1780853078327,1307273,step,3687,287,209,RUNNING,10,0,10,RUNNING,RUNNING,RUNNING,279,3407,3686,200.46,2667.11,true
1780853078597,1307543,step,3688,270,222,RUNNING,10,0,10,RUNNING,RUNNING,RUNNING,279,3408,3687,200.46,2668.82,true
1780853078951,1307897,step,3689,354,209,RUNNING,10,0,10,RUNNING,RUNNING,RUNNING,279,3409,3688,200.46,2668.82,true
1780853079188,1308134,step,3690,237,209,RUNNING,10,0,10,RUNNING,RUNNING,RUNNING,279,3410,3689,200.46,2668.82,true
1780853079492,1308438,step,3691,304,209,RUNNING,10,0,10,RUNNING,RUNNING,RUNNING,279,3411,3690,200.46,2670.41,true
1780853079795,1308741,step,3692,303,198,RUNNING,10,0,10,RUNNING,RUNNING,RUNNING,279,3412,3691,200.46,2670.41,true
1780853080150,1309096,step,3693,355,197,RUNNING,10,0,10,RUNNING,RUNNING,RUNNING,279,3413,3692,200.46,2670.41,true
1780853080504,1309450,step,3694,354,197,RUNNING,10,0,10,RUNNING,RUNNING,RUNNING,279,3414,3693,200.46,2671.96,true
1780853080842,1309788,step,3695,338,177,RUNNING,10,0,10,RUNNING,RUNNING,RUNNING,279,3415,3694,200.46,2671.96,true
1780853081181,1310127,step,3696,339,176,RUNNING,10,0,10,RUNNING,RUNNING,RUNNING,279,3416,3695,200.46,2671.96,true
1780853081551,1310497,step,3697,370,169,RUNNING,10,0,10,RUNNING,RUNNING,RUNNING,279,3417,3696,200.46,2673.39,true
1780853081889,1310835,step,3698,338,176,RUNNING,10,0,10,RUNNING,RUNNING,RUNNING,279,3418,3697,200.46,2673.39,true
1780853082243,1311189,step,3699,354,176,RUNNING,10,0,10,RUNNING,RUNNING,RUNNING,279,3419,3698,200.46,2673.39,true
1780853082564,1311510,step,3700,321,176,RUNNING,10,0,10,RUNNING,RUNNING,RUNNING,279,3420,3699,200.46,2674.70,true
1780853082851,1311797,step,3701,287,177,RUNNING,10,0,10,RUNNING,RUNNING,RUNNING,279,3421,3700,200.46,2674.70,true
1780853083173,1312119,step,3702,322,186,RUNNING,10,0,10,RUNNING,RUNNING,RUNNING,279,3422,3701,200.46,2674.70,true
1780853083628,1312574,step,3703,455,186,RUNNING,10,0,10,RUNNING,RUNNING,RUNNING,279,3423,3702,200.46,2675.82,true
1780853083898,1312844,step,3704,270,186,RUNNING,10,0,10,RUNNING,RUNNING,RUNNING,279,3424,3703,200.46,2675.82,true
1780853084219,1313165,step,3705,321,186,RUNNING,10,0,10,RUNNING,RUNNING,RUNNING,279,3425,3704,200.46,2675.82,true
1780853084523,1313469,step,3706,304,186,RUNNING,10,0,10,RUNNING,RUNNING,RUNNING,279,3426,3705,200.46,2676.89,true
1780853084809,1313755,step,3707,286,197,RUNNING,10,0,10,RUNNING,RUNNING,RUNNING,279,3427,3706,200.46,2676.89,true
1780853085063,1314009,step,3708,254,209,RUNNING,10,0,10,RUNNING,RUNNING,RUNNING,279,3428,3707,200.46,2676.89,true
1780853085417,1314363,step,3709,354,197,RUNNING,10,0,10,RUNNING,RUNNING,RUNNING,279,3429,3708,200.46,2677.99,true
1780853085789,1314735,step,3710,372,197,RUNNING,10,0,10,RUNNING,RUNNING,RUNNING,279,3430,3709,200.46,2677.99,true
1780853086126,1315072,step,3711,337,178,RUNNING,10,0,10,RUNNING,RUNNING,RUNNING,279,3431,3710,200.46,2677.99,true
1780853086464,1315410,step,3712,338,177,RUNNING,10,0,10,RUNNING,RUNNING,RUNNING,279,3432,3711,200.46,2679.26,true
1780853086886,1315832,step,3713,422,169,RUNNING,10,0,10,RUNNING,RUNNING,RUNNING,279,3433,3712,200.46,2679.26,true
1780853087207,1316153,step,3714,321,177,RUNNING,10,0,10,RUNNING,RUNNING,RUNNING,279,3434,3713,200.46,2679.26,true
1780853087544,1316490,step,3715,337,178,RUNNING,10,0,10,RUNNING,RUNNING,RUNNING,279,3435,3714,200.46,2680.50,true
1780853087966,1316912,step,3716,422,177,RUNNING,10,0,10,RUNNING,RUNNING,RUNNING,279,3436,3715,200.46,2680.50,true
1780853088270,1317216,step,3717,304,178,RUNNING,10,0,10,RUNNING,RUNNING,RUNNING,279,3437,3716,200.46,2680.50,true
1780853088557,1317503,step,3718,287,186,RUNNING,10,0,10,RUNNING,RUNNING,RUNNING,279,3438,3717,200.46,2681.69,true
1780853089013,1317959,step,3719,456,178,RUNNING,10,0,10,RUNNING,RUNNING,RUNNING,279,3439,3718,200.46,2681.69,true
1780853089334,1318280,step,3720,321,186,RUNNING,10,0,10,RUNNING,RUNNING,RUNNING,279,3440,3719,200.46,2681.69,true
1780853089638,1318584,step,3721,304,197,RUNNING,10,0,10,RUNNING,RUNNING,RUNNING,279,3441,3720,200.46,2682.89,true
1780853089959,1318905,step,3722,321,186,RUNNING,10,0,10,RUNNING,RUNNING,RUNNING,279,3442,3721,200.46,2682.89,true
1780853090262,1319208,step,3723,303,186,RUNNING,10,0,10,RUNNING,RUNNING,RUNNING,279,3443,3722,200.46,2682.89,true
1780853090583,1319529,step,3724,321,186,RUNNING,10,0,10,RUNNING,RUNNING,RUNNING,279,3444,3723,200.46,2684.27,true
1780853091107,1320053,step,3725,524,186,RUNNING,10,0,10,RUNNING,RUNNING,RUNNING,279,3445,3724,200.46,2684.27,true
1780853091410,1320356,step,3726,303,186,RUNNING,10,0,10,RUNNING,RUNNING,RUNNING,279,3446,3725,200.46,2685.66,true
1780853091731,1320677,step,3727,321,186,RUNNING,10,0,10,RUNNING,RUNNING,RUNNING,279,3447,3726,200.46,2685.66,true
1780853092035,1320981,step,3728,304,186,RUNNING,10,0,10,RUNNING,RUNNING,RUNNING,279,3448,3727,200.46,2685.66,true
1780853092271,1321217,step,3729,236,197,RUNNING,10,0,10,RUNNING,RUNNING,RUNNING,279,3449,3728,200.46,2685.66,true
1780853092558,1321504,step,3730,287,198,RUNNING,10,0,10,RUNNING,RUNNING,RUNNING,279,3450,3729,200.46,2686.94,true
1780853092862,1321808,step,3731,304,197,RUNNING,10,0,10,RUNNING,RUNNING,RUNNING,279,3451,3730,200.46,2686.94,true
1780853093099,1322045,step,3732,237,209,RUNNING,10,0,10,RUNNING,RUNNING,RUNNING,279,3452,3731,200.46,2686.94,true
1780853093335,1322281,step,3733,236,253,RUNNING,10,0,10,RUNNING,RUNNING,RUNNING,279,3453,3732,200.46,2686.94,true
1780853093723,1322669,step,3734,388,209,RUNNING,10,0,10,RUNNING,RUNNING,RUNNING,279,3454,3733,200.46,2688.22,true
1780853094230,1323176,step,3735,507,197,RUNNING,10,0,10,RUNNING,RUNNING,RUNNING,279,3455,3734,200.46,2688.22,true
1780853094483,1323429,step,3736,253,237,RUNNING,10,0,10,RUNNING,RUNNING,RUNNING,279,3456,3735,200.46,2689.51,true
1780853094719,1323665,step,3737,236,237,RUNNING,10,0,10,RUNNING,RUNNING,RUNNING,279,3457,3736,200.46,2689.51,true
1780853095007,1323953,step,3738,288,208,RUNNING,10,0,10,RUNNING,RUNNING,RUNNING,279,3458,3737,200.46,2689.51,true
1780853095311,1324257,step,3739,304,208,RUNNING,10,0,10,RUNNING,RUNNING,RUNNING,279,3459,3738,200.46,2689.51,true
1780853095564,1324510,step,3740,253,237,RUNNING,10,0,10,RUNNING,RUNNING,RUNNING,279,3460,3739,200.46,2690.82,true
1780853095834,1324780,step,3741,270,222,RUNNING,10,0,10,RUNNING,RUNNING,RUNNING,279,3461,3740,200.46,2690.82,true
1780853096104,1325050,step,3742,270,222,RUNNING,10,0,10,RUNNING,RUNNING,RUNNING,279,3462,3741,200.46,2690.82,true
1780853096425,1325371,step,3743,321,222,RUNNING,10,0,10,RUNNING,RUNNING,RUNNING,279,3463,3742,200.46,2692.14,true
1780853096661,1325607,step,3744,236,222,RUNNING,10,0,10,RUNNING,RUNNING,RUNNING,279,3464,3743,200.46,2692.14,true
1780853096931,1325877,step,3745,270,222,RUNNING,10,0,10,RUNNING,RUNNING,RUNNING,279,3465,3744,200.46,2692.14,true
1780853097303,1326249,step,3746,372,222,RUNNING,10,0,10,RUNNING,RUNNING,RUNNING,279,3466,3745,200.46,2692.14,true
1780853097556,1326502,step,3747,253,222,RUNNING,10,0,10,RUNNING,RUNNING,RUNNING,279,3467,3746,200.46,2693.48,true
1780853097978,1326924,step,3748,422,222,RUNNING,10,0,10,RUNNING,RUNNING,RUNNING,279,3468,3747,200.46,2693.48,true
1780853098248,1327194,step,3749,270,222,RUNNING,10,0,10,RUNNING,RUNNING,RUNNING,279,3469,3748,200.46,2693.48,true
1780853098518,1327464,step,3750,270,222,RUNNING,10,0,10,RUNNING,RUNNING,RUNNING,279,3470,3749,200.46,2694.79,true
1780853098754,1327700,step,3751,236,222,RUNNING,10,0,10,RUNNING,RUNNING,RUNNING,279,3471,3750,200.46,2694.79,true
1780853099042,1327988,step,3752,288,222,RUNNING,10,0,10,RUNNING,RUNNING,RUNNING,279,3472,3751,200.46,2694.79,true
1780853099278,1328224,step,3753,236,222,RUNNING,10,0,10,RUNNING,RUNNING,RUNNING,279,3473,3752,200.46,2694.79,true
1780853099565,1328511,step,3754,287,222,RUNNING,10,0,10,RUNNING,RUNNING,RUNNING,279,3474,3753,200.46,2696.05,true
1780853099835,1328781,step,3755,270,222,RUNNING,10,0,10,RUNNING,RUNNING,RUNNING,279,3475,3754,200.46,2696.05,true
1780853100156,1329102,step,3756,321,209,RUNNING,10,0,10,RUNNING,RUNNING,RUNNING,279,3476,3755,200.46,2696.05,true
1780853100662,1329608,step,3757,506,209,RUNNING,10,0,10,RUNNING,RUNNING,RUNNING,279,3477,3756,200.46,2697.28,true
1780853100899,1329845,step,3758,237,209,RUNNING,10,0,10,RUNNING,RUNNING,RUNNING,279,3478,3757,200.46,2697.28,true
1780853101135,1330081,step,3759,236,222,RUNNING,10,0,10,RUNNING,RUNNING,RUNNING,279,3479,3758,200.46,2697.28,true
1780853101371,1330317,step,3760,236,253,RUNNING,10,0,10,RUNNING,RUNNING,RUNNING,279,3480,3759,200.46,2697.28,true
1780853101608,1330554,step,3761,237,253,RUNNING,10,0,10,RUNNING,RUNNING,RUNNING,279,3481,3760,200.46,2698.52,true
1780853101912,1330858,step,3762,304,253,RUNNING,10,0,10,RUNNING,RUNNING,RUNNING,279,3482,3761,200.46,2698.52,true
1780853102300,1331246,step,3763,388,253,RUNNING,10,0,10,RUNNING,RUNNING,RUNNING,279,3483,3762,200.46,2698.52,true
1780853102655,1331601,step,3764,355,197,RUNNING,10,0,10,RUNNING,RUNNING,RUNNING,279,3484,3763,200.46,2699.72,true
1780853102992,1331938,step,3765,337,178,RUNNING,10,0,10,RUNNING,RUNNING,RUNNING,279,3485,3764,200.46,2699.72,true
1780853103245,1332191,step,3766,253,178,RUNNING,10,0,10,RUNNING,RUNNING,RUNNING,279,3486,3765,200.46,2699.72,true
1780853103532,1332478,step,3767,287,178,RUNNING,10,0,10,RUNNING,RUNNING,RUNNING,279,3487,3766,200.46,2700.94,true
1780853103904,1332850,step,3768,372,178,RUNNING,10,0,10,RUNNING,RUNNING,RUNNING,279,3488,3767,200.46,2700.94,true
1780853104140,1333086,step,3769,236,209,RUNNING,10,0,10,RUNNING,RUNNING,RUNNING,279,3489,3768,200.46,2700.94,true
1780853104444,1333390,step,3770,304,209,RUNNING,10,0,10,RUNNING,RUNNING,RUNNING,279,3490,3769,200.46,2702.22,true
1780853104680,1333626,step,3771,236,209,RUNNING,10,0,10,RUNNING,RUNNING,RUNNING,279,3491,3770,200.46,2702.22,true
1780853105001,1333947,step,3772,321,197,RUNNING,10,0,10,RUNNING,RUNNING,RUNNING,279,3492,3771,200.46,2702.22,true
1780853105339,1334285,step,3773,338,197,RUNNING,10,0,10,RUNNING,RUNNING,RUNNING,279,3493,3772,200.46,2702.22,true
1780853105575,1334521,step,3774,236,197,RUNNING,10,0,10,RUNNING,RUNNING,RUNNING,279,3494,3773,200.46,2703.51,true
1780853105829,1334775,step,3775,254,236,RUNNING,10,0,10,RUNNING,RUNNING,RUNNING,279,3495,3774,200.46,2703.51,true
1780853106149,1335095,step,3776,320,187,RUNNING,10,0,10,RUNNING,RUNNING,RUNNING,279,3496,3775,200.46,2703.51,true
1780853106471,1335417,step,3777,322,187,RUNNING,10,0,10,RUNNING,RUNNING,RUNNING,279,3497,3776,200.46,2704.77,true
1780853106758,1335704,step,3778,287,209,RUNNING,10,0,10,RUNNING,RUNNING,RUNNING,279,3498,3777,200.46,2704.77,true
1780853106993,1335939,step,3779,235,209,RUNNING,10,0,10,RUNNING,RUNNING,RUNNING,279,3499,3778,200.46,2704.77,true
1780853107347,1336293,step,3780,354,187,RUNNING,10,0,10,RUNNING,RUNNING,RUNNING,279,3500,3779,200.46,2704.77,true
1780853107791,1336737,step,3781,444,186,RUNNING,10,0,10,RUNNING,RUNNING,RUNNING,279,3501,3780,200.46,2705.99,true
1780853108242,1337188,step,3782,451,169,RUNNING,10,0,10,RUNNING,RUNNING,RUNNING,279,3502,3781,200.46,2705.99,true
1780853108800,1337746,step,3783,558,135,WALKING,9,1,10,RUNNING,RUNNING,RUNNING,279,3503,3782,200.46,2707.20,true
1780853109323,1338269,step,3784,523,133,WALKING,8,2,10,RUNNING,RUNNING,RUNNING,279,3504,3783,200.46,2707.20,true
1780853109560,1338506,step,3785,237,133,WALKING,7,3,10,RUNNING,RUNNING,RUNNING,279,3505,3784,200.46,2708.43,true
1780853109864,1338810,step,3786,304,133,WALKING,6,4,10,RUNNING,RUNNING,RUNNING,279,3506,3785,200.46,2708.43,true
1780853110438,1339384,step,3787,574,114,WALKING,5,5,10,RUNNING,RUNNING,RUNNING,279,3507,3786,200.46,2709.65,true
1780853110758,1339704,step,3788,320,187,RUNNING,5,5,10,RUNNING,RUNNING,RUNNING,279,3508,3787,200.46,2709.65,true
1780853111062,1340008,step,3789,304,197,RUNNING,5,5,10,RUNNING,RUNNING,RUNNING,279,3509,3788,200.46,2709.65,true
1780853111518,1340464,step,3790,456,187,RUNNING,5,5,10,RUNNING,RUNNING,RUNNING,279,3510,3789,200.46,2710.92,true
1780853111839,1340785,step,3791,321,186,RUNNING,5,5,10,RUNNING,RUNNING,RUNNING,279,3511,3790,200.46,2710.92,true
1780853112143,1341089,step,3792,304,187,RUNNING,5,5,10,RUNNING,RUNNING,RUNNING,279,3512,3791,200.46,2710.92,true
1780853112379,1341325,step,3793,236,197,RUNNING,6,4,10,RUNNING,RUNNING,RUNNING,279,3513,3792,200.46,2710.92,true
1780853112632,1341578,step,3794,253,197,RUNNING,7,3,10,RUNNING,RUNNING,RUNNING,279,3514,3793,200.46,2712.22,true
1780853112869,1341815,step,3795,237,237,RUNNING,8,2,10,RUNNING,RUNNING,RUNNING,279,3515,3794,200.46,2712.22,true
1780853113173,1342119,step,3796,304,237,RUNNING,9,1,10,RUNNING,RUNNING,RUNNING,279,3516,3795,200.46,2712.22,true
1780853113409,1342355,step,3797,236,253,RUNNING,10,0,10,RUNNING,RUNNING,RUNNING,279,3517,3796,200.46,2713.41,true
1780853113696,1342642,step,3798,287,237,RUNNING,10,0,10,RUNNING,RUNNING,RUNNING,279,3518,3797,200.46,2713.41,true
1780853114236,1343182,step,3799,540,209,RUNNING,10,0,10,RUNNING,RUNNING,RUNNING,279,3519,3798,200.46,2713.41,true
1780853114540,1343486,step,3800,304,197,RUNNING,10,0,10,RUNNING,RUNNING,RUNNING,279,3520,3799,200.46,2714.67,true
1780853114844,1343790,step,3801,304,197,RUNNING,10,0,10,RUNNING,RUNNING,RUNNING,279,3521,3800,200.46,2714.67,true
1780853115283,1344229,step,3802,439,197,RUNNING,10,0,10,RUNNING,RUNNING,RUNNING,279,3522,3801,200.46,2714.67,true
1780853115536,1344482,step,3803,253,197,RUNNING,10,0,10,RUNNING,RUNNING,RUNNING,279,3523,3802,200.46,2716.89,true
1780853115823,1344769,step,3804,287,197,RUNNING,10,0,10,RUNNING,RUNNING,RUNNING,279,3524,3803,200.46,2716.89,true
1780853116110,1345056,step,3805,287,209,RUNNING,10,0,10,RUNNING,RUNNING,RUNNING,279,3525,3804,200.46,2716.89,true
1780853116397,1345343,step,3806,287,209,RUNNING,10,0,10,RUNNING,RUNNING,RUNNING,279,3526,3805,200.46,2719.43,true
1780853116651,1345597,step,3807,254,209,RUNNING,10,0,10,RUNNING,RUNNING,RUNNING,279,3527,3806,200.46,2719.43,true
1780853116938,1345884,step,3808,287,209,RUNNING,10,0,10,RUNNING,RUNNING,RUNNING,279,3528,3807,200.46,2719.43,true
1780853117376,1346322,step,3809,438,209,RUNNING,10,0,10,RUNNING,RUNNING,RUNNING,279,3529,3808,200.46,2719.43,true
1780853117748,1346694,step,3810,372,209,RUNNING,10,0,10,RUNNING,RUNNING,RUNNING,279,3530,3809,200.46,2721.96,true
1780853118018,1346964,step,3811,270,209,RUNNING,10,0,10,RUNNING,RUNNING,RUNNING,279,3531,3810,200.46,2721.96,true
1780853118305,1347251,step,3812,287,209,RUNNING,10,0,10,RUNNING,RUNNING,RUNNING,279,3532,3811,200.46,2721.96,true
1780853118643,1347589,step,3813,338,177,RUNNING,10,0,10,RUNNING,RUNNING,RUNNING,279,3533,3812,200.46,2724.85,true
1780853118947,1347893,step,3814,304,197,RUNNING,10,0,10,RUNNING,RUNNING,RUNNING,279,3534,3813,200.46,2724.85,true
1780853119267,1348213,step,3815,320,197,RUNNING,10,0,10,RUNNING,RUNNING,RUNNING,279,3535,3814,200.46,2724.85,true
1780853119639,1348585,step,3816,372,187,RUNNING,10,0,10,RUNNING,RUNNING,RUNNING,279,3536,3815,200.46,2728.57,true
1780853119909,1348855,step,3817,270,187,RUNNING,10,0,10,RUNNING,RUNNING,RUNNING,279,3537,3816,200.46,2728.57,true
1780853120213,1349159,step,3818,304,197,RUNNING,10,0,10,RUNNING,RUNNING,RUNNING,279,3538,3817,200.46,2728.57,true
1780853120500,1349446,step,3819,287,197,RUNNING,10,0,10,RUNNING,RUNNING,RUNNING,279,3539,3818,200.46,2732.64,true
1780853120821,1349767,step,3820,321,197,RUNNING,10,0,10,RUNNING,RUNNING,RUNNING,279,3540,3819,200.46,2732.64,true
1780853121124,1350070,step,3821,303,198,RUNNING,10,0,10,RUNNING,RUNNING,RUNNING,279,3541,3820,200.46,2732.64,true
1780853121361,1350307,step,3822,237,198,RUNNING,10,0,10,RUNNING,RUNNING,RUNNING,279,3542,3821,200.46,2732.64,true
1780853121682,1350628,step,3823,321,198,RUNNING,10,0,10,RUNNING,RUNNING,RUNNING,279,3543,3822,200.46,2736.37,true
1780853121969,1350915,step,3824,287,198,RUNNING,10,0,10,RUNNING,RUNNING,RUNNING,279,3544,3823,200.46,2736.37,true
1780853122475,1351421,step,3825,506,198,RUNNING,10,0,10,RUNNING,RUNNING,RUNNING,279,3545,3824,200.46,2739.83,true
1780853122914,1351860,step,3826,439,186,RUNNING,10,0,10,RUNNING,RUNNING,RUNNING,279,3546,3825,200.46,2739.83,true
1780853123150,1352096,step,3827,236,186,RUNNING,10,0,10,RUNNING,RUNNING,RUNNING,279,3547,3826,200.46,2739.83,true
1780853123404,1352350,step,3828,254,209,RUNNING,10,0,10,RUNNING,RUNNING,RUNNING,279,3548,3827,200.46,2741.86,true
1780853123674,1352620,step,3829,270,222,RUNNING,10,0,10,RUNNING,RUNNING,RUNNING,279,3549,3828,200.46,2741.86,true
1780853124028,1352974,step,3830,354,222,RUNNING,10,0,10,RUNNING,RUNNING,RUNNING,279,3550,3829,200.46,2741.86,true
1780853124450,1353396,step,3831,422,222,RUNNING,10,0,10,RUNNING,RUNNING,RUNNING,279,3551,3830,200.46,2743.82,true
1780853124822,1353768,step,3832,372,169,RUNNING,10,0,10,RUNNING,RUNNING,RUNNING,279,3552,3831,200.46,2743.82,true
1780853125227,1354173,step,3833,405,161,RUNNING,10,0,10,RUNNING,RUNNING,RUNNING,279,3553,3832,200.46,2743.82,true
1780853125598,1354544,step,3834,371,161,RUNNING,10,0,10,RUNNING,RUNNING,RUNNING,279,3554,3833,200.46,2745.99,true
1780853125936,1354882,step,3835,338,161,RUNNING,10,0,10,RUNNING,RUNNING,RUNNING,279,3555,3834,200.46,2745.99,true
1780853126409,1355355,step,3836,473,161,RUNNING,10,0,10,RUNNING,RUNNING,RUNNING,279,3556,3835,200.46,2748.14,true
1780853126814,1355760,step,3837,405,148,WALKING,9,1,10,RUNNING,RUNNING,RUNNING,279,3557,3836,200.46,2748.14,true
1780853127219,1356165,step,3838,405,148,WALKING,8,2,10,RUNNING,RUNNING,RUNNING,279,3558,3837,200.46,2748.14,true
1780853127641,1356587,step,3839,422,148,WALKING,7,3,10,RUNNING,RUNNING,RUNNING,279,3559,3838,200.46,2750.45,true
1780853128029,1356975,step,3840,388,148,WALKING,6,4,10,RUNNING,RUNNING,RUNNING,279,3560,3839,200.46,2750.45,true
1780853128435,1357381,step,3841,406,148,WALKING,5,5,10,RUNNING,RUNNING,RUNNING,279,3561,3840,200.46,2752.77,true
1780853128806,1357752,switch,3842,371,148,WALKING,4,6,10,RUNNING,WALKING,RUNNING,279,3562,3841,200.46,2752.77,true
1780853128806,1357752,step,3842,371,148,WALKING,4,6,10,RUNNING,WALKING,WALKING,279,3562,3841,200.46,2752.77,true
1780853129245,1358191,step,3843,439,147,WALKING,3,7,10,WALKING,WALKING,WALKING,280,3562,3842,200.94,2752.77,true
1780853129600,1358546,step,3844,355,154,RUNNING,3,7,10,WALKING,WALKING,WALKING,281,3562,3843,203.81,2752.77,true
1780853130039,1358985,step,3845,439,147,WALKING,2,8,10,WALKING,WALKING,WALKING,282,3562,3844,203.81,2752.77,true
1780853130393,1359339,step,3846,354,161,RUNNING,2,8,10,WALKING,WALKING,WALKING,283,3562,3845,206.15,2752.77,true
1780853130815,1359761,step,3847,422,142,WALKING,2,8,10,WALKING,WALKING,WALKING,284,3562,3846,206.15,2752.77,true
1780853131187,1360133,step,3848,372,161,RUNNING,3,7,10,WALKING,WALKING,WALKING,285,3562,3847,206.15,2752.77,true
1780853131609,1360555,step,3849,422,142,WALKING,3,7,10,WALKING,WALKING,WALKING,286,3562,3848,208.57,2752.77,true
1780853131963,1360909,step,3850,354,161,RUNNING,4,6,10,WALKING,WALKING,WALKING,287,3562,3849,208.57,2752.77,true
1780853132385,1361331,step,3851,422,142,WALKING,4,6,10,WALKING,WALKING,WALKING,288,3562,3850,208.57,2752.77,true
1780853132757,1361703,step,3852,372,161,RUNNING,5,5,10,WALKING,WALKING,WALKING,289,3562,3851,211.05,2752.77,true
1780853133179,1362125,step,3853,422,142,WALKING,5,5,10,WALKING,WALKING,WALKING,290,3562,3852,211.05,2752.77,true
1780853133550,1362496,step,3854,371,161,RUNNING,5,5,10,WALKING,WALKING,WALKING,291,3562,3853,213.49,2752.77,true
1780853133786,1362732,step,3855,236,161,RUNNING,6,4,10,WALKING,WALKING,WALKING,292,3562,3854,213.49,2752.77,true
1780853134090,1363036,step,3856,304,161,RUNNING,6,4,10,WALKING,WALKING,WALKING,293,3562,3855,213.49,2752.77,true
1780853134344,1363290,step,3857,254,197,RUNNING,7,3,10,WALKING,WALKING,WALKING,294,3562,3856,213.49,2752.77,true
1780853134664,1363610,step,3858,320,197,RUNNING,7,3,10,WALKING,WALKING,WALKING,295,3562,3857,215.91,2752.77,true
1780853134901,1363847,switch,3859,237,236,RUNNING,8,2,10,WALKING,RUNNING,WALKING,296,3562,3858,215.91,2752.77,true
1780853134901,1363847,step,3859,237,236,RUNNING,8,2,10,WALKING,RUNNING,RUNNING,296,3562,3858,215.91,2752.77,true
1780853135154,1364100,step,3860,253,236,RUNNING,8,2,10,RUNNING,RUNNING,RUNNING,296,3563,3859,215.91,2753.60,true
1780853135542,1364488,step,3861,388,236,RUNNING,9,1,10,RUNNING,RUNNING,RUNNING,296,3564,3860,215.91,2756.84,true
1780853135897,1364843,step,3862,355,187,RUNNING,9,1,10,RUNNING,RUNNING,RUNNING,296,3565,3861,215.91,2756.84,true
1780853136319,1365265,step,3863,422,169,RUNNING,10,0,10,RUNNING,RUNNING,RUNNING,296,3566,3862,215.91,2756.84,true
1780853136690,1365636,step,3864,371,161,RUNNING,10,0,10,RUNNING,RUNNING,RUNNING,296,3567,3863,215.91,2759.29,true
1780853137095,1366041,step,3865,405,154,RUNNING,10,0,10,RUNNING,RUNNING,RUNNING,296,3568,3864,215.91,2759.29,true
1780853137450,1366396,step,3866,355,161,RUNNING,10,0,10,RUNNING,RUNNING,RUNNING,296,3569,3865,215.91,2761.49,true
1780853137754,1366700,step,3867,304,161,RUNNING,10,0,10,RUNNING,RUNNING,RUNNING,296,3570,3866,215.91,2761.49,true
1780853138260,1367206,step,3868,506,161,RUNNING,10,0,10,RUNNING,RUNNING,RUNNING,296,3571,3867,215.91,2761.49,true
1780853138497,1367443,step,3869,237,169,RUNNING,10,0,10,RUNNING,RUNNING,RUNNING,296,3572,3868,215.91,2763.69,true
1780853138800,1367746,step,3870,303,197,RUNNING,10,0,10,RUNNING,RUNNING,RUNNING,296,3573,3869,215.91,2763.69,true
1780853139071,1368017,step,3871,271,198,RUNNING,10,0,10,RUNNING,RUNNING,RUNNING,296,3574,3870,215.91,2763.69,true
1780853139476,1368422,step,3872,405,198,RUNNING,10,0,10,RUNNING,RUNNING,RUNNING,296,3575,3871,215.91,2765.82,true
1780853139864,1368810,step,3873,388,198,RUNNING,10,0,10,RUNNING,RUNNING,RUNNING,296,3576,3872,215.91,2765.82,true
1780853140286,1369232,step,3874,422,154,RUNNING,10,0,10,RUNNING,RUNNING,RUNNING,296,3577,3873,215.91,2765.82,true
1780853140658,1369604,step,3875,372,154,RUNNING,10,0,10,RUNNING,RUNNING,RUNNING,296,3578,3874,215.91,2767.93,true
1780853141080,1370026,step,3876,422,148,WALKING,9,1,10,RUNNING,RUNNING,RUNNING,296,3579,3875,215.91,2767.93,true
1780853141451,1370397,step,3877,371,154,RUNNING,9,1,10,RUNNING,RUNNING,RUNNING,296,3580,3876,215.91,2769.87,true
1780853141873,1370819,step,3878,422,142,WALKING,8,2,10,RUNNING,RUNNING,RUNNING,296,3581,3877,215.91,2769.87,true
1780853142244,1371190,step,3879,371,161,RUNNING,8,2,10,RUNNING,RUNNING,RUNNING,296,3582,3878,215.91,2769.87,true
1780853142582,1371528,step,3880,338,161,RUNNING,8,2,10,RUNNING,RUNNING,RUNNING,296,3583,3879,215.91,2771.74,true
1780853143038,1371984,step,3881,456,161,RUNNING,8,2,10,RUNNING,RUNNING,RUNNING,296,3584,3880,215.91,2771.74,true
1780853143443,1372389,step,3882,405,148,WALKING,7,3,10,RUNNING,RUNNING,RUNNING,296,3585,3881,215.91,2773.65,true
1780853143831,1372777,step,3883,388,154,RUNNING,7,3,10,RUNNING,RUNNING,RUNNING,296,3586,3882,215.91,2773.65,true
1780853144253,1373199,step,3884,422,148,WALKING,6,4,10,RUNNING,RUNNING,RUNNING,296,3587,3883,215.91,2773.65,true
1780853144625,1373571,step,3885,372,148,WALKING,5,5,10,RUNNING,RUNNING,RUNNING,296,3588,3884,215.91,2775.56,true
1780853145064,1374010,step,3886,439,148,WALKING,5,5,10,RUNNING,RUNNING,RUNNING,296,3589,3885,215.91,2775.56,true
1780853145452,1374398,step,3887,388,154,RUNNING,5,5,10,RUNNING,RUNNING,RUNNING,296,3590,3886,215.91,2777.41,true
1780853145874,1374820,step,3888,422,142,WALKING,5,5,10,RUNNING,RUNNING,RUNNING,296,3591,3887,215.91,2777.41,true
1780853146245,1375191,step,3889,371,154,RUNNING,5,5,10,RUNNING,RUNNING,RUNNING,296,3592,3888,215.91,2777.41,true
1780853146684,1375630,switch,3890,439,142,WALKING,4,6,10,RUNNING,WALKING,RUNNING,296,3593,3889,215.91,2779.28,true
1780853146684,1375630,step,3890,439,142,WALKING,4,6,10,RUNNING,WALKING,WALKING,296,3593,3889,215.91,2779.28,true
1780853147073,1376019,step,3891,389,154,RUNNING,4,6,10,WALKING,WALKING,WALKING,297,3593,3890,216.39,2779.28,true
1780853147495,1376441,step,3892,422,142,WALKING,4,6,10,WALKING,WALKING,WALKING,298,3593,3891,218.62,2779.28,true
1780853147883,1376829,step,3893,388,154,RUNNING,4,6,10,WALKING,WALKING,WALKING,299,3593,3892,218.62,2779.28,true
1780853148305,1377251,step,3894,422,142,WALKING,4,6,10,WALKING,WALKING,WALKING,300,3593,3893,218.62,2779.28,true
1780853148676,1377622,step,3895,371,154,RUNNING,5,5,10,WALKING,WALKING,WALKING,301,3593,3894,220.34,2779.28,true
1780853149099,1378045,step,3896,423,142,WALKING,5,5,10,WALKING,WALKING,WALKING,302,3593,3895,220.34,2779.28,true
1780853149402,1378348,step,3897,303,154,RUNNING,5,5,10,WALKING,WALKING,WALKING,303,3593,3896,220.34,2779.28,true
1780853149656,1378602,step,3898,254,161,RUNNING,6,4,10,WALKING,WALKING,WALKING,304,3593,3897,221.88,2779.28,true
1780853149892,1378838,step,3899,236,198,RUNNING,6,4,10,WALKING,WALKING,WALKING,305,3593,3898,221.88,2779.28,true
1780853150263,1379209,step,3900,371,198,RUNNING,7,3,10,WALKING,WALKING,WALKING,306,3593,3899,221.88,2779.28,true
1780853150685,1379631,step,3901,422,198,RUNNING,7,3,10,WALKING,WALKING,WALKING,307,3593,3900,223.40,2779.28,true
1780853151057,1380003,switch,3902,372,161,RUNNING,8,2,10,WALKING,RUNNING,WALKING,308,3593,3901,223.40,2779.28,true
1780853151057,1380003,step,3902,372,161,RUNNING,8,2,10,WALKING,RUNNING,RUNNING,308,3593,3901,223.40,2779.28,true
1780853151394,1380340,step,3903,337,161,RUNNING,8,2,10,RUNNING,RUNNING,RUNNING,308,3594,3902,223.40,2780.10,true
1780853151850,1380796,step,3904,456,161,RUNNING,9,1,10,RUNNING,RUNNING,RUNNING,308,3595,3903,223.40,2782.61,true
1780853152272,1381218,step,3905,422,142,WALKING,8,2,10,RUNNING,RUNNING,RUNNING,308,3596,3904,223.40,2782.61,true
1780853152661,1381607,step,3906,389,154,RUNNING,9,1,10,RUNNING,RUNNING,RUNNING,308,3597,3905,223.40,2784.26,true
1780853153083,1382029,step,3907,422,142,WALKING,8,2,10,RUNNING,RUNNING,RUNNING,308,3598,3906,223.40,2784.26,true
1780853153437,1382383,step,3908,354,142,WALKING,7,3,10,RUNNING,RUNNING,RUNNING,308,3599,3907,223.40,2786.03,true
1780853153876,1382822,step,3909,439,142,WALKING,6,4,10,RUNNING,RUNNING,RUNNING,308,3600,3908,223.40,2786.03,true
1780853154264,1383210,step,3910,388,154,RUNNING,6,4,10,RUNNING,RUNNING,RUNNING,308,3601,3909,223.40,2786.03,true
1780853154686,1383632,step,3911,422,142,WALKING,5,5,10,RUNNING,RUNNING,RUNNING,308,3602,3910,223.40,2787.97,true
1780853155058,1384004,step,3912,372,154,RUNNING,5,5,10,RUNNING,RUNNING,RUNNING,308,3603,3911,223.40,2787.97,true
1780853155480,1384426,switch,3913,422,142,WALKING,4,6,10,RUNNING,WALKING,RUNNING,308,3604,3912,223.40,2789.94,true
1780853155480,1384426,step,3913,422,142,WALKING,4,6,10,RUNNING,WALKING,WALKING,308,3604,3912,223.40,2789.94,true
1780853155868,1384814,step,3914,388,154,RUNNING,4,6,10,WALKING,WALKING,WALKING,309,3604,3913,223.87,2789.94,true
1780853156307,1385253,step,3915,439,142,WALKING,4,6,10,WALKING,WALKING,WALKING,310,3604,3914,224.34,2789.94,true
1780853156679,1385625,step,3916,372,154,RUNNING,4,6,10,WALKING,WALKING,WALKING,311,3604,3915,226.65,2789.94,true
1780853156915,1385861,step,3917,236,154,RUNNING,5,5,10,WALKING,WALKING,WALKING,312,3604,3916,226.65,2789.94,true
1780853157202,1386148,step,3918,287,161,RUNNING,6,4,10,WALKING,WALKING,WALKING,313,3604,3917,226.65,2789.94,true
1780853157506,1386452,step,3919,304,197,RUNNING,7,3,10,WALKING,WALKING,WALKING,314,3604,3918,228.49,2789.94,true
1780853157928,1386874,step,3920,422,197,RUNNING,7,3,10,WALKING,WALKING,WALKING,315,3604,3919,228.49,2789.94,true
1780853158316,1387262,switch,3921,388,197,RUNNING,8,2,10,WALKING,RUNNING,WALKING,316,3604,3920,228.49,2789.94,true
1780853158316,1387262,step,3921,388,197,RUNNING,8,2,10,WALKING,RUNNING,RUNNING,316,3604,3920,228.49,2789.94,true
1780853158738,1387684,step,3922,422,154,RUNNING,8,2,10,RUNNING,RUNNING,RUNNING,316,3605,3921,228.49,2792.79,true
1780853159109,1388055,step,3923,371,154,RUNNING,9,1,10,RUNNING,RUNNING,RUNNING,316,3606,3922,228.49,2792.79,true
1780853159515,1388461,step,3924,406,147,WALKING,8,2,10,RUNNING,RUNNING,RUNNING,316,3607,3923,228.49,2794.79,true
1780853159903,1388849,step,3925,388,154,RUNNING,9,1,10,RUNNING,RUNNING,RUNNING,316,3608,3924,228.49,2794.79,true
1780853160342,1389288,step,3926,439,147,WALKING,8,2,10,RUNNING,RUNNING,RUNNING,316,3609,3925,228.49,2794.79,true
1780853160696,1389642,step,3927,354,154,RUNNING,8,2,10,RUNNING,RUNNING,RUNNING,316,3610,3926,228.49,2796.70,true
1780853161135,1390081,step,3928,439,147,WALKING,7,3,10,RUNNING,RUNNING,RUNNING,316,3611,3927,228.49,2796.70,true
1780853161540,1390486,step,3929,405,148,WALKING,6,4,10,RUNNING,RUNNING,RUNNING,316,3612,3928,228.49,2798.65,true
1780853161962,1390908,step,3930,422,142,WALKING,5,5,10,RUNNING,RUNNING,RUNNING,316,3613,3929,228.49,2798.65,true
1780853162283,1391229,switch,3931,321,148,WALKING,4,6,10,RUNNING,WALKING,RUNNING,316,3614,3930,228.49,2798.65,true
1780853162283,1391229,step,3931,321,148,WALKING,4,6,10,RUNNING,WALKING,WALKING,316,3614,3930,228.49,2798.65,true
1780853162739,1391685,step,3932,456,142,WALKING,3,7,10,WALKING,WALKING,WALKING,317,3614,3931,230.96,2798.65,true
1780853163127,1392073,step,3933,388,148,WALKING,2,8,10,WALKING,WALKING,WALKING,318,3614,3932,230.96,2798.65,true
1780853163549,1392495,step,3934,422,142,WALKING,2,8,10,WALKING,WALKING,WALKING,319,3614,3933,233.02,2798.65,true
1780853163921,1392867,step,3935,372,154,RUNNING,2,8,10,WALKING,WALKING,WALKING,320,3614,3934,233.02,2798.65,true
1780853164292,1393238,step,3936,371,154,RUNNING,3,7,10,WALKING,WALKING,WALKING,321,3614,3935,233.02,2798.65,true
1780853164748,1393694,step,3937,456,154,RUNNING,3,7,10,WALKING,WALKING,WALKING,322,3614,3936,235.06,2798.65,true
1780853165187,1394133,step,3938,439,142,WALKING,3,7,10,WALKING,WALKING,WALKING,323,3614,3937,235.06,2798.65,true
1780853165541,1394487,step,3939,354,161,RUNNING,4,6,10,WALKING,WALKING,WALKING,324,3614,3938,237.06,2798.65,true
1780853165980,1394926,step,3940,439,136,WALKING,4,6,10,WALKING,WALKING,WALKING,325,3614,3939,237.06,2798.65,true
1780853166352,1395298,step,3941,372,136,WALKING,4,6,10,WALKING,WALKING,WALKING,326,3614,3940,237.06,2798.65,true
1780853166706,1395652,step,3942,354,161,RUNNING,5,5,10,WALKING,WALKING,WALKING,327,3614,3941,239.02,2798.65,true
1780853167145,1396091,step,3943,439,161,RUNNING,6,4,10,WALKING,WALKING,WALKING,328,3614,3942,239.02,2798.65,true
1780853167567,1396513,step,3944,422,142,WALKING,6,4,10,WALKING,WALKING,WALKING,329,3614,3943,240.96,2798.65,true
1780853167955,1396901,step,3945,388,154,RUNNING,6,4,10,WALKING,WALKING,WALKING,330,3614,3944,240.96,2798.65,true
1780853168377,1397323,step,3946,422,142,WALKING,5,5,10,WALKING,WALKING,WALKING,331,3614,3945,240.96,2798.65,true
1780853168749,1397695,step,3947,372,142,WALKING,4,6,10,WALKING,WALKING,WALKING,332,3614,3946,242.93,2798.65,true
1780853169188,1398134,step,3948,439,142,WALKING,4,6,10,WALKING,WALKING,WALKING,333,3614,3947,242.93,2798.65,true
1780853169525,1398471,step,3949,337,154,RUNNING,4,6,10,WALKING,WALKING,WALKING,334,3614,3948,244.95,2798.65,true
1780853169964,1398910,step,3950,439,142,WALKING,4,6,10,WALKING,WALKING,WALKING,335,3614,3949,244.95,2798.65,true
1780853170336,1399282,step,3951,372,161,RUNNING,5,5,10,WALKING,WALKING,WALKING,336,3614,3950,244.95,2798.65,true
1780853170758,1399704,step,3952,422,142,WALKING,4,6,10,WALKING,WALKING,WALKING,337,3614,3951,247.01,2798.65,true
1780853171129,1400075,step,3953,371,161,RUNNING,4,6,10,WALKING,WALKING,WALKING,338,3614,3952,247.01,2798.65,true
1780853171551,1400497,step,3954,422,142,WALKING,4,6,10,WALKING,WALKING,WALKING,339,3614,3953,249.06,2798.65,true
1780853171923,1400869,step,3955,372,161,RUNNING,4,6,10,WALKING,WALKING,WALKING,340,3614,3954,249.06,2798.65,true
1780853172345,1401291,step,3956,422,142,WALKING,4,6,10,WALKING,WALKING,WALKING,341,3614,3955,249.06,2798.65,true
1780853172716,1401662,step,3957,371,161,RUNNING,5,5,10,WALKING,WALKING,WALKING,342,3614,3956,251.15,2798.65,true
1780853173138,1402084,step,3958,422,142,WALKING,5,5,10,WALKING,WALKING,WALKING,343,3614,3957,251.15,2798.65,true
1780853173493,1402439,step,3959,355,161,RUNNING,5,5,10,WALKING,WALKING,WALKING,344,3614,3958,253.29,2798.65,true
1780853173915,1402861,step,3960,422,142,WALKING,5,5,10,WALKING,WALKING,WALKING,345,3614,3959,253.29,2798.65,true
1780853174286,1403232,step,3961,371,161,RUNNING,5,5,10,WALKING,WALKING,WALKING,346,3614,3960,253.29,2798.65,true
1780853174590,1403536,step,3962,304,161,RUNNING,6,4,10,WALKING,WALKING,WALKING,347,3614,3961,255.41,2798.65,true
1780853175096,1404042,step,3963,506,161,RUNNING,6,4,10,WALKING,WALKING,WALKING,348,3614,3962,255.41,2798.65,true
1780853175535,1404481,step,3964,439,142,WALKING,6,4,10,WALKING,WALKING,WALKING,349,3614,3963,257.57,2798.65,true
1780853175907,1404853,step,3965,372,161,RUNNING,6,4,10,WALKING,WALKING,WALKING,350,3614,3964,257.57,2798.65,true
1780853176362,1405308,step,3966,455,136,WALKING,6,4,10,WALKING,WALKING,WALKING,351,3614,3965,257.57,2798.65,true
1780853176717,1405663,step,3967,355,136,WALKING,5,5,10,WALKING,WALKING,WALKING,352,3614,3966,259.77,2798.65,true
1780853177156,1406102,step,3968,439,136,WALKING,5,5,10,WALKING,WALKING,WALKING,353,3614,3967,259.77,2798.65,true
1780853177527,1406473,step,3969,371,161,RUNNING,5,5,10,WALKING,WALKING,WALKING,354,3614,3968,261.94,2798.65,true
1780853177949,1406895,step,3970,422,142,WALKING,5,5,10,WALKING,WALKING,WALKING,355,3614,3969,261.94,2798.65,true
1780853178321,1407267,step,3971,372,161,RUNNING,5,5,10,WALKING,WALKING,WALKING,356,3614,3970,261.94,2798.65,true
1780853178726,1407672,step,3972,405,148,WALKING,4,6,10,WALKING,WALKING,WALKING,357,3614,3971,264.03,2798.65,true
1780853179114,1408060,step,3973,388,154,RUNNING,4,6,10,WALKING,WALKING,WALKING,358,3614,3972,264.03,2798.65,true
1780853179519,1408465,step,3974,405,148,WALKING,4,6,10,WALKING,WALKING,WALKING,359,3614,3973,266.11,2798.65,true
1780853179924,1408870,step,3975,405,148,WALKING,3,7,10,WALKING,WALKING,WALKING,360,3614,3974,266.11,2798.65,true
1780853180262,1409208,step,3976,338,148,WALKING,3,7,10,WALKING,WALKING,WALKING,361,3614,3975,266.11,2798.65,true
1780853180701,1409647,step,3977,439,148,WALKING,3,7,10,WALKING,WALKING,WALKING,362,3614,3976,268.18,2798.65,true
1780853181005,1409951,step,3978,304,148,WALKING,3,7,10,WALKING,WALKING,WALKING,363,3614,3977,268.18,2798.65,true
1780853181275,1410221,step,3979,270,177,RUNNING,3,7,10,WALKING,WALKING,WALKING,364,3614,3978,268.18,2798.65,true
1780853181629,1410575,step,3980,354,177,RUNNING,4,6,10,WALKING,WALKING,WALKING,365,3614,3979,270.25,2798.65,true
1780853181933,1410879,step,3981,304,197,RUNNING,4,6,10,WALKING,WALKING,WALKING,366,3614,3980,270.25,2798.65,true
1780853182322,1411268,step,3982,389,197,RUNNING,5,5,10,WALKING,WALKING,WALKING,367,3614,3981,270.25,2798.65,true
1780853182744,1411690,step,3983,422,169,RUNNING,5,5,10,WALKING,WALKING,WALKING,368,3614,3982,272.42,2798.65,true
1780853183132,1412078,step,3984,388,154,RUNNING,6,4,10,WALKING,WALKING,WALKING,369,3614,3983,272.42,2798.65,true
1780853183571,1412517,step,3985,439,154,RUNNING,7,3,10,WALKING,WALKING,WALKING,370,3614,3984,274.58,2798.65,true
1780853183942,1412888,switch,3986,371,154,RUNNING,8,2,10,WALKING,RUNNING,WALKING,371,3614,3985,274.58,2798.65,true
1780853183942,1412888,step,3986,371,154,RUNNING,8,2,10,WALKING,RUNNING,RUNNING,371,3614,3985,274.58,2798.65,true
1780853184364,1413310,step,3987,422,142,WALKING,8,2,10,RUNNING,RUNNING,RUNNING,371,3615,3986,274.58,2799.47,true
1780853184753,1413699,step,3988,389,154,RUNNING,9,1,10,RUNNING,RUNNING,RUNNING,371,3616,3987,274.58,2802.51,true
1780853185175,1414121,step,3989,422,142,WALKING,8,2,10,RUNNING,RUNNING,RUNNING,371,3617,3988,274.58,2802.51,true
1780853185546,1414492,step,3990,371,154,RUNNING,8,2,10,RUNNING,RUNNING,RUNNING,371,3618,3989,274.58,2804.68,true
1780853185985,1414931,step,3991,439,142,WALKING,7,3,10,RUNNING,RUNNING,RUNNING,371,3619,3990,274.58,2804.68,true
1780853186356,1415302,step,3992,371,154,RUNNING,7,3,10,RUNNING,RUNNING,RUNNING,371,3620,3991,274.58,2804.68,true
1780853186795,1415741,step,3993,439,142,WALKING,6,4,10,RUNNING,RUNNING,RUNNING,371,3621,3992,274.58,2806.89,true
1780853187167,1416113,step,3994,372,161,RUNNING,6,4,10,RUNNING,RUNNING,RUNNING,371,3622,3993,274.58,2806.89,true
1780853187622,1416568,step,3995,455,136,WALKING,5,5,10,RUNNING,RUNNING,RUNNING,371,3623,3994,274.58,2809.04,true
1780853187994,1416940,step,3996,372,161,RUNNING,5,5,10,RUNNING,RUNNING,RUNNING,371,3624,3995,274.58,2809.04,true
1780853188365,1417311,step,3997,371,161,RUNNING,6,4,10,RUNNING,RUNNING,RUNNING,371,3625,3996,274.58,2809.04,true
1780853188669,1417615,step,3998,304,161,RUNNING,6,4,10,RUNNING,RUNNING,RUNNING,371,3626,3997,274.58,2811.25,true
1780853188956,1417902,step,3999,287,161,RUNNING,7,3,10,RUNNING,RUNNING,RUNNING,371,3627,3998,274.58,2811.25,true
1780853189260,1418206,step,4000,304,197,RUNNING,7,3,10,RUNNING,RUNNING,RUNNING,371,3628,3999,274.58,2811.25,true
1780853189614,1418560,step,4001,354,197,RUNNING,8,2,10,RUNNING,RUNNING,RUNNING,371,3629,4000,274.58,2813.34,true
1780853189851,1418797,step,4002,237,197,RUNNING,8,2,10,RUNNING,RUNNING,RUNNING,371,3630,4001,274.58,2813.34,true
1780853190205,1419151,step,4003,354,197,RUNNING,9,1,10,RUNNING,RUNNING,RUNNING,371,3631,4002,274.58,2813.34,true
1780853190543,1419489,step,4004,338,177,RUNNING,9,1,10,RUNNING,RUNNING,RUNNING,371,3632,4003,274.58,2815.30,true
1780853190796,1419742,step,4005,253,177,RUNNING,10,0,10,RUNNING,RUNNING,RUNNING,371,3633,4004,274.58,2815.30,true
1780853191049,1419995,step,4006,253,237,RUNNING,10,0,10,RUNNING,RUNNING,RUNNING,371,3634,4005,274.58,2815.30,true
1780853191370,1420316,step,4007,321,186,RUNNING,10,0,10,RUNNING,RUNNING,RUNNING,371,3635,4006,274.58,2815.30,true
1780853191688,1420634,step,4008,318,188,RUNNING,10,0,10,RUNNING,RUNNING,RUNNING,371,3636,4007,274.58,2817.12,true
1780853191965,1420911,step,4009,277,216,RUNNING,10,0,10,RUNNING,RUNNING,RUNNING,371,3637,4008,274.58,2817.12,true
1780853192240,1421186,step,4010,275,216,RUNNING,10,0,10,RUNNING,RUNNING,RUNNING,371,3638,4009,274.58,2817.12,true
1780853192578,1421524,step,4011,338,188,RUNNING,10,0,10,RUNNING,RUNNING,RUNNING,371,3639,4010,274.58,2818.97,true
1780853192874,1421820,step,4012,296,202,RUNNING,10,0,10,RUNNING,RUNNING,RUNNING,371,3640,4011,274.58,2818.97,true
1780853193139,1422085,step,4013,265,216,RUNNING,10,0,10,RUNNING,RUNNING,RUNNING,371,3641,4012,274.58,2818.97,true
1780853193442,1422388,step,4014,303,202,RUNNING,10,0,10,RUNNING,RUNNING,RUNNING,371,3642,4013,274.58,2820.82,true
1780853193763,1422709,step,4015,321,198,RUNNING,10,0,10,RUNNING,RUNNING,RUNNING,371,3643,4014,274.58,2820.82,true
1780853194016,1422962,step,4016,253,202,RUNNING,10,0,10,RUNNING,RUNNING,RUNNING,371,3644,4015,274.58,2820.82,true
1780853194472,1423418,step,4017,456,198,RUNNING,10,0,10,RUNNING,RUNNING,RUNNING,371,3645,4016,274.58,2822.48,true
1780853194894,1423840,step,4018,422,186,RUNNING,10,0,10,RUNNING,RUNNING,RUNNING,371,3646,4017,274.58,2822.48,true
1780853195265,1424211,step,4019,371,161,RUNNING,10,0,10,RUNNING,RUNNING,RUNNING,371,3647,4018,274.58,2822.48,true
1780853195687,1424633,step,4020,422,142,WALKING,9,1,10,RUNNING,RUNNING,RUNNING,371,3648,4019,274.58,2824.06,true
1780853196059,1425005,step,4021,372,142,WALKING,8,2,10,RUNNING,RUNNING,RUNNING,371,3649,4020,274.58,2824.06,true
1780853196481,1425427,step,4022,422,142,WALKING,7,3,10,RUNNING,RUNNING,RUNNING,371,3650,4021,274.58,2825.75,true
1780853196852,1425798,step,4023,371,161,RUNNING,7,3,10,RUNNING,RUNNING,RUNNING,371,3651,4022,274.58,2825.75,true
1780853197274,1426220,step,4024,422,142,WALKING,6,4,10,RUNNING,RUNNING,RUNNING,371,3652,4023,274.58,2825.75,true
1780853197663,1426609,step,4025,389,154,RUNNING,6,4,10,RUNNING,RUNNING,RUNNING,371,3653,4024,274.58,2827.56,true
1780853198085,1427031,step,4026,422,142,WALKING,5,5,10,RUNNING,RUNNING,RUNNING,371,3654,4025,274.58,2827.56,true
1780853198473,1427419,step,4027,388,154,RUNNING,5,5,10,RUNNING,RUNNING,RUNNING,371,3655,4026,274.58,2829.49,true
1780853198895,1427841,switch,4028,422,142,WALKING,4,6,10,RUNNING,WALKING,RUNNING,371,3656,4027,274.58,2829.49,true
1780853198895,1427841,step,4028,422,142,WALKING,4,6,10,RUNNING,WALKING,WALKING,371,3656,4027,274.58,2829.49,true
1780853199266,1428212,step,4029,371,154,RUNNING,4,6,10,WALKING,WALKING,WALKING,372,3656,4028,275.05,2829.49,true
1780853199688,1428634,step,4030,422,142,WALKING,4,6,10,WALKING,WALKING,WALKING,373,3656,4029,277.53,2829.49,true
1780853199959,1428905,step,4031,271,154,RUNNING,5,5,10,WALKING,WALKING,WALKING,374,3656,4030,277.53,2829.49,true
1780853200313,1429259,step,4032,354,161,RUNNING,6,4,10,WALKING,WALKING,WALKING,375,3656,4031,277.53,2829.49,true
1780853200600,1429546,step,4033,287,169,RUNNING,6,4,10,WALKING,WALKING,WALKING,376,3656,4032,279.58,2829.49,true
1780853200870,1429816,step,4034,270,209,RUNNING,7,3,10,WALKING,WALKING,WALKING,377,3656,4033,279.58,2829.49,true
1780853201292,1430238,step,4035,422,209,RUNNING,7,3,10,WALKING,WALKING,WALKING,378,3656,4034,279.58,2829.49,true
1780853201579,1430525,switch,4036,287,209,RUNNING,8,2,10,WALKING,RUNNING,WALKING,379,3656,4035,281.64,2829.49,true
1780853201579,1430525,step,4036,287,209,RUNNING,8,2,10,WALKING,RUNNING,RUNNING,379,3656,4035,281.64,2829.49,true
1780853202086,1431032,step,4037,507,209,RUNNING,8,2,10,RUNNING,RUNNING,RUNNING,379,3657,4036,281.64,2830.31,true
1780853202474,1431420,step,4038,388,154,RUNNING,9,1,10,RUNNING,RUNNING,RUNNING,379,3658,4037,281.64,2833.23,true
1780853202879,1431825,step,4039,405,148,WALKING,8,2,10,RUNNING,RUNNING,RUNNING,379,3659,4038,281.64,2833.23,true
1780853203267,1432213,step,4040,388,154,RUNNING,9,1,10,RUNNING,RUNNING,RUNNING,379,3660,4039,281.64,2833.23,true
1780853203538,1432484,step,4041,271,154,RUNNING,9,1,10,RUNNING,RUNNING,RUNNING,379,3661,4040,281.64,2835.33,true
1780853203774,1432720,step,4042,236,154,RUNNING,9,1,10,RUNNING,RUNNING,RUNNING,379,3662,4041,281.64,2835.33,true
1780853204061,1433007,step,4043,287,209,RUNNING,9,1,10,RUNNING,RUNNING,RUNNING,379,3663,4042,281.64,2835.33,true
1780853204433,1433379,step,4044,372,209,RUNNING,9,1,10,RUNNING,RUNNING,RUNNING,379,3664,4043,281.64,2837.50,true
1780853204888,1433834,step,4045,455,209,RUNNING,9,1,10,RUNNING,RUNNING,RUNNING,379,3665,4044,281.64,2837.50,true
1780853205310,1434256,step,4046,422,161,RUNNING,9,1,10,RUNNING,RUNNING,RUNNING,379,3666,4045,281.64,2837.50,true
1780853205682,1434628,step,4047,372,161,RUNNING,9,1,10,RUNNING,RUNNING,RUNNING,379,3667,4046,281.64,2839.65,true
1780853206104,1435050,step,4048,422,142,WALKING,8,2,10,RUNNING,RUNNING,RUNNING,379,3668,4047,281.64,2839.65,true
1780853206492,1435438,step,4049,388,142,WALKING,8,2,10,RUNNING,RUNNING,RUNNING,379,3669,4048,281.64,2841.56,true
1780853206830,1435776,step,4050,338,154,RUNNING,8,2,10,RUNNING,RUNNING,RUNNING,379,3670,4049,281.64,2841.56,true
1780853207285,1436231,step,4051,455,154,RUNNING,8,2,10,RUNNING,RUNNING,RUNNING,379,3671,4050,281.64,2841.56,true
1780853207623,1436569,step,4052,338,154,RUNNING,8,2,10,RUNNING,RUNNING,RUNNING,379,3672,4051,281.64,2843.59,true
1780853208079,1437025,step,4053,456,154,RUNNING,8,2,10,RUNNING,RUNNING,RUNNING,379,3673,4052,281.64,2843.59,true
1780853208501,1437447,step,4054,422,142,WALKING,7,3,10,RUNNING,RUNNING,RUNNING,379,3674,4053,281.64,2845.68,true
1780853208889,1437835,step,4055,388,142,WALKING,6,4,10,RUNNING,RUNNING,RUNNING,379,3675,4054,281.64,2845.68,true
1780853209311,1438257,step,4056,422,142,WALKING,5,5,10,RUNNING,RUNNING,RUNNING,379,3676,4055,281.64,2845.68,true
1780853209700,1438646,switch,4057,389,142,WALKING,4,6,10,RUNNING,WALKING,RUNNING,379,3677,4056,281.64,2847.87,true
1780853209700,1438646,step,4057,389,142,WALKING,4,6,10,RUNNING,WALKING,WALKING,379,3677,4056,281.64,2847.87,true
1780853210138,1439084,step,4058,438,142,WALKING,4,6,10,WALKING,WALKING,WALKING,380,3677,4057,282.12,2847.87,true
1780853210510,1439456,step,4059,372,154,RUNNING,5,5,10,WALKING,WALKING,WALKING,381,3677,4058,284.79,2847.87,true
1780853210932,1439878,step,4060,422,142,WALKING,4,6,10,WALKING,WALKING,WALKING,382,3677,4059,284.79,2847.87,true
1780853211303,1440249,step,4061,371,154,RUNNING,4,6,10,WALKING,WALKING,WALKING,383,3677,4060,284.79,2847.87,true
1780853211725,1440671,step,4062,422,142,WALKING,3,7,10,WALKING,WALKING,WALKING,384,3677,4061,287.25,2847.87,true
1780853212080,1441026,step,4063,355,161,RUNNING,3,7,10,WALKING,WALKING,WALKING,385,3677,4062,287.25,2847.87,true
1780853212519,1441465,step,4064,439,142,WALKING,3,7,10,WALKING,WALKING,WALKING,386,3677,4063,289.73,2847.87,true
1780853212890,1441836,step,4065,371,161,RUNNING,4,6,10,WALKING,WALKING,WALKING,387,3677,4064,289.73,2847.87,true
1780853213329,1442275,step,4066,439,142,WALKING,4,6,10,WALKING,WALKING,WALKING,388,3677,4065,289.73,2847.87,true
1780853213684,1442630,step,4067,355,161,RUNNING,5,5,10,WALKING,WALKING,WALKING,389,3677,4066,291.89,2847.87,true
1780853214106,1443052,step,4068,422,142,WALKING,5,5,10,WALKING,WALKING,WALKING,390,3677,4067,291.89,2847.87,true
1780853214477,1443423,step,4069,371,161,RUNNING,5,5,10,WALKING,WALKING,WALKING,391,3677,4068,294.26,2847.87,true
1780853214916,1443862,step,4070,439,142,WALKING,5,5,10,WALKING,WALKING,WALKING,392,3677,4069,294.26,2847.87,true
1780853215287,1444233,step,4071,371,161,RUNNING,5,5,10,WALKING,WALKING,WALKING,393,3677,4070,294.26,2847.87,true
1780853215710,1444656,step,4072,423,142,WALKING,5,5,10,WALKING,WALKING,WALKING,394,3677,4071,296.68,2847.87,true
1780853216047,1444993,step,4073,337,161,RUNNING,5,5,10,WALKING,WALKING,WALKING,395,3677,4072,296.68,2847.87,true
1780853216520,1445466,step,4074,473,141,WALKING,5,5,10,WALKING,WALKING,WALKING,396,3677,4073,298.94,2847.87,true
1780853216891,1445837,step,4075,371,161,RUNNING,5,5,10,WALKING,WALKING,WALKING,397,3677,4074,298.94,2847.87,true
1780853217246,1446192,step,4076,355,161,RUNNING,6,4,10,WALKING,WALKING,WALKING,398,3677,4075,298.94,2847.87,true
1780853217685,1446631,step,4077,439,161,RUNNING,6,4,10,WALKING,WALKING,WALKING,399,3677,4076,301.17,2847.87,true
1780853218039,1446985,step,4078,354,161,RUNNING,7,3,10,WALKING,WALKING,WALKING,400,3677,4077,301.17,2847.87,true
1780853218461,1447407,step,4079,422,161,RUNNING,7,3,10,WALKING,WALKING,WALKING,401,3677,4078,303.32,2847.87,true
1780853218883,1447829,step,4080,422,142,WALKING,7,3,10,WALKING,WALKING,WALKING,402,3677,4079,303.32,2847.87,true
1780853219255,1448201,step,4081,372,142,WALKING,6,4,10,WALKING,WALKING,WALKING,403,3677,4080,303.32,2847.87,true
1780853219677,1448623,step,4082,422,142,WALKING,6,4,10,WALKING,WALKING,WALKING,404,3677,4081,305.79,2847.87,true
1780853219930,1448876,step,4083,253,142,WALKING,5,5,10,WALKING,WALKING,WALKING,405,3677,4082,305.79,2847.87,true
1780853220166,1449112,step,4084,236,161,RUNNING,6,4,10,WALKING,WALKING,WALKING,406,3677,4083,305.79,2847.87,true
1780853220453,1449399,step,4085,287,209,RUNNING,6,4,10,WALKING,WALKING,WALKING,407,3677,4084,308.08,2847.87,true
1780853220825,1449771,step,4086,372,209,RUNNING,6,4,10,WALKING,WALKING,WALKING,408,3677,4085,308.08,2847.87,true
1780853221230,1450176,step,4087,405,209,RUNNING,6,4,10,WALKING,WALKING,WALKING,409,3677,4086,308.08,2847.87,true
1780853221618,1450564,step,4088,388,161,RUNNING,6,4,10,WALKING,WALKING,WALKING,410,3677,4087,310.05,2847.87,true
1780853221956,1450902,step,4089,338,161,RUNNING,6,4,10,WALKING,WALKING,WALKING,411,3677,4088,310.05,2847.87,true
1780853222395,1451341,step,4090,439,154,RUNNING,7,3,10,WALKING,WALKING,WALKING,412,3677,4089,312.47,2847.87,true
1780853222800,1451746,step,4091,405,148,WALKING,7,3,10,WALKING,WALKING,WALKING,413,3677,4090,312.47,2847.87,true
1780853223188,1452134,switch,4092,388,154,RUNNING,8,2,10,WALKING,RUNNING,WALKING,414,3677,4091,312.47,2847.87,true
1780853223188,1452134,step,4092,388,154,RUNNING,8,2,10,WALKING,RUNNING,RUNNING,414,3677,4091,312.47,2847.87,true
1780853223593,1452539,step,4093,405,148,WALKING,8,2,10,RUNNING,RUNNING,RUNNING,414,3678,4092,312.47,2851.47,true
1780853223965,1452911,step,4094,372,148,WALKING,7,3,10,RUNNING,RUNNING,RUNNING,414,3679,4093,312.47,2851.47,true
1780853224235,1453181,step,4095,270,154,RUNNING,7,3,10,RUNNING,RUNNING,RUNNING,414,3680,4094,312.47,2851.47,true
1780853224556,1453502,step,4096,321,161,RUNNING,7,3,10,RUNNING,RUNNING,RUNNING,414,3681,4095,312.47,2854.33,true
1780853224859,1453805,step,4097,303,186,RUNNING,7,3,10,RUNNING,RUNNING,RUNNING,414,3682,4096,312.47,2854.33,true
1780853225163,1454109,step,4098,304,197,RUNNING,7,3,10,RUNNING,RUNNING,RUNNING,414,3683,4097,312.47,2854.33,true
1780853225535,1454481,step,4099,372,197,RUNNING,7,3,10,RUNNING,RUNNING,RUNNING,414,3684,4098,312.47,2857.10,true
1780853225940,1454886,step,4100,405,186,RUNNING,7,3,10,RUNNING,RUNNING,RUNNING,414,3685,4099,312.47,2857.10,true
1780853226311,1455257,step,4101,371,161,RUNNING,8,2,10,RUNNING,RUNNING,RUNNING,414,3686,4100,312.47,2857.10,true
1780853226716,1455662,step,4102,405,161,RUNNING,8,2,10,RUNNING,RUNNING,RUNNING,414,3687,4101,312.47,2859.36,true
1780853227088,1456034,step,4103,372,161,RUNNING,9,1,10,RUNNING,RUNNING,RUNNING,414,3688,4102,312.47,2859.36,true
1780853227358,1456304,step,4104,270,161,RUNNING,10,0,10,RUNNING,RUNNING,RUNNING,414,3689,4103,312.47,2859.36,true
1780853227611,1456557,step,4105,253,161,RUNNING,10,0,10,RUNNING,RUNNING,RUNNING,414,3690,4104,312.47,2861.63,true
1780853227881,1456827,step,4106,270,222,RUNNING,10,0,10,RUNNING,RUNNING,RUNNING,414,3691,4105,312.47,2861.63,true
1780853228185,1457131,step,4107,304,222,RUNNING,10,0,10,RUNNING,RUNNING,RUNNING,414,3692,4106,312.47,2861.63,true
1780853228421,1457367,step,4108,236,222,RUNNING,10,0,10,RUNNING,RUNNING,RUNNING,414,3693,4107,312.47,2864.05,true
1780853228708,1457654,step,4109,287,222,RUNNING,10,0,10,RUNNING,RUNNING,RUNNING,414,3694,4108,312.47,2864.05,true
1780853229029,1457975,step,4110,321,209,RUNNING,10,0,10,RUNNING,RUNNING,RUNNING,414,3695,4109,312.47,2864.05,true
1780853229485,1458431,step,4111,456,197,RUNNING,10,0,10,RUNNING,RUNNING,RUNNING,414,3696,4110,312.47,2866.75,true
1780853229873,1458819,step,4112,388,186,RUNNING,10,0,10,RUNNING,RUNNING,RUNNING,414,3697,4111,312.47,2866.75,true
1780853230262,1459208,step,4113,389,154,RUNNING,10,0,10,RUNNING,RUNNING,RUNNING,414,3698,4112,312.47,2866.75,true
1780853230650,1459596,step,4114,388,154,RUNNING,10,0,10,RUNNING,RUNNING,RUNNING,414,3699,4113,312.47,2869.59,true
1780853231055,1460001,step,4115,405,154,RUNNING,10,0,10,RUNNING,RUNNING,RUNNING,414,3700,4114,312.47,2869.59,true
1780853231308,1460254,step,4116,253,154,RUNNING,10,0,10,RUNNING,RUNNING,RUNNING,414,3701,4115,312.47,2869.59,true
1780853231595,1460541,step,4117,287,154,RUNNING,10,0,10,RUNNING,RUNNING,RUNNING,414,3702,4116,312.47,2872.39,true
1780853231865,1460811,step,4118,270,209,RUNNING,10,0,10,RUNNING,RUNNING,RUNNING,414,3703,4117,312.47,2872.39,true
1780853232152,1461098,step,4119,287,209,RUNNING,10,0,10,RUNNING,RUNNING,RUNNING,414,3704,4118,312.47,2872.39,true
1780853232389,1461335,step,4120,237,222,RUNNING,10,0,10,RUNNING,RUNNING,RUNNING,414,3705,4119,312.47,2872.39,true
1780853232626,1461572,step,4121,237,222,RUNNING,10,0,10,RUNNING,RUNNING,RUNNING,414,3706,4120,312.47,2875.12,true
1780853232947,1461893,step,4122,321,222,RUNNING,10,0,10,RUNNING,RUNNING,RUNNING,414,3707,4121,312.47,2875.12,true
1780853233204,1462150,step,4123,257,233,RUNNING,10,0,10,RUNNING,RUNNING,RUNNING,414,3708,4122,312.47,2875.12,true
1780853233437,1462383,step,4124,233,253,RUNNING,10,0,10,RUNNING,RUNNING,RUNNING,414,3709,4123,312.47,2877.78,true
1780853233792,1462738,step,4125,355,233,RUNNING,10,0,10,RUNNING,RUNNING,RUNNING,414,3710,4124,312.47,2877.78,true
1780853234112,1463058,step,4126,320,187,RUNNING,10,0,10,RUNNING,RUNNING,RUNNING,414,3711,4125,312.47,2877.78,true
1780853234383,1463329,step,4127,271,221,RUNNING,10,0,10,RUNNING,RUNNING,RUNNING,414,3712,4126,312.47,2877.78,true
1780853234619,1463565,step,4128,236,221,RUNNING,10,0,10,RUNNING,RUNNING,RUNNING,414,3713,4127,312.47,2879.96,true
1780853234889,1463835,step,4129,270,221,RUNNING,10,0,10,RUNNING,RUNNING,RUNNING,414,3714,4128,312.47,2879.96,true
1780853235159,1464105,step,4130,270,222,RUNNING,10,0,10,RUNNING,RUNNING,RUNNING,414,3715,4129,312.47,2879.96,true
1780853235396,1464342,step,4131,237,222,RUNNING,10,0,10,RUNNING,RUNNING,RUNNING,414,3716,4130,312.47,2881.86,true
1780853235801,1464747,step,4132,405,222,RUNNING,10,0,10,RUNNING,RUNNING,RUNNING,414,3717,4131,312.47,2881.86,true
1780853236054,1465000,step,4133,253,222,RUNNING,10,0,10,RUNNING,RUNNING,RUNNING,414,3718,4132,312.47,2881.86,true
1780853236290,1465236,step,4134,236,237,RUNNING,10,0,10,RUNNING,RUNNING,RUNNING,414,3719,4133,312.47,2881.86,true
1780853236577,1465523,step,4135,287,237,RUNNING,10,0,10,RUNNING,RUNNING,RUNNING,414,3720,4134,312.47,2883.76,true
1780853236847,1465793,step,4136,270,222,RUNNING,10,0,10,RUNNING,RUNNING,RUNNING,414,3721,4135,312.47,2883.76,true
1780853237151,1466097,step,4137,304,222,RUNNING,10,0,10,RUNNING,RUNNING,RUNNING,414,3722,4136,312.47,2883.76,true
1780853237421,1466367,step,4138,270,222,RUNNING,10,0,10,RUNNING,RUNNING,RUNNING,414,3723,4137,312.47,2885.76,true
1780853237658,1466604,step,4139,237,222,RUNNING,10,0,10,RUNNING,RUNNING,RUNNING,414,3724,4138,312.47,2885.76,true
1780853237894,1466840,step,4140,236,222,RUNNING,10,0,10,RUNNING,RUNNING,RUNNING,414,3725,4139,312.47,2885.76,true
1780853238215,1467161,step,4141,321,222,RUNNING,10,0,10,RUNNING,RUNNING,RUNNING,414,3726,4140,312.47,2885.76,true
1780853238586,1467532,step,4142,371,222,RUNNING,10,0,10,RUNNING,RUNNING,RUNNING,414,3727,4141,312.47,2887.78,true
1780853238907,1467853,step,4143,321,186,RUNNING,10,0,10,RUNNING,RUNNING,RUNNING,414,3728,4142,312.47,2887.78,true
1780853239228,1468174,step,4144,321,186,RUNNING,10,0,10,RUNNING,RUNNING,RUNNING,414,3729,4143,312.47,2887.78,true
1780853239464,1468410,step,4145,236,186,RUNNING,10,0,10,RUNNING,RUNNING,RUNNING,414,3730,4144,312.47,2889.87,true
1780853239751,1468697,step,4146,287,186,RUNNING,10,0,10,RUNNING,RUNNING,RUNNING,414,3731,4145,312.47,2889.87,true
1780853240004,1468950,step,4147,253,209,RUNNING,10,0,10,RUNNING,RUNNING,RUNNING,414,3732,4146,312.47,2889.87,true
1780853240274,1469220,step,4148,270,222,RUNNING,10,0,10,RUNNING,RUNNING,RUNNING,414,3733,4147,312.47,2889.87,true
1780853240629,1469575,step,4149,355,222,RUNNING,10,0,10,RUNNING,RUNNING,RUNNING,414,3734,4148,312.47,2891.97,true
1780853241119,1470065,step,4150,490,209,RUNNING,10,0,10,RUNNING,RUNNING,RUNNING,414,3735,4149,312.47,2891.97,true
1780853241456,1470402,step,4151,337,178,RUNNING,10,0,10,RUNNING,RUNNING,RUNNING,414,3736,4150,312.47,2894.13,true
1780853241709,1470655,step,4152,253,178,RUNNING,10,0,10,RUNNING,RUNNING,RUNNING,414,3737,4151,312.47,2894.13,true
1780853242013,1470959,step,4153,304,178,RUNNING,10,0,10,RUNNING,RUNNING,RUNNING,414,3738,4152,312.47,2894.13,true
1780853242267,1471213,step,4154,254,197,RUNNING,10,0,10,RUNNING,RUNNING,RUNNING,414,3739,4153,312.47,2894.13,true
1780853242503,1471449,step,4155,236,236,RUNNING,10,0,10,RUNNING,RUNNING,RUNNING,414,3740,4154,312.47,2896.38,true
1780853242807,1471753,step,4156,304,236,RUNNING,10,0,10,RUNNING,RUNNING,RUNNING,414,3741,4155,312.47,2896.38,true
1780853243060,1472006,step,4157,253,236,RUNNING,10,0,10,RUNNING,RUNNING,RUNNING,414,3742,4156,312.47,2896.38,true
1780853243347,1472293,step,4158,287,236,RUNNING,10,0,10,RUNNING,RUNNING,RUNNING,414,3743,4157,312.47,2896.38,true
1780853243617,1472563,step,4159,270,222,RUNNING,10,0,10,RUNNING,RUNNING,RUNNING,414,3744,4158,312.47,2898.59,true
1780853243870,1472816,step,4160,253,222,RUNNING,10,0,10,RUNNING,RUNNING,RUNNING,414,3745,4159,312.47,2898.59,true
1780853244157,1473103,step,4161,287,222,RUNNING,10,0,10,RUNNING,RUNNING,RUNNING,414,3746,4160,312.47,2898.59,true
1780853244411,1473357,step,4162,254,222,RUNNING,10,0,10,RUNNING,RUNNING,RUNNING,414,3747,4161,312.47,2900.72,true
1780853244664,1473610,step,4163,253,236,RUNNING,10,0,10,RUNNING,RUNNING,RUNNING,414,3748,4162,312.47,2900.72,true
1780853244968,1473914,step,4164,304,236,RUNNING,10,0,10,RUNNING,RUNNING,RUNNING,414,3749,4163,312.47,2900.72,true
1780853245221,1474167,step,4165,253,236,RUNNING,10,0,10,RUNNING,RUNNING,RUNNING,414,3750,4164,312.47,2900.72,true
1780853245474,1474420,step,4166,253,237,RUNNING,10,0,10,RUNNING,RUNNING,RUNNING,414,3751,4165,312.47,2902.80,true
1780853245795,1474741,step,4167,321,237,RUNNING,10,0,10,RUNNING,RUNNING,RUNNING,414,3752,4166,312.47,2902.80,true
1780853246031,1474977,step,4168,236,237,RUNNING,10,0,10,RUNNING,RUNNING,RUNNING,414,3753,4167,312.47,2902.80,true
1780853246301,1475247,step,4169,270,237,RUNNING,10,0,10,RUNNING,RUNNING,RUNNING,414,3754,4168,312.47,2902.80,true
1780853246572,1475518,step,4170,271,222,RUNNING,10,0,10,RUNNING,RUNNING,RUNNING,414,3755,4169,312.47,2904.94,true
1780853246892,1475838,step,4171,320,221,RUNNING,10,0,10,RUNNING,RUNNING,RUNNING,414,3756,4170,312.47,2904.94,true
1780853247179,1476125,step,4172,287,221,RUNNING,10,0,10,RUNNING,RUNNING,RUNNING,414,3757,4171,312.47,2904.94,true
1780853247500,1476446,step,4173,321,209,RUNNING,10,0,10,RUNNING,RUNNING,RUNNING,414,3758,4172,312.47,2907.14,true
1780853247753,1476699,step,4174,253,209,RUNNING,10,0,10,RUNNING,RUNNING,RUNNING,414,3759,4173,312.47,2907.14,true
1780853247990,1476936,step,4175,237,209,RUNNING,10,0,10,RUNNING,RUNNING,RUNNING,414,3760,4174,312.47,2907.14,true
1780853248344,1477290,step,4176,354,209,RUNNING,10,0,10,RUNNING,RUNNING,RUNNING,414,3761,4175,312.47,2907.14,true
1780853248597,1477543,step,4177,253,237,RUNNING,10,0,10,RUNNING,RUNNING,RUNNING,414,3762,4176,312.47,2909.30,true
1780853248834,1477780,step,4178,237,237,RUNNING,10,0,10,RUNNING,RUNNING,RUNNING,414,3763,4177,312.47,2909.30,true
1780853249154,1478100,step,4179,320,237,RUNNING,10,0,10,RUNNING,RUNNING,RUNNING,414,3764,4178,312.47,2909.30,true
1780853249441,1478387,step,4180,287,209,RUNNING,10,0,10,RUNNING,RUNNING,RUNNING,414,3765,4179,312.47,2911.32,true
1780853249728,1478674,step,4181,287,209,RUNNING,10,0,10,RUNNING,RUNNING,RUNNING,414,3766,4180,312.47,2911.32,true
1780853249983,1478929,step,4182,255,209,RUNNING,10,0,10,RUNNING,RUNNING,RUNNING,414,3767,4181,312.47,2911.32,true
1780853250236,1479182,step,4183,253,209,RUNNING,10,0,10,RUNNING,RUNNING,RUNNING,414,3768,4182,312.47,2911.32,true
1780853250573,1479519,step,4184,337,209,RUNNING,10,0,10,RUNNING,RUNNING,RUNNING,414,3769,4183,312.47,2913.29,true
1780853250876,1479822,step,4185,303,209,RUNNING,10,0,10,RUNNING,RUNNING,RUNNING,414,3770,4184,312.47,2913.29,true
1780853251282,1480228,step,4186,406,198,RUNNING,10,0,10,RUNNING,RUNNING,RUNNING,414,3771,4185,312.47,2913.29,true
1780853251704,1480650,step,4187,422,178,RUNNING,10,0,10,RUNNING,RUNNING,RUNNING,414,3772,4186,312.47,2915.26,true
1780853252024,1480970,step,4188,320,178,RUNNING,10,0,10,RUNNING,RUNNING,RUNNING,414,3773,4187,312.47,2915.26,true
1780853252261,1481207,step,4189,237,187,RUNNING,10,0,10,RUNNING,RUNNING,RUNNING,414,3774,4188,312.47,2915.26,true
1780853252548,1481494,step,4190,287,187,RUNNING,10,0,10,RUNNING,RUNNING,RUNNING,414,3775,4189,312.47,2917.20,true
1780853252818,1481764,step,4191,270,209,RUNNING,10,0,10,RUNNING,RUNNING,RUNNING,414,3776,4190,312.47,2917.20,true
1780853253206,1482152,step,4192,388,209,RUNNING,10,0,10,RUNNING,RUNNING,RUNNING,414,3777,4191,312.47,2917.20,true
1780853253561,1482507,step,4193,355,209,RUNNING,10,0,10,RUNNING,RUNNING,RUNNING,414,3778,4192,312.47,2919.09,true
1780853253865,1482811,step,4194,304,197,RUNNING,10,0,10,RUNNING,RUNNING,RUNNING,414,3779,4193,312.47,2919.09,true
1780853254118,1483064,step,4195,253,197,RUNNING,10,0,10,RUNNING,RUNNING,RUNNING,414,3780,4194,312.47,2919.09,true
1780853254455,1483401,step,4196,337,178,RUNNING,10,0,10,RUNNING,RUNNING,RUNNING,414,3781,4195,312.47,2921.06,true
1780853254861,1483807,step,4197,406,178,RUNNING,10,0,10,RUNNING,RUNNING,RUNNING,414,3782,4196,312.47,2921.06,true
1780853255131,1484077,step,4198,270,197,RUNNING,10,0,10,RUNNING,RUNNING,RUNNING,414,3783,4197,312.47,2921.06,true
1780853255435,1484381,step,4199,304,197,RUNNING,10,0,10,RUNNING,RUNNING,RUNNING,414,3784,4198,312.47,2923.15,true
1780853255755,1484701,step,4200,320,187,RUNNING,10,0,10,RUNNING,RUNNING,RUNNING,414,3785,4199,312.47,2923.15,true
1780853256177,1485123,step,4201,422,187,RUNNING,10,0,10,RUNNING,RUNNING,RUNNING,414,3786,4200,312.47,2923.15,true
1780853256549,1485495,step,4202,372,187,RUNNING,10,0,10,RUNNING,RUNNING,RUNNING,414,3787,4201,312.47,2925.28,true
1780853256937,1485883,step,4203,388,161,RUNNING,10,0,10,RUNNING,RUNNING,RUNNING,414,3788,4202,312.47,2925.28,true
1780853257224,1486170,step,4204,287,161,RUNNING,10,0,10,RUNNING,RUNNING,RUNNING,414,3789,4203,312.47,2925.28,true
1780853257494,1486440,step,4205,270,161,RUNNING,10,0,10,RUNNING,RUNNING,RUNNING,414,3790,4204,312.47,2927.23,true
1780853257798,1486744,step,4206,304,197,RUNNING,10,0,10,RUNNING,RUNNING,RUNNING,414,3791,4205,312.47,2927.23,true
1780853258153,1487099,step,4207,355,197,RUNNING,10,0,10,RUNNING,RUNNING,RUNNING,414,3792,4206,312.47,2927.23,true
1780853258406,1487352,step,4208,253,209,RUNNING,10,0,10,RUNNING,RUNNING,RUNNING,414,3793,4207,312.47,2929.22,true
1780853258642,1487588,step,4209,236,222,RUNNING,10,0,10,RUNNING,RUNNING,RUNNING,414,3794,4208,312.47,2929.22,true
1780853258929,1487875,step,4210,287,209,RUNNING,10,0,10,RUNNING,RUNNING,RUNNING,414,3795,4209,312.47,2929.22,true
1780853259250,1488196,step,4211,321,209,RUNNING,10,0,10,RUNNING,RUNNING,RUNNING,414,3796,4210,312.47,2929.22,true
1780853259554,1488500,step,4212,304,209,RUNNING,10,0,10,RUNNING,RUNNING,RUNNING,414,3797,4211,312.47,2931.31,true
1780853259892,1488838,step,4213,338,197,RUNNING,10,0,10,RUNNING,RUNNING,RUNNING,414,3798,4212,312.47,2931.31,true
1780853260297,1489243,step,4214,405,186,RUNNING,10,0,10,RUNNING,RUNNING,RUNNING,414,3799,4213,312.47,2931.31,true
1780853260651,1489597,step,4215,354,177,RUNNING,10,0,10,RUNNING,RUNNING,RUNNING,414,3800,4214,312.47,2933.41,true
1780853261040,1489986,step,4216,389,169,RUNNING,10,0,10,RUNNING,RUNNING,RUNNING,414,3801,4215,312.47,2933.41,true
1780853261327,1490273,step,4217,287,169,RUNNING,10,0,10,RUNNING,RUNNING,RUNNING,414,3802,4216,312.47,2933.41,true
1780853261563,1490509,step,4218,236,169,RUNNING,10,0,10,RUNNING,RUNNING,RUNNING,414,3803,4217,312.47,2935.46,true
1780853261968,1490914,step,4219,405,169,RUNNING,10,0,10,RUNNING,RUNNING,RUNNING,414,3804,4218,312.47,2935.46,true
1780853262221,1491167,step,4220,253,209,RUNNING,10,0,10,RUNNING,RUNNING,RUNNING,414,3805,4219,312.47,2935.46,true
1780853262475,1491421,step,4221,254,236,RUNNING,10,0,10,RUNNING,RUNNING,RUNNING,414,3806,4220,312.47,2937.60,true
1780853262778,1491724,step,4222,303,236,RUNNING,10,0,10,RUNNING,RUNNING,RUNNING,414,3807,4221,312.47,2937.60,true
1780853263049,1491995,step,4223,271,221,RUNNING,10,0,10,RUNNING,RUNNING,RUNNING,414,3808,4222,312.47,2937.60,true
1780853263285,1492231,step,4224,236,236,RUNNING,10,0,10,RUNNING,RUNNING,RUNNING,414,3809,4223,312.47,2937.60,true
1780853263589,1492535,step,4225,304,221,RUNNING,10,0,10,RUNNING,RUNNING,RUNNING,414,3810,4224,312.47,2939.71,true
1780853263859,1492805,step,4226,270,221,RUNNING,10,0,10,RUNNING,RUNNING,RUNNING,414,3811,4225,312.47,2939.71,true
1780853264095,1493041,step,4227,236,222,RUNNING,10,0,10,RUNNING,RUNNING,RUNNING,414,3812,4226,312.47,2939.71,true
1780853264417,1493363,step,4228,322,222,RUNNING,10,0,10,RUNNING,RUNNING,RUNNING,414,3813,4227,312.47,2939.71,true
1780853264838,1493784,step,4229,421,197,RUNNING,10,0,10,RUNNING,RUNNING,RUNNING,414,3814,4228,312.47,2941.79,true
1780853265226,1494172,step,4230,388,186,RUNNING,10,0,10,RUNNING,RUNNING,RUNNING,414,3815,4229,312.47,2941.79,true
1780853265665,1494611,step,4231,439,154,RUNNING,10,0,10,RUNNING,RUNNING,RUNNING,414,3816,4230,312.47,2943.88,true
1780853266071,1495017,step,4232,406,147,WALKING,9,1,10,RUNNING,RUNNING,RUNNING,414,3817,4231,312.47,2943.88,true
1780853266442,1495388,step,4233,371,147,WALKING,8,2,10,RUNNING,RUNNING,RUNNING,414,3818,4232,312.47,2945.91,true
1780853266678,1495624,step,4234,236,154,RUNNING,8,2,10,RUNNING,RUNNING,RUNNING,414,3819,4233,312.47,2945.91,true
1780853266948,1495894,step,4235,270,161,RUNNING,8,2,10,RUNNING,RUNNING,RUNNING,414,3820,4234,312.47,2945.91,true
1780853267387,1496333,step,4236,439,161,RUNNING,8,2,10,RUNNING,RUNNING,RUNNING,414,3821,4235,312.47,2945.91,true
1780853267793,1496739,step,4237,406,161,RUNNING,8,2,10,RUNNING,RUNNING,RUNNING,414,3822,4236,312.47,2947.93,true
1780853268232,1497178,step,4238,439,147,WALKING,7,3,10,RUNNING,RUNNING,RUNNING,414,3823,4237,312.47,2947.93,true
1780853268620,1497566,step,4239,388,147,WALKING,6,4,10,RUNNING,RUNNING,RUNNING,414,3824,4238,312.47,2949.97,true
1780853269042,1497988,step,4240,422,142,WALKING,5,5,10,RUNNING,RUNNING,RUNNING,414,3825,4239,312.47,2949.97,true
1780853269430,1498376,switch,4241,388,147,WALKING,4,6,10,RUNNING,WALKING,RUNNING,414,3826,4240,312.47,2951.96,true
1780853269430,1498376,step,4241,388,147,WALKING,4,6,10,RUNNING,WALKING,WALKING,414,3826,4240,312.47,2951.96,true
1780853269785,1498731,step,4242,355,154,RUNNING,5,5,10,WALKING,WALKING,WALKING,415,3826,4241,312.95,2951.96,true
1780853270241,1499187,step,4243,456,154,RUNNING,6,4,10,WALKING,WALKING,WALKING,416,3826,4242,313.42,2951.96,true
1780853270663,1499609,step,4244,422,142,WALKING,5,5,10,WALKING,WALKING,WALKING,417,3826,4243,315.82,2951.96,true
1780853270967,1499913,step,4245,304,154,RUNNING,5,5,10,WALKING,WALKING,WALKING,418,3826,4244,315.82,2951.96,true
1780853271237,1500183,step,4246,270,169,RUNNING,5,5,10,WALKING,WALKING,WALKING,419,3826,4245,315.82,2951.96,true
1780853271490,1500436,step,4247,253,197,RUNNING,5,5,10,WALKING,WALKING,WALKING,420,3826,4246,317.77,2951.96,true
1780853271861,1500807,step,4248,371,197,RUNNING,6,4,10,WALKING,WALKING,WALKING,421,3826,4247,317.77,2951.96,true
1780853272300,1501246,step,4249,439,197,RUNNING,7,3,10,WALKING,WALKING,WALKING,422,3826,4248,317.77,2951.96,true
1780853272689,1501635,switch,4250,389,161,RUNNING,8,2,10,WALKING,RUNNING,WALKING,423,3826,4249,319.80,2951.96,true
1780853272689,1501635,step,4250,389,161,RUNNING,8,2,10,WALKING,RUNNING,RUNNING,423,3826,4249,319.80,2951.96,true
1780853273128,1502074,step,4251,439,154,RUNNING,9,1,10,RUNNING,RUNNING,RUNNING,423,3827,4250,319.80,2952.78,true
1780853273381,1502327,step,4252,253,154,RUNNING,9,1,10,RUNNING,RUNNING,RUNNING,423,3828,4251,319.80,2953.61,true
1780853273685,1502631,step,4253,304,154,RUNNING,9,1,10,RUNNING,RUNNING,RUNNING,423,3829,4252,319.80,2956.40,true
1780853273921,1502867,step,4254,236,197,RUNNING,10,0,10,RUNNING,RUNNING,RUNNING,423,3830,4253,319.80,2956.40,true
1780853274242,1503188,step,4255,321,197,RUNNING,10,0,10,RUNNING,RUNNING,RUNNING,423,3831,4254,319.80,2956.40,true
1780853274512,1503458,step,4256,270,222,RUNNING,10,0,10,RUNNING,RUNNING,RUNNING,423,3832,4255,319.80,2958.33,true
1780853274850,1503796,step,4257,338,197,RUNNING,10,0,10,RUNNING,RUNNING,RUNNING,423,3833,4256,319.80,2958.33,true
1780853275086,1504032,step,4258,236,222,RUNNING,10,0,10,RUNNING,RUNNING,RUNNING,423,3834,4257,319.80,2958.33,true
1780853275525,1504471,step,4259,439,186,RUNNING,10,0,10,RUNNING,RUNNING,RUNNING,423,3835,4258,319.80,2960.27,true
1780853275913,1504859,step,4260,388,177,RUNNING,10,0,10,RUNNING,RUNNING,RUNNING,423,3836,4259,319.80,2960.27,true
1780853276335,1505281,step,4261,422,154,RUNNING,10,0,10,RUNNING,RUNNING,RUNNING,423,3837,4260,319.80,2960.27,true
1780853276707,1505653,step,4262,372,154,RUNNING,10,0,10,RUNNING,RUNNING,RUNNING,423,3838,4261,319.80,2962.06,true
1780853277146,1506092,step,4263,439,142,WALKING,9,1,10,RUNNING,RUNNING,RUNNING,423,3839,4262,319.80,2962.06,true
1780853277517,1506463,step,4264,371,154,RUNNING,9,1,10,RUNNING,RUNNING,RUNNING,423,3840,4263,319.80,2963.94,true
1780853277888,1506834,step,4265,371,161,RUNNING,9,1,10,RUNNING,RUNNING,RUNNING,423,3841,4264,319.80,2963.94,true
1780853278327,1507273,step,4266,439,161,RUNNING,9,1,10,RUNNING,RUNNING,RUNNING,423,3842,4265,319.80,2963.94,true
1780853278766,1507712,step,4267,439,136,WALKING,8,2,10,RUNNING,RUNNING,RUNNING,423,3843,4266,319.80,2965.87,true
1780853279138,1508084,step,4268,372,161,RUNNING,8,2,10,RUNNING,RUNNING,RUNNING,423,3844,4267,319.80,2965.87,true
1780853279560,1508506,step,4269,422,142,WALKING,7,3,10,RUNNING,RUNNING,RUNNING,423,3845,4268,319.80,2967.57,true
1780853279948,1508894,step,4270,388,142,WALKING,6,4,10,RUNNING,RUNNING,RUNNING,423,3846,4269,319.80,2967.57,true
1780853280370,1509316,step,4271,422,142,WALKING,5,5,10,RUNNING,RUNNING,RUNNING,423,3847,4270,319.80,2967.57,true
1780853280758,1509704,step,4272,388,154,RUNNING,5,5,10,RUNNING,RUNNING,RUNNING,423,3848,4271,319.80,2969.18,true
1780853281197,1510143,step,4273,439,142,WALKING,5,5,10,RUNNING,RUNNING,RUNNING,423,3849,4272,319.80,2969.18,true
1780853281569,1510515,step,4274,372,154,RUNNING,5,5,10,RUNNING,RUNNING,RUNNING,423,3850,4273,319.80,2970.58,true
1780853282024,1510970,switch,4275,455,142,WALKING,4,6,10,RUNNING,WALKING,RUNNING,423,3851,4274,319.80,2970.58,true
1780853282024,1510970,step,4275,455,142,WALKING,4,6,10,RUNNING,WALKING,WALKING,423,3851,4274,319.80,2970.58,true
1780853282396,1511342,step,4276,372,154,RUNNING,4,6,10,WALKING,WALKING,WALKING,424,3851,4275,320.27,2970.58,true
1780853282767,1511713,step,4277,371,161,RUNNING,5,5,10,WALKING,WALKING,WALKING,425,3851,4276,322.44,2970.58,true
1780853283206,1512152,step,4278,439,161,RUNNING,5,5,10,WALKING,WALKING,WALKING,426,3851,4277,322.44,2970.58,true
1780853283561,1512507,step,4279,355,161,RUNNING,6,4,10,WALKING,WALKING,WALKING,427,3851,4278,324.60,2970.58,true
1780853283966,1512912,step,4280,405,161,RUNNING,7,3,10,WALKING,WALKING,WALKING,428,3851,4279,324.60,2970.58,true
1780853284270,1513216,switch,4281,304,161,RUNNING,8,2,10,WALKING,RUNNING,WALKING,429,3851,4280,324.60,2970.58,true
1780853284270,1513216,step,4281,304,161,RUNNING,8,2,10,WALKING,RUNNING,RUNNING,429,3851,4280,324.60,2970.58,true
1780853284557,1513503,step,4282,287,169,RUNNING,8,2,10,RUNNING,RUNNING,RUNNING,429,3852,4281,324.60,2973.57,true
1780853284827,1513773,step,4283,270,197,RUNNING,9,1,10,RUNNING,RUNNING,RUNNING,429,3853,4282,324.60,2973.57,true
1780853285266,1514212,step,4284,439,197,RUNNING,9,1,10,RUNNING,RUNNING,RUNNING,429,3854,4283,324.60,2973.57,true
1780853285637,1514583,step,4285,371,197,RUNNING,10,0,10,RUNNING,RUNNING,RUNNING,429,3855,4284,324.60,2975.62,true
1780853286009,1514955,step,4286,372,161,RUNNING,10,0,10,RUNNING,RUNNING,RUNNING,429,3856,4285,324.60,2975.62,true
1780853286448,1515394,step,4287,439,161,RUNNING,10,0,10,RUNNING,RUNNING,RUNNING,429,3857,4286,324.60,2977.73,true
1780853286802,1515748,step,4288,354,161,RUNNING,10,0,10,RUNNING,RUNNING,RUNNING,429,3858,4287,324.60,2977.73,true
1780853287258,1516204,step,4289,456,161,RUNNING,10,0,10,RUNNING,RUNNING,RUNNING,429,3859,4288,324.60,2977.73,true
1780853287680,1516626,step,4290,422,142,WALKING,9,1,10,RUNNING,RUNNING,RUNNING,429,3860,4289,324.60,2980.12,true
1780853288068,1517014,step,4291,388,142,WALKING,8,2,10,RUNNING,RUNNING,RUNNING,429,3861,4290,324.60,2980.12,true
1780853288490,1517436,step,4292,422,142,WALKING,7,3,10,RUNNING,RUNNING,RUNNING,429,3862,4291,324.60,2982.59,true
1780853288862,1517808,step,4293,372,142,WALKING,6,4,10,RUNNING,RUNNING,RUNNING,429,3863,4292,324.60,2982.59,true
1780853289199,1518145,step,4294,337,154,RUNNING,6,4,10,RUNNING,RUNNING,RUNNING,429,3864,4293,324.60,2982.59,true
1780853289436,1518382,step,4295,237,161,RUNNING,6,4,10,RUNNING,RUNNING,RUNNING,429,3865,4294,324.60,2984.57,true
1780853289672,1518618,step,4296,236,178,RUNNING,6,4,10,RUNNING,RUNNING,RUNNING,429,3866,4295,324.60,2984.57,true
1780853290027,1518973,step,4297,355,178,RUNNING,6,4,10,RUNNING,RUNNING,RUNNING,429,3867,4296,324.60,2984.57,true
1780853290465,1519411,step,4298,438,178,RUNNING,6,4,10,RUNNING,RUNNING,RUNNING,429,3868,4297,324.60,2986.69,true
1780853290837,1519783,step,4299,372,169,RUNNING,6,4,10,RUNNING,RUNNING,RUNNING,429,3869,4298,324.60,2986.69,true
1780853291073,1520019,step,4300,236,169,RUNNING,7,3,10,RUNNING,RUNNING,RUNNING,429,3870,4299,324.60,2986.69,true
1780853291310,1520256,step,4301,237,169,RUNNING,8,2,10,RUNNING,RUNNING,RUNNING,429,3871,4300,324.60,2986.69,true
1780853291664,1520610,step,4302,354,169,RUNNING,9,1,10,RUNNING,RUNNING,RUNNING,429,3872,4301,324.60,2989.05,true
1780853292120,1521066,step,4303,456,169,RUNNING,10,0,10,RUNNING,RUNNING,RUNNING,429,3873,4302,324.60,2989.05,true
1780853292559,1521505,step,4304,439,169,RUNNING,10,0,10,RUNNING,RUNNING,RUNNING,429,3874,4303,324.60,2991.53,true
1780853292930,1521876,step,4305,371,161,RUNNING,10,0,10,RUNNING,RUNNING,RUNNING,429,3875,4304,324.60,2991.53,true
1780853293369,1522315,step,4306,439,136,WALKING,9,1,10,RUNNING,RUNNING,RUNNING,429,3876,4305,324.60,2991.53,true
1780853293741,1522687,step,4307,372,136,WALKING,8,2,10,RUNNING,RUNNING,RUNNING,429,3877,4306,324.60,2993.99,true
1780853294095,1523041,step,4308,354,161,RUNNING,8,2,10,RUNNING,RUNNING,RUNNING,429,3878,4307,324.60,2993.99,true
1780853294551,1523497,step,4309,456,161,RUNNING,8,2,10,RUNNING,RUNNING,RUNNING,429,3879,4308,324.60,2996.26,true
1780853294990,1523936,step,4310,439,136,WALKING,7,3,10,RUNNING,RUNNING,RUNNING,429,3880,4309,324.60,2996.26,true
1780853295395,1524341,step,4311,405,148,WALKING,6,4,10,RUNNING,RUNNING,RUNNING,429,3881,4310,324.60,2996.26,true
1780853295631,1524577,step,4312,236,148,WALKING,5,5,10,RUNNING,RUNNING,RUNNING,429,3882,4311,324.60,2998.61,true
1780853295868,1524814,switch,4313,237,148,WALKING,4,6,10,RUNNING,WALKING,RUNNING,429,3883,4312,324.60,2998.61,true
1780853295868,1524814,step,4313,237,148,WALKING,4,6,10,RUNNING,WALKING,WALKING,429,3883,4312,324.60,2998.61,true
1780853296155,1525101,step,4314,287,209,RUNNING,4,6,10,WALKING,WALKING,WALKING,430,3883,4313,325.08,2998.61,true
1780853296425,1525371,step,4315,270,222,RUNNING,4,6,10,WALKING,WALKING,WALKING,431,3883,4314,327.99,2998.61,true
1780853296678,1525624,step,4316,253,237,RUNNING,5,5,10,WALKING,WALKING,WALKING,432,3883,4315,327.99,2998.61,true
1780853296948,1525894,step,4317,270,222,RUNNING,6,4,10,WALKING,WALKING,WALKING,433,3883,4316,327.99,2998.61,true
1780853297387,1526333,step,4318,439,222,RUNNING,6,4,10,WALKING,WALKING,WALKING,434,3883,4317,327.99,2998.61,true
1780853297741,1526687,step,4319,354,222,RUNNING,6,4,10,WALKING,WALKING,WALKING,435,3883,4318,330.52,2998.61,true
1780853298180,1527126,step,4320,439,169,RUNNING,7,3,10,WALKING,WALKING,WALKING,436,3883,4319,330.52,2998.61,true
1780853298467,1527413,switch,4321,287,169,RUNNING,8,2,10,WALKING,RUNNING,WALKING,437,3883,4320,333.06,2998.61,true
1780853298467,1527413,step,4321,287,169,RUNNING,8,2,10,WALKING,RUNNING,RUNNING,437,3883,4320,333.06,2998.61,true
1780853298704,1527650,step,4322,237,169,RUNNING,9,1,10,RUNNING,RUNNING,RUNNING,437,3884,4321,333.06,2999.44,true
1780853298957,1527903,step,4323,253,209,RUNNING,10,0,10,RUNNING,RUNNING,RUNNING,437,3885,4322,333.06,3000.26,true
1780853299328,1528274,step,4324,371,209,RUNNING,10,0,10,RUNNING,RUNNING,RUNNING,437,3886,4323,333.06,3001.09,true
1780853299750,1528696,step,4325,422,209,RUNNING,10,0,10,RUNNING,RUNNING,RUNNING,437,3887,4324,333.06,3004.42,true
1780853300122,1529068,step,4326,372,161,RUNNING,10,0,10,RUNNING,RUNNING,RUNNING,437,3888,4325,333.06,3004.42,true
1780853300527,1529473,step,4327,405,161,RUNNING,10,0,10,RUNNING,RUNNING,RUNNING,437,3889,4326,333.06,3007.10,true
1780853300915,1529861,step,4328,388,154,RUNNING,10,0,10,RUNNING,RUNNING,RUNNING,437,3890,4327,333.06,3007.10,true
1780853301320,1530266,step,4329,405,148,WALKING,9,1,10,RUNNING,RUNNING,RUNNING,437,3891,4328,333.06,3007.10,true
1780853301725,1530671,step,4330,405,148,WALKING,8,2,10,RUNNING,RUNNING,RUNNING,437,3892,4329,333.06,3009.67,true
1780853302164,1531110,step,4331,439,148,WALKING,7,3,10,RUNNING,RUNNING,RUNNING,437,3893,4330,333.06,3009.67,true
1780853302569,1531515,step,4332,405,148,WALKING,6,4,10,RUNNING,RUNNING,RUNNING,437,3894,4331,333.06,3012.17,true
1780853303025,1531971,step,4333,456,148,WALKING,5,5,10,RUNNING,RUNNING,RUNNING,437,3895,4332,333.06,3012.17,true
1780853303397,1532343,switch,4334,372,148,WALKING,4,6,10,RUNNING,WALKING,RUNNING,437,3896,4333,333.06,3012.17,true
1780853303397,1532343,step,4334,372,148,WALKING,4,6,10,RUNNING,WALKING,WALKING,437,3896,4333,333.06,3012.17,true
1780853303852,1532798,step,4335,455,136,WALKING,3,7,10,WALKING,WALKING,WALKING,438,3896,4334,336.17,3012.17,true
1780853304224,1533170,step,4336,372,148,WALKING,2,8,10,WALKING,WALKING,WALKING,439,3896,4335,336.17,3012.17,true
1780853304595,1533541,step,4337,371,161,RUNNING,2,8,10,WALKING,WALKING,WALKING,440,3896,4336,338.83,3012.17,true
1780853305034,1533980,step,4338,439,161,RUNNING,2,8,10,WALKING,WALKING,WALKING,441,3896,4337,338.83,3012.17,true
1780853305456,1534402,step,4339,422,142,WALKING,2,8,10,WALKING,WALKING,WALKING,442,3896,4338,341.22,3012.17,true
1780853305861,1534807,step,4340,405,148,WALKING,2,8,10,WALKING,WALKING,WALKING,443,3896,4339,341.22,3012.17,true
1780853306199,1535145,step,4341,338,148,WALKING,2,8,10,WALKING,WALKING,WALKING,444,3896,4340,341.22,3012.17,true
1780853306672,1535618,step,4342,473,142,WALKING,2,8,10,WALKING,WALKING,WALKING,445,3896,4341,343.23,3012.17,true
1780853307026,1535972,step,4343,354,148,WALKING,2,8,10,WALKING,WALKING,WALKING,446,3896,4342,343.23,3012.17,true
1780853307499,1536445,step,4344,473,148,WALKING,2,8,10,WALKING,WALKING,WALKING,447,3896,4343,345.02,3012.17,true
1780853307921,1536867,step,4345,422,142,WALKING,2,8,10,WALKING,WALKING,WALKING,448,3896,4344,345.02,3012.17,true
1780853308309,1537255,step,4346,388,142,WALKING,2,8,10,WALKING,WALKING,WALKING,449,3896,4345,345.02,3012.17,true
1780853308748,1537694,step,4347,439,142,WALKING,1,9,10,WALKING,WALKING,WALKING,450,3896,4346,346.96,3012.17,true
1780853309136,1538082,step,4348,388,142,WALKING,0,10,10,WALKING,WALKING,WALKING,451,3896,4347,346.96,3012.17,true
1780853309541,1538487,step,4349,405,148,WALKING,0,10,10,WALKING,WALKING,WALKING,452,3896,4348,348.97,3012.17,true
1780853309913,1538859,step,4350,372,154,RUNNING,1,9,10,WALKING,WALKING,WALKING,453,3896,4349,348.97,3012.17,true
1780853310335,1539281,step,4351,422,148,WALKING,1,9,10,WALKING,WALKING,WALKING,454,3896,4350,348.97,3012.17,true
1780853310706,1539652,step,4352,371,154,RUNNING,2,8,10,WALKING,WALKING,WALKING,455,3896,4351,350.91,3012.17,true
1780853311128,1540074,step,4353,422,148,WALKING,2,8,10,WALKING,WALKING,WALKING,456,3896,4352,350.91,3012.17,true
1780853311517,1540463,step,4354,389,154,RUNNING,3,7,10,WALKING,WALKING,WALKING,457,3896,4353,352.85,3012.17,true
1780853311804,1540750,step,4355,287,154,RUNNING,4,6,10,WALKING,WALKING,WALKING,458,3896,4354,352.85,3012.17,true
1780853312040,1540986,step,4356,236,161,RUNNING,5,5,10,WALKING,WALKING,WALKING,459,3896,4355,352.85,3012.17,true
1780853312310,1541256,step,4357,270,209,RUNNING,6,4,10,WALKING,WALKING,WALKING,460,3896,4356,352.85,3012.17,true
1780853312749,1541695,step,4358,439,209,RUNNING,7,3,10,WALKING,WALKING,WALKING,461,3896,4357,354.81,3012.17,true
1780853313120,1542066,switch,4359,371,209,RUNNING,8,2,10,WALKING,RUNNING,WALKING,462,3896,4358,354.81,3012.17,true
1780853313120,1542066,step,4359,371,209,RUNNING,8,2,10,WALKING,RUNNING,RUNNING,462,3896,4358,354.81,3012.17,true
1780853313542,1542488,step,4360,422,161,RUNNING,8,2,10,RUNNING,RUNNING,RUNNING,462,3897,4359,354.81,3015.02,true
1780853313846,1542792,step,4361,304,161,RUNNING,9,1,10,RUNNING,RUNNING,RUNNING,462,3898,4360,354.81,3015.02,true
1780853314099,1543045,step,4362,253,161,RUNNING,9,1,10,RUNNING,RUNNING,RUNNING,462,3899,4361,354.81,3015.02,true
1780853314353,1543299,step,4363,254,197,RUNNING,10,0,10,RUNNING,RUNNING,RUNNING,462,3900,4362,354.81,3015.02,true
1780853314741,1543687,step,4364,388,197,RUNNING,10,0,10,RUNNING,RUNNING,RUNNING,462,3901,4363,354.81,3017.06,true
1780853315163,1544109,step,4365,422,197,RUNNING,10,0,10,RUNNING,RUNNING,RUNNING,462,3902,4364,354.81,3017.06,true
1780853315534,1544480,step,4366,371,161,RUNNING,10,0,10,RUNNING,RUNNING,RUNNING,462,3903,4365,354.81,3018.87,true
1780853315956,1544902,step,4367,422,154,RUNNING,10,0,10,RUNNING,RUNNING,RUNNING,462,3904,4366,354.81,3018.87,true
1780853316345,1545291,step,4368,389,154,RUNNING,10,0,10,RUNNING,RUNNING,RUNNING,462,3905,4367,354.81,3018.87,true
1780853316648,1545594,step,4369,303,154,RUNNING,10,0,10,RUNNING,RUNNING,RUNNING,462,3906,4368,354.81,3020.78,true
1780853317155,1546101,step,4370,507,154,RUNNING,10,0,10,RUNNING,RUNNING,RUNNING,462,3907,4369,354.81,3020.78,true
1780853317577,1546523,step,4371,422,142,WALKING,9,1,10,RUNNING,RUNNING,RUNNING,462,3908,4370,354.81,3023.22,true
1780853317965,1546911,step,4372,388,154,RUNNING,9,1,10,RUNNING,RUNNING,RUNNING,462,3909,4371,354.81,3023.22,true
1780853318303,1547249,step,4373,338,154,RUNNING,9,1,10,RUNNING,RUNNING,RUNNING,462,3910,4372,354.81,3023.22,true
1780853318792,1547738,step,4374,489,142,WALKING,8,2,10,RUNNING,RUNNING,RUNNING,462,3911,4373,354.81,3025.15,true
1780853319231,1548177,step,4375,439,142,WALKING,7,3,10,RUNNING,RUNNING,RUNNING,462,3912,4374,354.81,3025.15,true
1780853319603,1548549,step,4376,372,154,RUNNING,7,3,10,RUNNING,RUNNING,RUNNING,462,3913,4375,354.81,3026.78,true
1780853319974,1548920,step,4377,371,161,RUNNING,7,3,10,RUNNING,RUNNING,RUNNING,462,3914,4376,354.81,3026.78,true
1780853320413,1549359,step,4378,439,136,WALKING,6,4,10,RUNNING,RUNNING,RUNNING,462,3915,4377,354.81,3028.52,true
1780853320835,1549781,step,4379,422,142,WALKING,5,5,10,RUNNING,RUNNING,RUNNING,462,3916,4378,354.81,3028.52,true
1780853321240,1550186,switch,4380,405,148,WALKING,4,6,10,RUNNING,WALKING,RUNNING,462,3917,4379,354.81,3028.52,true
1780853321240,1550186,step,4380,405,148,WALKING,4,6,10,RUNNING,WALKING,WALKING,462,3917,4379,354.81,3028.52,true
1780853321544,1550490,step,4381,304,148,WALKING,4,6,10,WALKING,WALKING,WALKING,463,3917,4380,357.23,3028.52,true
1780853321831,1550777,step,4382,287,148,WALKING,3,7,10,WALKING,WALKING,WALKING,464,3917,4381,357.23,3028.52,true
1780853322185,1551131,step,4383,354,169,RUNNING,3,7,10,WALKING,WALKING,WALKING,465,3917,4382,357.23,3028.52,true
1780853322456,1551402,step,4384,271,197,RUNNING,4,6,10,WALKING,WALKING,WALKING,466,3917,4383,359.07,3028.52,true
1780853322844,1551790,step,4385,388,197,RUNNING,5,5,10,WALKING,WALKING,WALKING,467,3917,4384,359.07,3028.52,true
1780853323131,1552077,step,4386,287,209,RUNNING,5,5,10,WALKING,WALKING,WALKING,468,3917,4385,359.07,3028.52,true
1780853323401,1552347,step,4387,270,209,RUNNING,5,5,10,WALKING,WALKING,WALKING,469,3917,4386,361.31,3028.52,true
1780853323654,1552600,step,4388,253,221,RUNNING,6,4,10,WALKING,WALKING,WALKING,470,3917,4387,361.31,3028.52,true
1780853324009,1552955,step,4389,355,209,RUNNING,7,3,10,WALKING,WALKING,WALKING,471,3917,4388,361.31,3028.52,true
1780853324464,1553410,switch,4390,455,209,RUNNING,8,2,10,WALKING,RUNNING,WALKING,472,3917,4389,363.74,3028.52,true
1780853324464,1553410,step,4390,455,209,RUNNING,8,2,10,WALKING,RUNNING,RUNNING,472,3917,4389,363.74,3028.52,true
1780853324870,1553816,step,4391,406,169,RUNNING,9,1,10,RUNNING,RUNNING,RUNNING,472,3918,4390,363.74,3029.34,true
1780853325190,1554136,step,4392,320,169,RUNNING,10,0,10,RUNNING,RUNNING,RUNNING,472,3919,4391,363.74,3030.17,true
1780853325460,1554406,step,4393,270,169,RUNNING,10,0,10,RUNNING,RUNNING,RUNNING,472,3920,4392,363.74,3033.21,true
1780853325764,1554710,step,4394,304,187,RUNNING,10,0,10,RUNNING,RUNNING,RUNNING,472,3921,4393,363.74,3033.21,true
1780853326068,1555014,step,4395,304,197,RUNNING,10,0,10,RUNNING,RUNNING,RUNNING,472,3922,4394,363.74,3033.21,true
1780853326490,1555436,step,4396,422,197,RUNNING,10,0,10,RUNNING,RUNNING,RUNNING,472,3923,4395,363.74,3035.54,true
1780853326777,1555723,step,4397,287,197,RUNNING,10,0,10,RUNNING,RUNNING,RUNNING,472,3924,4396,363.74,3035.54,true
1780853327317,1556263,step,4398,540,197,RUNNING,10,0,10,RUNNING,RUNNING,RUNNING,472,3925,4397,363.74,3035.54,true
1780853327723,1556669,step,4399,406,147,WALKING,9,1,10,RUNNING,RUNNING,RUNNING,472,3926,4398,363.74,3037.26,true
1780853328178,1557124,step,4400,455,142,WALKING,8,2,10,RUNNING,RUNNING,RUNNING,472,3927,4399,363.74,3037.26,true
1780853328567,1557513,step,4401,389,147,WALKING,7,3,10,RUNNING,RUNNING,RUNNING,472,3928,4400,363.74,3038.98,true
1780853328989,1557935,step,4402,422,142,WALKING,6,4,10,RUNNING,RUNNING,RUNNING,472,3929,4401,363.74,3038.98,true
1780853329360,1558306,step,4403,371,147,WALKING,5,5,10,RUNNING,RUNNING,RUNNING,472,3930,4402,363.74,3038.98,true
1780853329782,1558728,switch,4404,422,142,WALKING,4,6,10,RUNNING,WALKING,RUNNING,472,3931,4403,363.74,3041.28,true
1780853329782,1558728,step,4404,422,142,WALKING,4,6,10,RUNNING,WALKING,WALKING,472,3931,4403,363.74,3041.28,true
1780853330154,1559100,step,4405,372,154,RUNNING,4,6,10,WALKING,WALKING,WALKING,473,3931,4404,364.21,3041.28,true
1780853330424,1559370,step,4406,270,161,RUNNING,4,6,10,WALKING,WALKING,WALKING,474,3931,4405,367.03,3041.28,true
1780853330660,1559606,step,4407,236,161,RUNNING,4,6,10,WALKING,WALKING,WALKING,475,3931,4406,367.03,3041.28,true
1780853330930,1559876,step,4408,270,222,RUNNING,4,6,10,WALKING,WALKING,WALKING,476,3931,4407,367.03,3041.28,true
1780853331369,1560315,step,4409,439,222,RUNNING,5,5,10,WALKING,WALKING,WALKING,477,3931,4408,367.03,3041.28,true
1780853331757,1560703,step,4410,388,222,RUNNING,6,4,10,WALKING,WALKING,WALKING,478,3931,4409,369.39,3041.28,true
1780853332078,1561024,step,4411,321,186,RUNNING,7,3,10,WALKING,WALKING,WALKING,479,3931,4410,369.39,3041.28,true
1780853332551,1561497,switch,4412,473,154,RUNNING,8,2,10,WALKING,RUNNING,WALKING,480,3931,4411,371.72,3041.28,true
1780853332551,1561497,step,4412,473,154,RUNNING,8,2,10,WALKING,RUNNING,RUNNING,480,3931,4411,371.72,3041.28,true
1780853332922,1561868,step,4413,371,154,RUNNING,9,1,10,RUNNING,RUNNING,RUNNING,480,3932,4412,371.72,3042.10,true
1780853333378,1562324,step,4414,456,154,RUNNING,10,0,10,RUNNING,RUNNING,RUNNING,480,3933,4413,371.72,3042.93,true
1780853333732,1562678,step,4415,354,161,RUNNING,10,0,10,RUNNING,RUNNING,RUNNING,480,3934,4414,371.72,3046.14,true
1780853334205,1563151,step,4416,473,131,WALKING,9,1,10,RUNNING,RUNNING,RUNNING,480,3935,4415,371.72,3046.14,true
1780853334610,1563556,step,4417,405,148,WALKING,8,2,10,RUNNING,RUNNING,RUNNING,480,3936,4416,371.72,3048.39,true
1780853334931,1563877,step,4418,321,148,WALKING,7,3,10,RUNNING,RUNNING,RUNNING,480,3937,4417,371.72,3048.39,true
1780853335268,1564214,step,4419,337,169,RUNNING,7,3,10,RUNNING,RUNNING,RUNNING,480,3938,4418,371.72,3048.39,true
1780853335522,1564468,step,4420,254,178,RUNNING,7,3,10,RUNNING,RUNNING,RUNNING,480,3939,4419,371.72,3050.48,true
1780853335809,1564755,step,4421,287,186,RUNNING,7,3,10,RUNNING,RUNNING,RUNNING,480,3940,4420,371.72,3050.48,true
1780853336079,1565025,step,4422,270,209,RUNNING,7,3,10,RUNNING,RUNNING,RUNNING,480,3941,4421,371.72,3050.48,true
1780853336349,1565295,step,4423,270,222,RUNNING,7,3,10,RUNNING,RUNNING,RUNNING,480,3942,4422,371.72,3050.48,true
1780853336619,1565565,step,4424,270,222,RUNNING,7,3,10,RUNNING,RUNNING,RUNNING,480,3943,4423,371.72,3052.44,true
1780853336872,1565818,step,4425,253,222,RUNNING,7,3,10,RUNNING,RUNNING,RUNNING,480,3944,4424,371.72,3052.44,true
1780853337125,1566071,step,4426,253,222,RUNNING,8,2,10,RUNNING,RUNNING,RUNNING,480,3945,4425,371.72,3052.44,true
1780853337455,1566401,step,4427,330,222,RUNNING,9,1,10,RUNNING,RUNNING,RUNNING,480,3946,4426,371.72,3054.59,true
1780853337751,1566697,step,4428,296,222,RUNNING,10,0,10,RUNNING,RUNNING,RUNNING,480,3947,4427,371.72,3054.59,true
1780853338026,1566972,step,4429,275,218,RUNNING,10,0,10,RUNNING,RUNNING,RUNNING,480,3948,4428,371.72,3054.59,true
1780853338370,1567316,step,4430,344,202,RUNNING,10,0,10,RUNNING,RUNNING,RUNNING,480,3949,4429,371.72,3054.59,true
1780853338605,1567551,step,4431,235,202,RUNNING,10,0,10,RUNNING,RUNNING,RUNNING,480,3950,4430,371.72,3056.64,true
1780853338909,1567855,step,4432,304,202,RUNNING,10,0,10,RUNNING,RUNNING,RUNNING,480,3951,4431,371.72,3056.64,true
1780853339213,1568159,step,4433,304,197,RUNNING,10,0,10,RUNNING,RUNNING,RUNNING,480,3952,4432,371.72,3056.64,true
1780853339466,1568412,step,4434,253,197,RUNNING,10,0,10,RUNNING,RUNNING,RUNNING,480,3953,4433,371.72,3058.61,true
1780853339787,1568733,step,4435,321,197,RUNNING,10,0,10,RUNNING,RUNNING,RUNNING,480,3954,4434,371.72,3058.61,true
1780853340040,1568986,step,4436,253,197,RUNNING,10,0,10,RUNNING,RUNNING,RUNNING,480,3955,4435,371.72,3058.61,true
1780853340378,1569324,step,4437,338,197,RUNNING,10,0,10,RUNNING,RUNNING,RUNNING,480,3956,4436,371.72,3058.61,true
1780853340614,1569560,step,4438,236,237,RUNNING,10,0,10,RUNNING,RUNNING,RUNNING,480,3957,4437,371.72,3060.49,true
1780853340918,1569864,step,4439,304,197,RUNNING,10,0,10,RUNNING,RUNNING,RUNNING,480,3958,4438,371.72,3060.49,true
1780853341171,1570117,step,4440,253,237,RUNNING,10,0,10,RUNNING,RUNNING,RUNNING,480,3959,4439,371.72,3060.49,true
1780853341475,1570421,step,4441,304,197,RUNNING,10,0,10,RUNNING,RUNNING,RUNNING,480,3960,4440,371.72,3062.34,true
1780853341796,1570742,step,4442,321,197,RUNNING,10,0,10,RUNNING,RUNNING,RUNNING,480,3961,4441,371.72,3062.34,true
1780853342100,1571046,step,4443,304,197,RUNNING,10,0,10,RUNNING,RUNNING,RUNNING,480,3962,4442,371.72,3062.34,true
1780853342421,1571367,step,4444,321,197,RUNNING,10,0,10,RUNNING,RUNNING,RUNNING,480,3963,4443,371.72,3064.23,true
1780853342657,1571603,step,4445,236,197,RUNNING,10,0,10,RUNNING,RUNNING,RUNNING,480,3964,4444,371.72,3064.23,true
1780853343011,1571957,step,4446,354,186,RUNNING,10,0,10,RUNNING,RUNNING,RUNNING,480,3965,4445,371.72,3064.23,true
1780853343282,1572228,step,4447,271,197,RUNNING,10,0,10,RUNNING,RUNNING,RUNNING,480,3966,4446,371.72,3064.23,true
1780853343585,1572531,step,4448,303,198,RUNNING,10,0,10,RUNNING,RUNNING,RUNNING,480,3967,4447,371.72,3066.16,true
1780853343991,1572937,step,4449,406,198,RUNNING,10,0,10,RUNNING,RUNNING,RUNNING,480,3968,4448,371.72,3066.16,true
1780853344396,1573342,step,4450,405,169,RUNNING,10,0,10,RUNNING,RUNNING,RUNNING,480,3969,4449,371.72,3068.00,true
1780853344733,1573679,step,4451,337,178,RUNNING,10,0,10,RUNNING,RUNNING,RUNNING,480,3970,4450,371.72,3068.00,true
1780853344988,1573934,step,4452,255,178,RUNNING,10,0,10,RUNNING,RUNNING,RUNNING,480,3971,4451,371.72,3068.00,true
1780853345292,1574238,step,4453,304,178,RUNNING,10,0,10,RUNNING,RUNNING,RUNNING,480,3972,4452,371.72,3068.00,true
1780853345612,1574558,step,4454,320,187,RUNNING,10,0,10,RUNNING,RUNNING,RUNNING,480,3973,4453,371.72,3069.95,true
1780853346000,1574946,step,4455,388,187,RUNNING,10,0,10,RUNNING,RUNNING,RUNNING,480,3974,4454,371.72,3069.95,true
1780853346422,1575368,step,4456,422,187,RUNNING,10,0,10,RUNNING,RUNNING,RUNNING,480,3975,4455,371.72,3072.11,true
1780853346827,1575773,step,4457,405,154,RUNNING,10,0,10,RUNNING,RUNNING,RUNNING,480,3976,4456,371.72,3072.11,true
1780853347232,1576178,step,4458,405,148,WALKING,9,1,10,RUNNING,RUNNING,RUNNING,480,3977,4457,371.72,3072.11,true
1780853347502,1576448,step,4459,270,148,WALKING,8,2,10,RUNNING,RUNNING,RUNNING,480,3978,4458,371.72,3074.50,true
1780853347755,1576701,step,4460,253,148,WALKING,7,3,10,RUNNING,RUNNING,RUNNING,480,3979,4459,371.72,3074.50,true
1780853348059,1577005,step,4461,304,197,RUNNING,7,3,10,RUNNING,RUNNING,RUNNING,480,3980,4460,371.72,3074.50,true
1780853348296,1577242,step,4462,237,222,RUNNING,7,3,10,RUNNING,RUNNING,RUNNING,480,3981,4461,371.72,3074.50,true
1780853348616,1577562,step,4463,320,222,RUNNING,7,3,10,RUNNING,RUNNING,RUNNING,480,3982,4462,371.72,3076.78,true
1780853348870,1577816,step,4464,254,236,RUNNING,7,3,10,RUNNING,RUNNING,RUNNING,480,3983,4463,371.72,3076.78,true
1780853349309,1578255,step,4465,439,197,RUNNING,7,3,10,RUNNING,RUNNING,RUNNING,480,3984,4464,371.72,3076.78,true
1780853349646,1578592,step,4466,337,187,RUNNING,7,3,10,RUNNING,RUNNING,RUNNING,480,3985,4465,371.72,3078.94,true
1780853350085,1579031,step,4467,439,178,RUNNING,7,3,10,RUNNING,RUNNING,RUNNING,480,3986,4466,371.72,3078.94,true
1780853350457,1579403,step,4468,372,161,RUNNING,8,2,10,RUNNING,RUNNING,RUNNING,480,3987,4467,371.72,3080.90,true
1780853350895,1579841,step,4469,438,136,WALKING,8,2,10,RUNNING,RUNNING,RUNNING,480,3988,4468,371.72,3080.90,true
1780853351301,1580247,step,4470,406,147,WALKING,8,2,10,RUNNING,RUNNING,RUNNING,480,3989,4469,371.72,3080.90,true
1780853351689,1580635,step,4471,388,147,WALKING,7,3,10,RUNNING,RUNNING,RUNNING,480,3990,4470,371.72,3082.87,true
1780853352094,1581040,step,4472,405,148,WALKING,6,4,10,RUNNING,RUNNING,RUNNING,480,3991,4471,371.72,3082.87,true
1780853352482,1581428,step,4473,388,148,WALKING,5,5,10,RUNNING,RUNNING,RUNNING,480,3992,4472,371.72,3085.05,true
1780853352871,1581817,step,4474,389,154,RUNNING,5,5,10,RUNNING,RUNNING,RUNNING,480,3993,4473,371.72,3085.05,true
1780853353276,1582222,step,4475,405,154,RUNNING,5,5,10,RUNNING,RUNNING,RUNNING,480,3994,4474,371.72,3085.05,true
1780853353512,1582458,step,4476,236,154,RUNNING,5,5,10,RUNNING,RUNNING,RUNNING,480,3995,4475,371.72,3087.57,true
1780853353748,1582694,step,4477,236,154,RUNNING,5,5,10,RUNNING,RUNNING,RUNNING,480,3996,4476,371.72,3087.57,true
1780853354035,1582981,step,4478,287,209,RUNNING,5,5,10,RUNNING,RUNNING,RUNNING,480,3997,4477,371.72,3087.57,true
1780853354306,1583252,step,4479,271,221,RUNNING,6,4,10,RUNNING,RUNNING,RUNNING,480,3998,4478,371.72,3087.57,true
1780853354559,1583505,step,4480,253,237,RUNNING,7,3,10,RUNNING,RUNNING,RUNNING,480,3999,4479,371.72,3090.24,true
1780853354829,1583775,step,4481,270,222,RUNNING,8,2,10,RUNNING,RUNNING,RUNNING,480,4000,4480,371.72,3090.24,true
1780853355082,1584028,step,4482,253,222,RUNNING,9,1,10,RUNNING,RUNNING,RUNNING,480,4001,4481,371.72,3090.24,true
1780853355605,1584551,step,4483,523,222,RUNNING,10,0,10,RUNNING,RUNNING,RUNNING,480,4002,4482,371.72,3092.72,true
1780853356011,1584957,step,4484,406,222,RUNNING,10,0,10,RUNNING,RUNNING,RUNNING,480,4003,4483,371.72,3092.72,true
1780853356382,1585328,step,4485,371,161,RUNNING,10,0,10,RUNNING,RUNNING,RUNNING,480,4004,4484,371.72,3092.72,true
1780853356652,1585598,step,4486,270,161,RUNNING,10,0,10,RUNNING,RUNNING,RUNNING,480,4005,4485,371.72,3095.09,true
1780853357159,1586105,step,4487,507,147,WALKING,9,1,10,RUNNING,RUNNING,RUNNING,480,4006,4486,371.72,3095.09,true
1780853357564,1586510,step,4488,405,148,WALKING,8,2,10,RUNNING,RUNNING,RUNNING,480,4007,4487,371.72,3097.77,true
1780853357969,1586915,step,4489,405,148,WALKING,7,3,10,RUNNING,RUNNING,RUNNING,480,4008,4488,371.72,3097.77,true
1780853358222,1587168,step,4490,253,148,WALKING,6,4,10,RUNNING,RUNNING,RUNNING,480,4009,4489,371.72,3097.77,true
1780853358526,1587472,step,4491,304,148,WALKING,5,5,10,RUNNING,RUNNING,RUNNING,480,4010,4490,371.72,3100.68,true
1780853358847,1587793,step,4492,321,186,RUNNING,5,5,10,RUNNING,RUNNING,RUNNING,480,4011,4491,371.72,3100.68,true
1780853359134,1588080,step,4493,287,197,RUNNING,5,5,10,RUNNING,RUNNING,RUNNING,480,4012,4492,371.72,3100.68,true
1780853359370,1588316,step,4494,236,209,RUNNING,5,5,10,RUNNING,RUNNING,RUNNING,480,4013,4493,371.72,3100.68,true
1780853359725,1588671,step,4495,355,197,RUNNING,5,5,10,RUNNING,RUNNING,RUNNING,480,4014,4494,371.72,3103.75,true
1780853360012,1588958,step,4496,287,209,RUNNING,5,5,10,RUNNING,RUNNING,RUNNING,480,4015,4495,371.72,3103.75,true
1780853360248,1589194,step,4497,236,209,RUNNING,6,4,10,RUNNING,RUNNING,RUNNING,480,4016,4496,371.72,3103.75,true
1780853360602,1589548,step,4498,354,209,RUNNING,7,3,10,RUNNING,RUNNING,RUNNING,480,4017,4497,371.72,3106.84,true
1780853360889,1589835,step,4499,287,209,RUNNING,8,2,10,RUNNING,RUNNING,RUNNING,480,4018,4498,371.72,3106.84,true
1780853361126,1590072,step,4500,237,209,RUNNING,9,1,10,RUNNING,RUNNING,RUNNING,480,4019,4499,371.72,3106.84,true
1780853361514,1590460,step,4501,388,209,RUNNING,10,0,10,RUNNING,RUNNING,RUNNING,480,4020,4500,371.72,3108.62,true
1780853361919,1590865,step,4502,405,169,RUNNING,10,0,10,RUNNING,RUNNING,RUNNING,480,4021,4501,371.72,3108.62,true
1780853362307,1591253,step,4503,388,154,RUNNING,10,0,10,RUNNING,RUNNING,RUNNING,480,4022,4502,371.72,3108.62,true
1780853362628,1591574,step,4504,321,154,RUNNING,10,0,10,RUNNING,RUNNING,RUNNING,480,4023,4503,371.72,3110.10,true
1780853363101,1592047,step,4505,473,154,RUNNING,10,0,10,RUNNING,RUNNING,RUNNING,480,4024,4504,371.72,3110.10,true
1780853363540,1592486,step,4506,439,148,WALKING,9,1,10,RUNNING,RUNNING,RUNNING,480,4025,4505,371.72,3111.44,true
1780853363894,1592840,step,4507,354,154,RUNNING,9,1,10,RUNNING,RUNNING,RUNNING,480,4026,4506,371.72,3111.44,true
1780853364334,1593280,step,4508,440,136,WALKING,8,2,10,RUNNING,RUNNING,RUNNING,480,4027,4507,371.72,3111.44,true
1780853364723,1593669,step,4509,389,136,WALKING,7,3,10,RUNNING,RUNNING,RUNNING,480,4028,4508,371.72,3112.70,true
1780853365144,1594090,step,4510,421,142,WALKING,6,4,10,RUNNING,RUNNING,RUNNING,480,4029,4509,371.72,3112.70,true
1780853365549,1594495,step,4511,405,148,WALKING,5,5,10,RUNNING,RUNNING,RUNNING,480,4030,4510,371.72,3114.38,true
1780853365785,1594731,switch,4512,236,148,WALKING,4,6,10,RUNNING,WALKING,RUNNING,480,4031,4511,371.72,3114.38,true
1780853365785,1594731,step,4512,236,148,WALKING,4,6,10,RUNNING,WALKING,WALKING,480,4031,4511,371.72,3114.38,true
1780853366072,1595018,step,4513,287,154,RUNNING,4,6,10,WALKING,WALKING,WALKING,481,4031,4512,372.19,3114.38,true
1780853366359,1595305,step,4514,287,209,RUNNING,4,6,10,WALKING,WALKING,WALKING,482,4031,4513,372.66,3114.38,true
1780853366595,1595541,step,4515,236,209,RUNNING,4,6,10,WALKING,WALKING,WALKING,483,4031,4514,374.64,3114.38,true
1780853366933,1595879,step,4516,338,209,RUNNING,5,5,10,WALKING,WALKING,WALKING,484,4031,4515,374.64,3114.38,true
1780853367271,1596217,step,4517,338,209,RUNNING,5,5,10,WALKING,WALKING,WALKING,485,4031,4516,374.64,3114.38,true
1780853367558,1596504,step,4518,287,209,RUNNING,6,4,10,WALKING,WALKING,WALKING,486,4031,4517,376.02,3114.38,true
1780853367946,1596892,step,4519,388,177,RUNNING,7,3,10,WALKING,WALKING,WALKING,487,4031,4518,376.02,3114.38,true
1780853368250,1597196,switch,4520,304,177,RUNNING,8,2,10,WALKING,RUNNING,WALKING,488,4031,4519,376.02,3114.38,true
1780853368250,1597196,step,4520,304,177,RUNNING,8,2,10,WALKING,RUNNING,RUNNING,488,4031,4519,376.02,3114.38,true
1780853368707,1597653,step,4521,457,177,RUNNING,9,1,10,RUNNING,RUNNING,RUNNING,488,4032,4520,376.02,3116.70,true
1780853368942,1597888,step,4522,235,197,RUNNING,10,0,10,RUNNING,RUNNING,RUNNING,488,4033,4521,376.02,3116.70,true
1780853369263,1598209,step,4523,321,186,RUNNING,10,0,10,RUNNING,RUNNING,RUNNING,488,4034,4522,376.02,3116.70,true
1780853369499,1598445,step,4524,236,197,RUNNING,10,0,10,RUNNING,RUNNING,RUNNING,488,4035,4523,376.02,3118.26,true
1780853369921,1598867,step,4525,422,186,RUNNING,10,0,10,RUNNING,RUNNING,RUNNING,488,4036,4524,376.02,3118.26,true
1780853370208,1599154,step,4526,287,209,RUNNING,10,0,10,RUNNING,RUNNING,RUNNING,488,4037,4525,376.02,3118.26,true
1780853370444,1599390,step,4527,236,209,RUNNING,10,0,10,RUNNING,RUNNING,RUNNING,488,4038,4526,376.02,3120.04,true
1780853370731,1599677,step,4528,287,209,RUNNING,10,0,10,RUNNING,RUNNING,RUNNING,488,4039,4527,376.02,3120.04,true
1780853371103,1600049,step,4529,372,209,RUNNING,10,0,10,RUNNING,RUNNING,RUNNING,488,4040,4528,376.02,3120.04,true
1780853371339,1600285,step,4530,236,209,RUNNING,10,0,10,RUNNING,RUNNING,RUNNING,488,4041,4529,376.02,3120.04,true
1780853371609,1600555,step,4531,270,222,RUNNING,10,0,10,RUNNING,RUNNING,RUNNING,488,4042,4530,376.02,3122.11,true
1780853371913,1600859,step,4532,304,209,RUNNING,10,0,10,RUNNING,RUNNING,RUNNING,488,4043,4531,376.02,3122.11,true
1780853372335,1601281,step,4533,422,197,RUNNING,10,0,10,RUNNING,RUNNING,RUNNING,488,4044,4532,376.02,3122.11,true
1780853372706,1601652,step,4534,371,197,RUNNING,10,0,10,RUNNING,RUNNING,RUNNING,488,4045,4533,376.02,3124.42,true
1780853373145,1602091,step,4535,439,161,RUNNING,10,0,10,RUNNING,RUNNING,RUNNING,488,4046,4534,376.02,3124.42,true
1780853373432,1602378,step,4536,287,161,RUNNING,10,0,10,RUNNING,RUNNING,RUNNING,488,4047,4535,376.02,3126.90,true
1780853373838,1602784,step,4537,406,147,WALKING,9,1,10,RUNNING,RUNNING,RUNNING,488,4048,4536,376.02,3126.90,true
1780853374074,1603020,step,4538,236,161,RUNNING,9,1,10,RUNNING,RUNNING,RUNNING,488,4049,4537,376.02,3126.90,true
1780853374327,1603273,step,4539,253,209,RUNNING,9,1,10,RUNNING,RUNNING,RUNNING,488,4050,4538,376.02,3126.90,true
1780853374749,1603695,step,4540,422,209,RUNNING,9,1,10,RUNNING,RUNNING,RUNNING,488,4051,4539,376.02,3129.44,true
1780853375121,1604067,step,4541,372,161,RUNNING,9,1,10,RUNNING,RUNNING,RUNNING,488,4052,4540,376.02,3129.44,true
1780853375543,1604489,step,4542,422,161,RUNNING,9,1,10,RUNNING,RUNNING,RUNNING,488,4053,4541,376.02,3131.98,true
1780853375897,1604843,step,4543,354,161,RUNNING,9,1,10,RUNNING,RUNNING,RUNNING,488,4054,4542,376.02,3131.98,true
1780853376133,1605079,step,4544,236,161,RUNNING,9,1,10,RUNNING,RUNNING,RUNNING,488,4055,4543,376.02,3131.98,true
1780853376370,1605316,step,4545,237,169,RUNNING,9,1,10,RUNNING,RUNNING,RUNNING,488,4056,4544,376.02,3131.98,true
1780853376657,1605603,step,4546,287,209,RUNNING,9,1,10,RUNNING,RUNNING,RUNNING,488,4057,4545,376.02,3134.62,true
1780853376977,1605923,step,4547,320,209,RUNNING,10,0,10,RUNNING,RUNNING,RUNNING,488,4058,4546,376.02,3134.62,true
1780853377214,1606160,step,4548,237,253,RUNNING,10,0,10,RUNNING,RUNNING,RUNNING,488,4059,4547,376.02,3134.62,true
1780853377568,1606514,step,4549,354,209,RUNNING,10,0,10,RUNNING,RUNNING,RUNNING,488,4060,4548,376.02,3137.48,true
1780853377838,1606784,step,4550,270,209,RUNNING,10,0,10,RUNNING,RUNNING,RUNNING,488,4061,4549,376.02,3137.48,true
1780853378210,1607156,step,4551,372,187,RUNNING,10,0,10,RUNNING,RUNNING,RUNNING,488,4062,4550,376.02,3137.48,true
1780853378632,1607578,step,4552,422,169,RUNNING,10,0,10,RUNNING,RUNNING,RUNNING,488,4063,4551,376.02,3140.76,true
1780853378986,1607932,step,4553,354,169,RUNNING,10,0,10,RUNNING,RUNNING,RUNNING,488,4064,4552,376.02,3140.76,true
1780853379425,1608371,step,4554,439,161,RUNNING,10,0,10,RUNNING,RUNNING,RUNNING,488,4065,4553,376.02,3144.34,true
1780853379814,1608760,step,4555,389,154,RUNNING,10,0,10,RUNNING,RUNNING,RUNNING,488,4066,4554,376.02,3144.34,true
1780853380151,1609097,step,4556,337,154,RUNNING,10,0,10,RUNNING,RUNNING,RUNNING,488,4067,4555,376.02,3144.34,true
1780853380624,1609570,step,4557,473,154,RUNNING,10,0,10,RUNNING,RUNNING,RUNNING,488,4068,4556,376.02,3147.06,true
1780853381063,1610009,step,4558,439,136,WALKING,9,1,10,RUNNING,RUNNING,RUNNING,488,4069,4557,376.02,3147.06,true
1780853381451,1610397,step,4559,388,154,RUNNING,9,1,10,RUNNING,RUNNING,RUNNING,488,4070,4558,376.02,3149.50,true
1780853381772,1610718,step,4560,321,154,RUNNING,9,1,10,RUNNING,RUNNING,RUNNING,488,4071,4559,376.02,3149.50,true
1780853382008,1610954,step,4561,236,154,RUNNING,9,1,10,RUNNING,RUNNING,RUNNING,488,4072,4560,376.02,3149.50,true
1780853382261,1611207,step,4562,253,186,RUNNING,9,1,10,RUNNING,RUNNING,RUNNING,488,4073,4561,376.02,3149.50,true
1780853382717,1611663,step,4563,456,186,RUNNING,9,1,10,RUNNING,RUNNING,RUNNING,488,4074,4562,376.02,3152.02,true
1780853383105,1612051,step,4564,388,186,RUNNING,9,1,10,RUNNING,RUNNING,RUNNING,488,4075,4563,376.02,3152.02,true
1780853383342,1612288,step,4565,237,237,RUNNING,9,1,10,RUNNING,RUNNING,RUNNING,488,4076,4564,376.02,3152.02,true
1780853383646,1612592,step,4566,304,197,RUNNING,9,1,10,RUNNING,RUNNING,RUNNING,488,4077,4565,376.02,3154.30,true
1780853383916,1612862,step,4567,270,197,RUNNING,9,1,10,RUNNING,RUNNING,RUNNING,488,4078,4566,376.02,3154.30,true
1780853384152,1613098,step,4568,236,222,RUNNING,10,0,10,RUNNING,RUNNING,RUNNING,488,4079,4567,376.02,3154.30,true
1780853384439,1613385,step,4569,287,222,RUNNING,10,0,10,RUNNING,RUNNING,RUNNING,488,4080,4568,376.02,3156.57,true
1780853384675,1613621,step,4570,236,222,RUNNING,10,0,10,RUNNING,RUNNING,RUNNING,488,4081,4569,376.02,3156.57,true
1780853385013,1613959,step,4571,338,222,RUNNING,10,0,10,RUNNING,RUNNING,RUNNING,488,4082,4570,376.02,3156.57,true
1780853385486,1614432,step,4572,473,209,RUNNING,10,0,10,RUNNING,RUNNING,RUNNING,488,4083,4571,376.02,3159.34,true
1780853385908,1614854,step,4573,422,177,RUNNING,10,0,10,RUNNING,RUNNING,RUNNING,488,4084,4572,376.02,3159.34,true
1780853386280,1615226,step,4574,372,161,RUNNING,10,0,10,RUNNING,RUNNING,RUNNING,488,4085,4573,376.02,3159.34,true
1780853386718,1615664,step,4575,438,142,WALKING,9,1,10,RUNNING,RUNNING,RUNNING,488,4086,4574,376.02,3162.25,true
1780853387089,1616035,step,4576,371,142,WALKING,8,2,10,RUNNING,RUNNING,RUNNING,488,4087,4575,376.02,3162.25,true
1780853387528,1616474,step,4577,439,142,WALKING,7,3,10,RUNNING,RUNNING,RUNNING,488,4088,4576,376.02,3165.34,true
1780853387917,1616863,step,4578,389,154,RUNNING,7,3,10,RUNNING,RUNNING,RUNNING,488,4089,4577,376.02,3165.34,true
1780853388339,1617285,step,4579,422,142,WALKING,6,4,10,RUNNING,RUNNING,RUNNING,488,4090,4578,376.02,3165.34,true
1780853388710,1617656,step,4580,371,154,RUNNING,6,4,10,RUNNING,RUNNING,RUNNING,488,4091,4579,376.02,3168.39,true
1780853388963,1617909,step,4581,253,154,RUNNING,6,4,10,RUNNING,RUNNING,RUNNING,488,4092,4580,376.02,3168.39,true
1780853389200,1618146,step,4582,237,161,RUNNING,6,4,10,RUNNING,RUNNING,RUNNING,488,4093,4581,376.02,3168.39,true
1780853389503,1618449,step,4583,303,198,RUNNING,6,4,10,RUNNING,RUNNING,RUNNING,488,4094,4582,376.02,3171.32,true
1780853389740,1618686,step,4584,237,237,RUNNING,6,4,10,RUNNING,RUNNING,RUNNING,488,4095,4583,376.02,3171.32,true
1780853390060,1619006,step,4585,320,237,RUNNING,7,3,10,RUNNING,RUNNING,RUNNING,488,4096,4584,376.02,3171.32,true
1780853390331,1619277,step,4586,271,221,RUNNING,8,2,10,RUNNING,RUNNING,RUNNING,488,4097,4585,376.02,3171.32,true
1780853390702,1619648,step,4587,371,198,RUNNING,9,1,10,RUNNING,RUNNING,RUNNING,488,4098,4586,376.02,3173.69,true
1780853390938,1619884,step,4588,236,221,RUNNING,9,1,10,RUNNING,RUNNING,RUNNING,488,4099,4587,376.02,3173.69,true
1780853391310,1620256,step,4589,372,187,RUNNING,10,0,10,RUNNING,RUNNING,RUNNING,488,4100,4588,376.02,3173.69,true
1780853391647,1620593,step,4590,337,178,RUNNING,10,0,10,RUNNING,RUNNING,RUNNING,488,4101,4589,376.02,3175.98,true
1780853392036,1620982,step,4591,389,161,RUNNING,10,0,10,RUNNING,RUNNING,RUNNING,488,4102,4590,376.02,3175.98,true
1780853392475,1621421,step,4592,439,161,RUNNING,10,0,10,RUNNING,RUNNING,RUNNING,488,4103,4591,376.02,3178.20,true
1780853392863,1621809,step,4593,388,154,RUNNING,10,0,10,RUNNING,RUNNING,RUNNING,488,4104,4592,376.02,3178.20,true
1780853393285,1622231,step,4594,422,154,RUNNING,10,0,10,RUNNING,RUNNING,RUNNING,488,4105,4593,376.02,3178.20,true
1780853393673,1622619,step,4595,388,154,RUNNING,10,0,10,RUNNING,RUNNING,RUNNING,488,4106,4594,376.02,3179.87,true
1780853394095,1623041,step,4596,422,142,WALKING,9,1,10,RUNNING,RUNNING,RUNNING,488,4107,4595,376.02,3179.87,true
1780853394365,1623311,step,4597,270,154,RUNNING,9,1,10,RUNNING,RUNNING,RUNNING,488,4108,4596,376.02,3179.87,true
1780853394618,1623564,step,4598,253,154,RUNNING,9,1,10,RUNNING,RUNNING,RUNNING,488,4109,4597,376.02,3181.51,true
1780853394905,1623851,step,4599,287,209,RUNNING,9,1,10,RUNNING,RUNNING,RUNNING,488,4110,4598,376.02,3181.51,true
1780853395226,1624172,step,4600,321,209,RUNNING,9,1,10,RUNNING,RUNNING,RUNNING,488,4111,4599,376.02,3181.51,true
1780853395462,1624408,step,4601,236,222,RUNNING,9,1,10,RUNNING,RUNNING,RUNNING,488,4112,4600,376.02,3183.15,true
1780853395783,1624729,step,4602,321,209,RUNNING,9,1,10,RUNNING,RUNNING,RUNNING,488,4113,4601,376.02,3183.15,true
1780853396053,1624999,step,4603,270,209,RUNNING,9,1,10,RUNNING,RUNNING,RUNNING,488,4114,4602,376.02,3183.15,true
1780853396458,1625404,step,4604,405,186,RUNNING,9,1,10,RUNNING,RUNNING,RUNNING,488,4115,4603,376.02,3184.92,true
1780853396712,1625658,step,4605,254,222,RUNNING,9,1,10,RUNNING,RUNNING,RUNNING,488,4116,4604,376.02,3184.92,true
1780853396982,1625928,step,4606,270,222,RUNNING,10,0,10,RUNNING,RUNNING,RUNNING,488,4117,4605,376.02,3184.92,true
1780853397252,1626198,step,4607,270,222,RUNNING,10,0,10,RUNNING,RUNNING,RUNNING,488,4118,4606,376.02,3184.92,true
1780853397505,1626451,step,4608,253,222,RUNNING,10,0,10,RUNNING,RUNNING,RUNNING,488,4119,4607,376.02,3186.82,true
1780853397758,1626704,step,4609,253,236,RUNNING,10,0,10,RUNNING,RUNNING,RUNNING,488,4120,4608,376.02,3186.82,true
1780853398028,1626974,step,4610,270,222,RUNNING,10,0,10,RUNNING,RUNNING,RUNNING,488,4121,4609,376.02,3186.82,true
1780853398383,1627329,step,4611,355,222,RUNNING,10,0,10,RUNNING,RUNNING,RUNNING,488,4122,4610,376.02,3186.82,true
1780853398839,1627785,step,4612,456,222,RUNNING,10,0,10,RUNNING,RUNNING,RUNNING,488,4123,4611,376.02,3188.68,true
1780853399210,1628156,step,4613,371,169,RUNNING,10,0,10,RUNNING,RUNNING,RUNNING,488,4124,4612,376.02,3188.68,true
1780853399514,1628460,step,4614,304,169,RUNNING,10,0,10,RUNNING,RUNNING,RUNNING,488,4125,4613,376.02,3190.66,true
1780853399902,1628848,step,4615,388,161,RUNNING,10,0,10,RUNNING,RUNNING,RUNNING,488,4126,4614,376.02,3190.66,true
1780853400139,1629085,step,4616,237,161,RUNNING,10,0,10,RUNNING,RUNNING,RUNNING,488,4127,4615,376.02,3190.66,true
1780853400409,1629355,step,4617,270,197,RUNNING,10,0,10,RUNNING,RUNNING,RUNNING,488,4128,4616,376.02,3192.71,true
1780853400780,1629726,step,4618,371,197,RUNNING,10,0,10,RUNNING,RUNNING,RUNNING,488,4129,4617,376.02,3192.71,true
1780853401219,1630165,step,4619,439,161,RUNNING,10,0,10,RUNNING,RUNNING,RUNNING,488,4130,4618,376.02,3192.71,true
1780853401590,1630536,step,4620,371,161,RUNNING,10,0,10,RUNNING,RUNNING,RUNNING,488,4131,4619,376.02,3194.65,true
1780853401928,1630874,step,4621,338,161,RUNNING,10,0,10,RUNNING,RUNNING,RUNNING,488,4132,4620,376.02,3194.65,true
1780853402418,1631364,step,4622,490,161,RUNNING,10,0,10,RUNNING,RUNNING,RUNNING,488,4133,4621,376.02,3196.46,true
1780853402789,1631735,step,4623,371,161,RUNNING,10,0,10,RUNNING,RUNNING,RUNNING,488,4134,4622,376.02,3196.46,true
1780853403245,1632191,step,4624,456,161,RUNNING,10,0,10,RUNNING,RUNNING,RUNNING,488,4135,4623,376.02,3196.46,true
1780853403599,1632545,step,4625,354,161,RUNNING,10,0,10,RUNNING,RUNNING,RUNNING,488,4136,4624,376.02,3198.52,true
1780853403836,1632782,step,4626,237,161,RUNNING,10,0,10,RUNNING,RUNNING,RUNNING,488,4137,4625,376.02,3198.52,true
1780853404089,1633035,step,4627,253,169,RUNNING,10,0,10,RUNNING,RUNNING,RUNNING,488,4138,4626,376.02,3198.52,true
1780853404511,1633457,step,4628,422,169,RUNNING,10,0,10,RUNNING,RUNNING,RUNNING,488,4139,4627,376.02,3200.80,true
1780853404882,1633828,step,4629,371,169,RUNNING,10,0,10,RUNNING,RUNNING,RUNNING,488,4140,4628,376.02,3200.80,true
1780853405119,1634065,step,4630,237,237,RUNNING,10,0,10,RUNNING,RUNNING,RUNNING,488,4141,4629,376.02,3200.80,true
1780853405372,1634318,step,4631,253,237,RUNNING,10,0,10,RUNNING,RUNNING,RUNNING,488,4142,4630,376.02,3200.80,true
1780853405676,1634622,step,4632,304,197,RUNNING,10,0,10,RUNNING,RUNNING,RUNNING,488,4143,4631,376.02,3203.32,true
1780853406131,1635077,step,4633,455,197,RUNNING,10,0,10,RUNNING,RUNNING,RUNNING,488,4144,4632,376.02,3203.32,true
1780853406503,1635449,step,4634,372,197,RUNNING,10,0,10,RUNNING,RUNNING,RUNNING,488,4145,4633,376.02,3206.09,true
1780853406908,1635854,step,4635,405,161,RUNNING,10,0,10,RUNNING,RUNNING,RUNNING,488,4146,4634,376.02,3206.09,true
1780853407296,1636242,step,4636,388,154,RUNNING,10,0,10,RUNNING,RUNNING,RUNNING,488,4147,4635,376.02,3206.09,true
1780853407718,1636664,step,4637,422,148,WALKING,9,1,10,RUNNING,RUNNING,RUNNING,488,4148,4636,376.02,3208.80,true
1780853408123,1637069,step,4638,405,148,WALKING,8,2,10,RUNNING,RUNNING,RUNNING,488,4149,4637,376.02,3208.80,true
1780853408377,1637323,step,4639,254,148,WALKING,7,3,10,RUNNING,RUNNING,RUNNING,488,4150,4638,376.02,3208.80,true
1780853408680,1637626,step,4640,303,154,RUNNING,7,3,10,RUNNING,RUNNING,RUNNING,488,4151,4639,376.02,3211.39,true
1780853408951,1637897,step,4641,271,198,RUNNING,7,3,10,RUNNING,RUNNING,RUNNING,488,4152,4640,376.02,3211.39,true
1780853409288,1638234,step,4642,337,198,RUNNING,7,3,10,RUNNING,RUNNING,RUNNING,488,4153,4641,376.02,3211.39,true
1780853409795,1638741,step,4643,507,198,RUNNING,7,3,10,RUNNING,RUNNING,RUNNING,488,4154,4642,376.02,3213.42,true
1780853410250,1639196,step,4644,455,178,RUNNING,7,3,10,RUNNING,RUNNING,RUNNING,488,4155,4643,376.02,3213.42,true
1780853410656,1639602,step,4645,406,147,WALKING,6,4,10,RUNNING,RUNNING,RUNNING,488,4156,4644,376.02,3214.71,true
1780853411111,1640057,step,4646,455,131,WALKING,5,5,10,RUNNING,RUNNING,RUNNING,488,4157,4645,376.02,3214.71,true
1780853411500,1640446,step,4647,389,131,WALKING,5,5,10,RUNNING,RUNNING,RUNNING,488,4158,4646,376.02,3215.84,true
1780853411820,1640766,step,4648,320,147,WALKING,5,5,10,RUNNING,RUNNING,RUNNING,488,4159,4647,376.02,3215.84,true
1780853412074,1641020,step,4649,254,154,RUNNING,6,4,10,RUNNING,RUNNING,RUNNING,488,4160,4648,376.02,3215.84,true
1780853412327,1641273,step,4650,253,187,RUNNING,6,4,10,RUNNING,RUNNING,RUNNING,488,4161,4649,376.02,3215.84,true
1780853412664,1641610,step,4651,337,187,RUNNING,6,4,10,RUNNING,RUNNING,RUNNING,488,4162,4650,376.02,3217.18,true
1780853413188,1642134,step,4652,524,187,RUNNING,6,4,10,RUNNING,RUNNING,RUNNING,488,4163,4651,376.02,3217.18,true
1780853413458,1642404,step,4653,270,222,RUNNING,6,4,10,RUNNING,RUNNING,RUNNING,488,4164,4652,376.02,3218.23,true
1780853413745,1642691,step,4654,287,209,RUNNING,6,4,10,RUNNING,RUNNING,RUNNING,488,4165,4653,376.02,3218.23,true
1780853414032,1642978,step,4655,287,209,RUNNING,7,3,10,RUNNING,RUNNING,RUNNING,488,4166,4654,376.02,3218.23,true
1780853414403,1643349,step,4656,371,209,RUNNING,8,2,10,RUNNING,RUNNING,RUNNING,488,4167,4655,376.02,3218.23,true
1780853414707,1643653,step,4657,304,209,RUNNING,9,1,10,RUNNING,RUNNING,RUNNING,488,4168,4656,376.02,3218.23,true
1780853415045,1643991,step,4658,338,197,RUNNING,10,0,10,RUNNING,RUNNING,RUNNING,488,4169,4657,376.02,3218.23,true
1780853415332,1644278,step,4659,287,197,RUNNING,10,0,10,RUNNING,RUNNING,RUNNING,488,4170,4658,376.02,3218.23,true
1780853415568,1644514,step,4660,236,197,RUNNING,10,0,10,RUNNING,RUNNING,RUNNING,488,4171,4659,376.02,3220.87,true
1780853415838,1644784,step,4661,270,209,RUNNING,10,0,10,RUNNING,RUNNING,RUNNING,488,4172,4660,376.02,3220.87,true
1780853416091,1645037,step,4662,253,222,RUNNING,10,0,10,RUNNING,RUNNING,RUNNING,488,4173,4661,376.02,3220.87,true
1780853416412,1645358,step,4663,321,222,RUNNING,10,0,10,RUNNING,RUNNING,RUNNING,488,4174,4662,376.02,3222.69,true
1780853416665,1645611,step,4664,253,237,RUNNING,10,0,10,RUNNING,RUNNING,RUNNING,488,4175,4663,376.02,3222.69,true
1780853416902,1645848,step,4665,237,237,RUNNING,10,0,10,RUNNING,RUNNING,RUNNING,488,4176,4664,376.02,3222.69,true
1780853417222,1646168,step,4666,320,237,RUNNING,10,0,10,RUNNING,RUNNING,RUNNING,488,4177,4665,376.02,3222.69,true
1780853417476,1646422,step,4667,254,236,RUNNING,10,0,10,RUNNING,RUNNING,RUNNING,488,4178,4666,376.02,3222.69,true
1780853417729,1646675,step,4668,253,237,RUNNING,10,0,10,RUNNING,RUNNING,RUNNING,488,4179,4667,376.02,3222.69,true
1780853417965,1646911,step,4669,236,237,RUNNING,10,0,10,RUNNING,RUNNING,RUNNING,488,4180,4668,376.02,3222.69,true
1780853418235,1647181,step,4670,270,236,RUNNING,10,0,10,RUNNING,RUNNING,RUNNING,488,4181,4669,376.02,3222.69,true
1780853418605,1647551,step,4671,370,236,RUNNING,10,0,10,RUNNING,RUNNING,RUNNING,488,4182,4670,376.02,3224.64,true
1780853418920,1647866,step,4672,315,222,RUNNING,10,0,10,RUNNING,RUNNING,RUNNING,488,4183,4671,376.02,3224.64,true
1780853419157,1648103,step,4673,237,222,RUNNING,10,0,10,RUNNING,RUNNING,RUNNING,488,4184,4672,376.02,3224.64,true
1780853419461,1648407,step,4674,304,197,RUNNING,10,0,10,RUNNING,RUNNING,RUNNING,488,4185,4673,376.02,3226.11,true
1780853419748,1648694,step,4675,287,197,RUNNING,10,0,10,RUNNING,RUNNING,RUNNING,488,4186,4674,376.02,3226.11,true
1780853420052,1648998,step,4676,304,197,RUNNING,10,0,10,RUNNING,RUNNING,RUNNING,488,4187,4675,376.02,3226.11,true
1780853420372,1649318,step,4677,320,197,RUNNING,10,0,10,RUNNING,RUNNING,RUNNING,488,4188,4676,376.02,3226.11,true
1780853420778,1649724,step,4678,406,197,RUNNING,10,0,10,RUNNING,RUNNING,RUNNING,488,4189,4677,376.02,3227.70,true
1780853421031,1649977,step,4679,253,197,RUNNING,10,0,10,RUNNING,RUNNING,RUNNING,488,4190,4678,376.02,3227.70,true
1780853421385,1650331,step,4680,354,187,RUNNING,10,0,10,RUNNING,RUNNING,RUNNING,488,4191,4679,376.02,3227.70,true
1780853421740,1650686,step,4681,355,169,RUNNING,10,0,10,RUNNING,RUNNING,RUNNING,488,4192,4680,376.02,3229.23,true
1780853422010,1650956,step,4682,270,169,RUNNING,10,0,10,RUNNING,RUNNING,RUNNING,488,4193,4681,376.02,3229.23,true
1780853422500,1651446,step,4683,490,169,RUNNING,10,0,10,RUNNING,RUNNING,RUNNING,488,4194,4682,376.02,3230.76,true
1780853423023,1651969,step,4684,523,169,RUNNING,10,0,10,RUNNING,RUNNING,RUNNING,488,4195,4683,376.02,3230.76,true
1780853423310,1652256,step,4685,287,169,RUNNING,10,0,10,RUNNING,RUNNING,RUNNING,488,4196,4684,376.02,3230.76,true
1780853423614,1652560,step,4686,304,197,RUNNING,10,0,10,RUNNING,RUNNING,RUNNING,488,4197,4685,376.02,3232.19,true
1780853423850,1652796,step,4687,236,197,RUNNING,10,0,10,RUNNING,RUNNING,RUNNING,488,4198,4686,376.02,3232.19,true
1780853424205,1653151,step,4688,355,197,RUNNING,10,0,10,RUNNING,RUNNING,RUNNING,488,4199,4687,376.02,3232.19,true
1780853424745,1653691,step,4689,540,197,RUNNING,10,0,10,RUNNING,RUNNING,RUNNING,488,4200,4688,376.02,3233.58,true
1780853425066,1654012,step,4690,321,186,RUNNING,10,0,10,RUNNING,RUNNING,RUNNING,488,4201,4689,376.02,3233.58,true
1780853425319,1654265,step,4691,253,186,RUNNING,10,0,10,RUNNING,RUNNING,RUNNING,488,4202,4690,376.02,3233.58,true
1780853425555,1654501,step,4692,236,186,RUNNING,10,0,10,RUNNING,RUNNING,RUNNING,488,4203,4691,376.02,3235.05,true
1780853425893,1654839,step,4693,338,186,RUNNING,10,0,10,RUNNING,RUNNING,RUNNING,488,4204,4692,376.02,3235.05,true
1780853426231,1655177,step,4694,338,186,RUNNING,10,0,10,RUNNING,RUNNING,RUNNING,488,4205,4693,376.02,3235.05,true
1780853426467,1655413,step,4695,236,237,RUNNING,10,0,10,RUNNING,RUNNING,RUNNING,488,4206,4694,376.02,3236.59,true
1780853426771,1655717,step,4696,304,197,RUNNING,10,0,10,RUNNING,RUNNING,RUNNING,488,4207,4695,376.02,3236.59,true
1780853427007,1655953,step,4697,236,197,RUNNING,10,0,10,RUNNING,RUNNING,RUNNING,488,4208,4696,376.02,3236.59,true
1780853427311,1656257,step,4698,304,197,RUNNING,10,0,10,RUNNING,RUNNING,RUNNING,488,4209,4697,376.02,3236.59,true
1780853427598,1656544,step,4699,287,209,RUNNING,10,0,10,RUNNING,RUNNING,RUNNING,488,4210,4698,376.02,3238.07,true
1780853428104,1657050,step,4700,506,197,RUNNING,10,0,10,RUNNING,RUNNING,RUNNING,488,4211,4699,376.02,3238.07,true
1780853428391,1657337,step,4701,287,209,RUNNING,10,0,10,RUNNING,RUNNING,RUNNING,488,4212,4700,376.02,3239.50,true
1780853428662,1657608,step,4702,271,209,RUNNING,10,0,10,RUNNING,RUNNING,RUNNING,488,4213,4701,376.02,3239.50,true
1780853428898,1657844,step,4703,236,209,RUNNING,10,0,10,RUNNING,RUNNING,RUNNING,488,4214,4702,376.02,3239.50,true
1780853429202,1658148,step,4704,304,209,RUNNING,10,0,10,RUNNING,RUNNING,RUNNING,488,4215,4703,376.02,3239.50,true
1780853429725,1658671,step,4705,523,209,RUNNING,10,0,10,RUNNING,RUNNING,RUNNING,488,4216,4704,376.02,3240.93,true
1780853429995,1658941,step,4706,270,221,RUNNING,10,0,10,RUNNING,RUNNING,RUNNING,488,4217,4705,376.02,3240.93,true
1780853430316,1659262,step,4707,321,197,RUNNING,10,0,10,RUNNING,RUNNING,RUNNING,488,4218,4706,376.02,3240.93,true
1780853430620,1659566,step,4708,304,197,RUNNING,10,0,10,RUNNING,RUNNING,RUNNING,488,4219,4707,376.02,3242.38,true
1780853430941,1659887,step,4709,321,186,RUNNING,10,0,10,RUNNING,RUNNING,RUNNING,488,4220,4708,376.02,3242.38,true
1780853431194,1660140,step,4710,253,197,RUNNING,10,0,10,RUNNING,RUNNING,RUNNING,488,4221,4709,376.02,3242.38,true
1780853431515,1660461,step,4711,321,186,RUNNING,10,0,10,RUNNING,RUNNING,RUNNING,488,4222,4710,376.02,3243.73,true
1780853432004,1660950,step,4712,489,186,RUNNING,10,0,10,RUNNING,RUNNING,RUNNING,488,4223,4711,376.02,3243.73,true
1780853432241,1661187,step,4713,237,186,RUNNING,10,0,10,RUNNING,RUNNING,RUNNING,488,4224,4712,376.02,3243.73,true
1780853432561,1661507,step,4714,320,187,RUNNING,10,0,10,RUNNING,RUNNING,RUNNING,488,4225,4713,376.02,3244.97,true
1780853432799,1661745,step,4715,238,187,RUNNING,10,0,10,RUNNING,RUNNING,RUNNING,488,4226,4714,376.02,3244.97,true
1780853433102,1662048,step,4716,303,198,RUNNING,10,0,10,RUNNING,RUNNING,RUNNING,488,4227,4715,376.02,3244.97,true
1780853433389,1662335,step,4717,287,209,RUNNING,10,0,10,RUNNING,RUNNING,RUNNING,488,4228,4716,376.02,3244.97,true
1780853433659,1662605,step,4718,270,209,RUNNING,10,0,10,RUNNING,RUNNING,RUNNING,488,4229,4717,376.02,3246.22,true
1780853434013,1662959,step,4719,354,209,RUNNING,10,0,10,RUNNING,RUNNING,RUNNING,488,4230,4718,376.02,3246.22,true
1780853434334,1663280,step,4720,321,198,RUNNING,10,0,10,RUNNING,RUNNING,RUNNING,488,4231,4719,376.02,3246.22,true
1780853434638,1663584,step,4721,304,197,RUNNING,10,0,10,RUNNING,RUNNING,RUNNING,488,4232,4720,376.02,3247.55,true
1780853434891,1663837,step,4722,253,197,RUNNING,10,0,10,RUNNING,RUNNING,RUNNING,488,4233,4721,376.02,3247.55,true
1780853435279,1664225,step,4723,388,186,RUNNING,10,0,10,RUNNING,RUNNING,RUNNING,488,4234,4722,376.02,3247.55,true
1780853435533,1664479,step,4724,254,197,RUNNING,10,0,10,RUNNING,RUNNING,RUNNING,488,4235,4723,376.02,3248.88,true
1780853435820,1664766,step,4725,287,209,RUNNING,10,0,10,RUNNING,RUNNING,RUNNING,488,4236,4724,376.02,3248.88,true
1780853436073,1665019,step,4726,253,236,RUNNING,10,0,10,RUNNING,RUNNING,RUNNING,488,4237,4725,376.02,3248.88,true
1780853436411,1665357,step,4727,338,209,RUNNING,10,0,10,RUNNING,RUNNING,RUNNING,488,4238,4726,376.02,3250.10,true
1780853436765,1665711,step,4728,354,209,RUNNING,10,0,10,RUNNING,RUNNING,RUNNING,488,4239,4727,376.02,3250.10,true
1780853437070,1666016,step,4729,305,196,RUNNING,10,0,10,RUNNING,RUNNING,RUNNING,488,4240,4728,376.02,3250.10,true
1780853437491,1666437,step,4730,421,177,RUNNING,10,0,10,RUNNING,RUNNING,RUNNING,488,4241,4729,376.02,3251.36,true
1780853437727,1666673,step,4731,236,177,RUNNING,10,0,10,RUNNING,RUNNING,RUNNING,488,4242,4730,376.02,3251.36,true
1780853438031,1666977,step,4732,304,196,RUNNING,10,0,10,RUNNING,RUNNING,RUNNING,488,4243,4731,376.02,3251.36,true
1780853438386,1667332,step,4733,355,196,RUNNING,10,0,10,RUNNING,RUNNING,RUNNING,488,4244,4732,376.02,3251.36,true
1780853438690,1667636,step,4734,304,197,RUNNING,10,0,10,RUNNING,RUNNING,RUNNING,488,4245,4733,376.02,3252.64,true
1780853439298,1668244,step,4735,608,197,RUNNING,10,0,10,RUNNING,RUNNING,RUNNING,488,4246,4734,376.02,3252.64,true
1780853439618,1668564,step,4736,320,187,RUNNING,10,0,10,RUNNING,RUNNING,RUNNING,488,4247,4735,376.02,3253.93,true
1780853439855,1668801,step,4737,237,187,RUNNING,10,0,10,RUNNING,RUNNING,RUNNING,488,4248,4736,376.02,3253.93,true
1780853440209,1669155,step,4738,354,187,RUNNING,10,0,10,RUNNING,RUNNING,RUNNING,488,4249,4737,376.02,3253.93,true
1780853440446,1669392,step,4739,237,187,RUNNING,10,0,10,RUNNING,RUNNING,RUNNING,488,4250,4738,376.02,3255.34,true
1780853440716,1669662,step,4740,270,222,RUNNING,10,0,10,RUNNING,RUNNING,RUNNING,488,4251,4739,376.02,3255.34,true
1780853441003,1669949,step,4741,287,222,RUNNING,10,0,10,RUNNING,RUNNING,RUNNING,488,4252,4740,376.02,3255.34,true
1780853441324,1670270,step,4742,321,209,RUNNING,10,0,10,RUNNING,RUNNING,RUNNING,488,4253,4741,376.02,3255.34,true
1780853441644,1670590,step,4743,320,209,RUNNING,10,0,10,RUNNING,RUNNING,RUNNING,488,4254,4742,376.02,3256.75,true
1780853441948,1670894,step,4744,304,197,RUNNING,10,0,10,RUNNING,RUNNING,RUNNING,488,4255,4743,376.02,3256.75,true
1780853442421,1671367,step,4745,473,187,RUNNING,10,0,10,RUNNING,RUNNING,RUNNING,488,4256,4744,376.02,3258.16,true
1780853442742,1671688,step,4746,321,186,RUNNING,10,0,10,RUNNING,RUNNING,RUNNING,488,4257,4745,376.02,3258.16,true
1780853443063,1672009,step,4747,321,186,RUNNING,10,0,10,RUNNING,RUNNING,RUNNING,488,4258,4746,376.02,3258.16,true
1780853443637,1672583,step,4748,574,186,RUNNING,10,0,10,RUNNING,RUNNING,RUNNING,488,4259,4747,376.02,3259.60,true
1780853444042,1672988,step,4749,405,148,WALKING,9,1,10,RUNNING,RUNNING,RUNNING,488,4260,4748,376.02,3259.60,true
1780853444379,1673325,step,4750,337,178,RUNNING,9,1,10,RUNNING,RUNNING,RUNNING,488,4261,4749,376.02,3259.60,true
1780853444717,1673663,step,4751,338,177,RUNNING,9,1,10,RUNNING,RUNNING,RUNNING,488,4262,4750,376.02,3261.00,true
1780853445139,1674085,step,4752,422,148,WALKING,8,2,10,RUNNING,RUNNING,RUNNING,488,4263,4751,376.02,3261.00,true
1780853445392,1674338,step,4753,253,177,RUNNING,8,2,10,RUNNING,RUNNING,RUNNING,488,4264,4752,376.02,3261.00,true
1780853445663,1674609,step,4754,271,178,RUNNING,8,2,10,RUNNING,RUNNING,RUNNING,488,4265,4753,376.02,3262.29,true
1780853445899,1674845,step,4755,236,221,RUNNING,8,2,10,RUNNING,RUNNING,RUNNING,488,4266,4754,376.02,3262.29,true
1780853446186,1675132,step,4756,287,221,RUNNING,8,2,10,RUNNING,RUNNING,RUNNING,488,4267,4755,376.02,3262.29,true
1780853446473,1675419,step,4757,287,221,RUNNING,8,2,10,RUNNING,RUNNING,RUNNING,488,4268,4756,376.02,3263.62,true
1780853446777,1675723,step,4758,304,209,RUNNING,8,2,10,RUNNING,RUNNING,RUNNING,488,4269,4757,376.02,3263.62,true
1780853447131,1676077,step,4759,354,209,RUNNING,9,1,10,RUNNING,RUNNING,RUNNING,488,4270,4758,376.02,3263.62,true
1780853447469,1676415,step,4760,338,197,RUNNING,9,1,10,RUNNING,RUNNING,RUNNING,488,4271,4759,376.02,3264.92,true
1780853447824,1676770,step,4761,355,177,RUNNING,9,1,10,RUNNING,RUNNING,RUNNING,488,4272,4760,376.02,3264.92,true
1780853448111,1677057,step,4762,287,177,RUNNING,10,0,10,RUNNING,RUNNING,RUNNING,488,4273,4761,376.02,3264.92,true
1780853448448,1677394,step,4763,337,177,RUNNING,10,0,10,RUNNING,RUNNING,RUNNING,488,4274,4762,376.02,3266.22,true
1780853448685,1677631,step,4764,237,178,RUNNING,10,0,10,RUNNING,RUNNING,RUNNING,488,4275,4763,376.02,3266.22,true
1780853449158,1678104,step,4765,473,178,RUNNING,10,0,10,RUNNING,RUNNING,RUNNING,488,4276,4764,376.02,3266.22,true
1780853449546,1678492,step,4766,388,178,RUNNING,10,0,10,RUNNING,RUNNING,RUNNING,488,4277,4765,376.02,3267.54,true
1780853449782,1678728,step,4767,236,178,RUNNING,10,0,10,RUNNING,RUNNING,RUNNING,488,4278,4766,376.02,3267.54,true
1780853450019,1678965,step,4768,237,253,RUNNING,10,0,10,RUNNING,RUNNING,RUNNING,488,4279,4767,376.02,3267.54,true
1780853450272,1679218,step,4769,253,237,RUNNING,10,0,10,RUNNING,RUNNING,RUNNING,488,4280,4768,376.02,3267.54,true
1780853450677,1679623,step,4770,405,237,RUNNING,10,0,10,RUNNING,RUNNING,RUNNING,488,4281,4769,376.02,3268.88,true
1780853450913,1679859,step,4771,236,253,RUNNING,10,0,10,RUNNING,RUNNING,RUNNING,488,4282,4770,376.02,3268.88,true
1780853451369,1680315,step,4772,456,237,RUNNING,10,0,10,RUNNING,RUNNING,RUNNING,488,4283,4771,376.02,3268.88,true
1780853451606,1680552,step,4773,237,237,RUNNING,10,0,10,RUNNING,RUNNING,RUNNING,488,4284,4772,376.02,3270.17,true
1780853451893,1680839,step,4774,287,209,RUNNING,10,0,10,RUNNING,RUNNING,RUNNING,488,4285,4773,376.02,3270.17,true
1780853452298,1681244,step,4775,405,209,RUNNING,10,0,10,RUNNING,RUNNING,RUNNING,488,4286,4774,376.02,3270.17,true
1780853452669,1681615,step,4776,371,161,RUNNING,10,0,10,RUNNING,RUNNING,RUNNING,488,4287,4775,376.02,3271.45,true
1780853452973,1681919,step,4777,304,197,RUNNING,10,0,10,RUNNING,RUNNING,RUNNING,488,4288,4776,376.02,3271.45,true
1780853453463,1682409,step,4778,490,161,RUNNING,10,0,10,RUNNING,RUNNING,RUNNING,488,4289,4777,376.02,3272.58,true
1780853453952,1682898,step,4779,489,148,WALKING,9,1,10,RUNNING,RUNNING,RUNNING,488,4290,4778,376.02,3272.58,true
1780853454408,1683354,step,4780,456,131,WALKING,8,2,10,RUNNING,RUNNING,RUNNING,488,4291,4779,376.02,3273.86,true
1780853454746,1683692,step,4781,338,131,WALKING,7,3,10,RUNNING,RUNNING,RUNNING,488,4292,4780,376.02,3273.86,true
1780853454982,1683928,step,4782,236,131,WALKING,6,4,10,RUNNING,RUNNING,RUNNING,488,4293,4781,376.02,3273.86,true
1780853455506,1684452,step,4783,524,131,WALKING,5,5,10,RUNNING,RUNNING,RUNNING,488,4294,4782,376.02,3275.18,true
1780853455776,1684722,step,4784,270,177,RUNNING,5,5,10,RUNNING,RUNNING,RUNNING,488,4295,4783,376.02,3275.18,true
1780853456012,1684958,step,4785,236,222,RUNNING,5,5,10,RUNNING,RUNNING,RUNNING,488,4296,4784,376.02,3275.18,true
1780853456434,1685380,step,4786,422,222,RUNNING,5,5,10,RUNNING,RUNNING,RUNNING,488,4297,4785,376.02,3276.60,true
1780853456755,1685701,step,4787,321,186,RUNNING,5,5,10,RUNNING,RUNNING,RUNNING,488,4298,4786,376.02,3276.60,true
1780853457092,1686038,step,4788,337,186,RUNNING,5,5,10,RUNNING,RUNNING,RUNNING,488,4299,4787,376.02,3276.60,true
1780853457413,1686359,step,4789,321,186,RUNNING,6,4,10,RUNNING,RUNNING,RUNNING,488,4300,4788,376.02,3277.98,true
1780853457700,1686646,step,4790,287,186,RUNNING,7,3,10,RUNNING,RUNNING,RUNNING,488,4301,4789,376.02,3277.98,true
1780853457953,1686899,step,4791,253,186,RUNNING,8,2,10,RUNNING,RUNNING,RUNNING,488,4302,4790,376.02,3277.98,true
1780853458207,1687153,step,4792,254,209,RUNNING,9,1,10,RUNNING,RUNNING,RUNNING,488,4303,4791,376.02,3277.98,true
1780853458511,1687457,step,4793,304,209,RUNNING,10,0,10,RUNNING,RUNNING,RUNNING,488,4304,4792,376.02,3279.46,true
1780853458764,1687710,step,4794,253,236,RUNNING,10,0,10,RUNNING,RUNNING,RUNNING,488,4305,4793,376.02,3279.46,true
1780853459051,1687997,step,4795,287,236,RUNNING,10,0,10,RUNNING,RUNNING,RUNNING,488,4306,4794,376.02,3279.46,true
1780853459338,1688284,step,4796,287,209,RUNNING,10,0,10,RUNNING,RUNNING,RUNNING,488,4307,4795,376.02,3279.46,true
1780853459608,1688554,step,4797,270,209,RUNNING,10,0,10,RUNNING,RUNNING,RUNNING,488,4308,4796,376.02,3280.92,true
1780853459895,1688841,step,4798,287,209,RUNNING,10,0,10,RUNNING,RUNNING,RUNNING,488,4309,4797,376.02,3280.92,true
1780853460199,1689145,step,4799,304,209,RUNNING,10,0,10,RUNNING,RUNNING,RUNNING,488,4310,4798,376.02,3280.92,true
1780853460520,1689466,step,4800,321,209,RUNNING,10,0,10,RUNNING,RUNNING,RUNNING,488,4311,4799,376.02,3282.36,true
1780853464571,1693517,step,4801,4051,197,RUNNING,10,0,10,RUNNING,RUNNING,RUNNING,488,4312,4800,376.02,3284.64,true
1780853464808,1693754,step,4802,237,197,RUNNING,10,0,10,RUNNING,RUNNING,RUNNING,488,4313,4801,376.02,3284.64,true
1780853465095,1694041,step,4803,287,197,RUNNING,10,0,10,RUNNING,RUNNING,RUNNING,488,4314,4802,376.02,3284.64,true
1780853465483,1694429,step,4804,388,186,RUNNING,10,0,10,RUNNING,RUNNING,RUNNING,488,4315,4803,376.02,3284.64,true
1780853465719,1694665,step,4805,236,209,RUNNING,10,0,10,RUNNING,RUNNING,RUNNING,488,4316,4804,376.02,3284.64,true
1780853466057,1695003,step,4806,338,209,RUNNING,10,0,10,RUNNING,RUNNING,RUNNING,488,4317,4805,376.02,3284.64,true
1780853466445,1695391,step,4807,388,177,RUNNING,10,0,10,RUNNING,RUNNING,RUNNING,488,4318,4806,376.02,3285.92,true
1780853466749,1695695,step,4808,304,177,RUNNING,10,0,10,RUNNING,RUNNING,RUNNING,488,4319,4807,376.02,3285.92,true
1780853466986,1695932,step,4809,237,197,RUNNING,10,0,10,RUNNING,RUNNING,RUNNING,488,4320,4808,376.02,3285.92,true
1780853467273,1696219,step,4810,287,197,RUNNING,10,0,10,RUNNING,RUNNING,RUNNING,488,4321,4809,376.02,3285.92,true
1780853467695,1696641,step,4811,422,197,RUNNING,10,0,10,RUNNING,RUNNING,RUNNING,488,4322,4810,376.02,3287.56,true
1780853467948,1696894,step,4812,253,209,RUNNING,10,0,10,RUNNING,RUNNING,RUNNING,488,4323,4811,376.02,3287.56,true
1780853468184,1697130,step,4813,236,237,RUNNING,10,0,10,RUNNING,RUNNING,RUNNING,488,4324,4812,376.02,3287.56,true
1780853468843,1697789,step,4814,659,209,RUNNING,10,0,10,RUNNING,RUNNING,RUNNING,488,4325,4813,376.02,3289.09,true
1780853469193,1698139,step,4815,350,171,RUNNING,10,0,10,RUNNING,RUNNING,RUNNING,488,4326,4814,376.02,3289.09,true
1780853469444,1698390,step,4816,251,237,RUNNING,10,0,10,RUNNING,RUNNING,RUNNING,488,4327,4815,376.02,3289.09,true
1780853469934,1698880,step,4817,490,171,RUNNING,10,0,10,RUNNING,RUNNING,RUNNING,488,4328,4816,376.02,3290.56,true
1780853470192,1699138,step,4818,258,171,RUNNING,10,0,10,RUNNING,RUNNING,RUNNING,488,4329,4817,376.02,3290.56,true
1780853470483,1699429,step,4819,291,206,RUNNING,10,0,10,RUNNING,RUNNING,RUNNING,488,4330,4818,376.02,3292.01,true
1780853470838,1699784,step,4820,355,206,RUNNING,10,0,10,RUNNING,RUNNING,RUNNING,488,4331,4819,376.02,3292.01,true
1780853471578,1700524,step,4821,740,169,RUNNING,10,0,10,RUNNING,RUNNING,RUNNING,488,4332,4820,376.02,3293.41,true
1780853472118,1701064,step,4822,540,169,RUNNING,10,0,10,RUNNING,RUNNING,RUNNING,488,4333,4821,376.02,3293.41,true
1780853472422,1701368,step,4823,304,169,RUNNING,10,0,10,RUNNING,RUNNING,RUNNING,488,4334,4822,376.02,3294.62,true
1780853472658,1701604,step,4824,236,169,RUNNING,10,0,10,RUNNING,RUNNING,RUNNING,488,4335,4823,376.02,3294.62,true
1780853473350,1702296,step,4825,692,111,WALKING,9,1,10,RUNNING,RUNNING,RUNNING,488,4336,4824,376.02,3294.62,true
1780853473891,1702837,step,4826,541,111,WALKING,8,2,10,RUNNING,RUNNING,RUNNING,488,4337,4825,376.02,3295.81,true
1780853474481,1703427,step,4827,590,110,WALKING,7,3,10,RUNNING,RUNNING,RUNNING,488,4338,4826,376.02,3297.04,true
1780853474887,1703833,step,4828,406,110,WALKING,6,4,10,RUNNING,RUNNING,RUNNING,488,4339,4827,376.02,3297.04,true
1780853475359,1704305,step,4829,472,110,WALKING,5,5,10,RUNNING,RUNNING,RUNNING,488,4340,4828,376.02,3297.04,true
1780853475613,1704559,switch,4830,254,127,WALKING,4,6,10,RUNNING,WALKING,RUNNING,488,4341,4829,376.02,3298.40,true
1780853475613,1704559,step,4830,254,127,WALKING,4,6,10,RUNNING,WALKING,WALKING,488,4341,4829,376.02,3298.40,true
1780853475933,1704879,step,4831,320,147,WALKING,3,7,10,WALKING,WALKING,WALKING,489,4341,4830,376.49,3298.40,true
1780853476440,1705386,step,4832,507,147,WALKING,2,8,10,WALKING,WALKING,WALKING,490,4341,4831,378.36,3298.40,true
1780853476676,1705622,step,4833,236,187,RUNNING,2,8,10,WALKING,WALKING,WALKING,491,4341,4832,378.36,3298.40,true
1780853477014,1705960,step,4834,338,187,RUNNING,2,8,10,WALKING,WALKING,WALKING,492,4341,4833,378.36,3298.40,true
1780853477689,1706635,step,4835,675,177,RUNNING,3,7,10,WALKING,WALKING,WALKING,493,4341,4834,379.75,3298.40,true
1780853478162,1707108,step,4836,473,126,WALKING,3,7,10,WALKING,WALKING,WALKING,494,4341,4835,379.75,3298.40,true
1780853478854,1707800,step,4837,692,126,WALKING,3,7,10,WALKING,WALKING,WALKING,495,4341,4836,381.09,3298.40,true
1780853479276,1708222,step,4838,422,126,WALKING,3,7,10,WALKING,WALKING,WALKING,496,4341,4837,381.09,3298.40,true
1780853479513,1708459,step,4839,237,126,WALKING,3,7,10,WALKING,WALKING,WALKING,497,4341,4838,382.37,3298.40,true
1780853480019,1708965,step,4840,506,126,WALKING,3,7,10,WALKING,WALKING,WALKING,498,4341,4839,382.37,3298.40,true
1780853480458,1709404,step,4841,439,136,WALKING,3,7,10,WALKING,WALKING,WALKING,499,4341,4840,383.60,3298.40,true
1780853480813,1709759,step,4842,355,142,WALKING,3,7,10,WALKING,WALKING,WALKING,500,4341,4841,383.60,3298.40,true
1780853481083,1710029,step,4843,270,169,RUNNING,3,7,10,WALKING,WALKING,WALKING,501,4341,4842,383.60,3298.40,true
1780853481387,1710333,step,4844,304,169,RUNNING,3,7,10,WALKING,WALKING,WALKING,502,4341,4843,383.60,3298.40,true
1780853481691,1710637,step,4845,304,197,RUNNING,3,7,10,WALKING,WALKING,WALKING,503,4341,4844,384.79,3298.40,true
1780853481944,1710890,step,4846,253,197,RUNNING,4,6,10,WALKING,WALKING,WALKING,504,4341,4845,384.79,3298.40,true
1780853482180,1711126,step,4847,236,222,RUNNING,5,5,10,WALKING,WALKING,WALKING,505,4341,4846,384.79,3298.40,true
1780853482484,1711430,step,4848,304,197,RUNNING,6,4,10,WALKING,WALKING,WALKING,506,4341,4847,385.96,3298.40,true
1780853482737,1711683,step,4849,253,237,RUNNING,7,3,10,WALKING,WALKING,WALKING,507,4341,4848,385.96,3298.40,true
1780853483024,1711970,switch,4850,287,237,RUNNING,8,2,10,WALKING,RUNNING,WALKING,508,4341,4849,385.96,3298.40,true
1780853483024,1711970,step,4850,287,237,RUNNING,8,2,10,WALKING,RUNNING,RUNNING,508,4341,4849,385.96,3298.40,true
1780853483295,1712241,step,4851,271,221,RUNNING,9,1,10,RUNNING,RUNNING,RUNNING,508,4342,4850,385.96,3299.23,true
1780853483666,1712612,step,4852,371,209,RUNNING,10,0,10,RUNNING,RUNNING,RUNNING,508,4343,4851,385.96,3301.25,true
1780853483902,1712848,step,4853,236,221,RUNNING,10,0,10,RUNNING,RUNNING,RUNNING,508,4344,4852,385.96,3301.25,true
1780853484223,1713169,step,4854,321,209,RUNNING,10,0,10,RUNNING,RUNNING,RUNNING,508,4345,4853,385.96,3301.25,true
1780853484527,1713473,step,4855,304,197,RUNNING,10,0,10,RUNNING,RUNNING,RUNNING,508,4346,4854,385.96,3302.47,true
1780853484780,1713726,step,4856,253,197,RUNNING,10,0,10,RUNNING,RUNNING,RUNNING,508,4347,4855,385.96,3302.47,true
1780853485050,1713996,step,4857,270,222,RUNNING,10,0,10,RUNNING,RUNNING,RUNNING,508,4348,4856,385.96,3302.47,true
1780853485506,1714452,step,4858,456,197,RUNNING,10,0,10,RUNNING,RUNNING,RUNNING,508,4349,4857,385.96,3303.67,true
1780853485793,1714739,step,4859,287,209,RUNNING,10,0,10,RUNNING,RUNNING,RUNNING,508,4350,4858,385.96,3303.67,true
1780853486047,1714993,step,4860,254,222,RUNNING,10,0,10,RUNNING,RUNNING,RUNNING,508,4351,4859,385.96,3303.67,true
1780853486300,1715246,step,4861,253,222,RUNNING,10,0,10,RUNNING,RUNNING,RUNNING,508,4352,4860,385.96,3303.67,true
1780853486739,1715685,step,4862,439,209,RUNNING,10,0,10,RUNNING,RUNNING,RUNNING,508,4353,4861,385.96,3304.82,true
1780853487296,1716242,step,4863,557,209,RUNNING,10,0,10,RUNNING,RUNNING,RUNNING,508,4354,4862,385.96,3304.82,true
1780853487870,1716816,step,4864,574,136,WALKING,9,1,10,RUNNING,RUNNING,RUNNING,508,4355,4863,385.96,3306.00,true
1780853488224,1717170,step,4865,354,136,WALKING,8,2,10,RUNNING,RUNNING,RUNNING,508,4356,4864,385.96,3306.00,true
1780853488461,1717407,step,4866,237,136,WALKING,7,3,10,RUNNING,RUNNING,RUNNING,508,4357,4865,385.96,3307.17,true
1780853489018,1717964,step,4867,557,107,WALKING,6,4,10,RUNNING,RUNNING,RUNNING,508,4358,4866,385.96,3307.17,true
1780853489254,1718200,step,4868,236,169,RUNNING,6,4,10,RUNNING,RUNNING,RUNNING,508,4359,4867,385.96,3307.17,true
1780853489575,1718521,step,4869,321,186,RUNNING,6,4,10,RUNNING,RUNNING,RUNNING,508,4360,4868,385.96,3308.31,true
1780853489828,1718774,step,4870,253,237,RUNNING,6,4,10,RUNNING,RUNNING,RUNNING,508,4361,4869,385.96,3308.31,true
1780853490132,1719078,step,4871,304,197,RUNNING,6,4,10,RUNNING,RUNNING,RUNNING,508,4362,4870,385.96,3308.31,true
1780853490385,1719331,step,4872,253,237,RUNNING,6,4,10,RUNNING,RUNNING,RUNNING,508,4363,4871,385.96,3308.31,true
1780853490672,1719618,step,4873,287,209,RUNNING,6,4,10,RUNNING,RUNNING,RUNNING,508,4364,4872,385.96,3309.49,true
1780853490993,1719939,step,4874,321,209,RUNNING,7,3,10,RUNNING,RUNNING,RUNNING,508,4365,4873,385.96,3309.49,true
1780853491331,1720277,step,4875,338,197,RUNNING,8,2,10,RUNNING,RUNNING,RUNNING,508,4366,4874,385.96,3309.49,true
1780853491584,1720530,step,4876,253,209,RUNNING,9,1,10,RUNNING,RUNNING,RUNNING,508,4367,4875,385.96,3310.69,true
1780853491962,1720908,step,4877,378,186,RUNNING,10,0,10,RUNNING,RUNNING,RUNNING,508,4368,4876,385.96,3310.69,true
1780853492466,1721412,step,4878,504,177,RUNNING,10,0,10,RUNNING,RUNNING,RUNNING,508,4369,4877,385.96,3310.69,true
1780853492767,1721713,step,4879,301,177,RUNNING,10,0,10,RUNNING,RUNNING,RUNNING,508,4370,4878,385.96,3311.88,true
1780853493056,1722002,step,4880,289,199,RUNNING,10,0,10,RUNNING,RUNNING,RUNNING,508,4371,4879,385.96,3311.88,true
1780853493427,1722373,step,4881,371,161,RUNNING,10,0,10,RUNNING,RUNNING,RUNNING,508,4372,4880,385.96,3312.95,true
1780853493695,1722641,step,4882,268,199,RUNNING,10,0,10,RUNNING,RUNNING,RUNNING,508,4373,4881,385.96,3312.95,true
1780853494134,1723080,step,4883,439,199,RUNNING,10,0,10,RUNNING,RUNNING,RUNNING,508,4374,4882,385.96,3312.95,true
1780853494556,1723502,step,4884,422,161,RUNNING,10,0,10,RUNNING,RUNNING,RUNNING,508,4375,4883,385.96,3314.17,true
1780853494893,1723839,step,4885,337,161,RUNNING,10,0,10,RUNNING,RUNNING,RUNNING,508,4376,4884,385.96,3314.17,true
1780853495163,1724109,step,4886,270,178,RUNNING,10,0,10,RUNNING,RUNNING,RUNNING,508,4377,4885,385.96,3314.17,true
1780853495619,1724565,step,4887,456,142,WALKING,9,1,10,RUNNING,RUNNING,RUNNING,508,4378,4886,385.96,3315.45,true
1780853495889,1724835,step,4888,270,178,RUNNING,9,1,10,RUNNING,RUNNING,RUNNING,508,4379,4887,385.96,3315.45,true
1780853496193,1725139,step,4889,304,197,RUNNING,9,1,10,RUNNING,RUNNING,RUNNING,508,4380,4888,385.96,3315.45,true
1780853496432,1725378,step,4890,239,222,RUNNING,9,1,10,RUNNING,RUNNING,RUNNING,508,4381,4889,385.96,3316.84,true
1780853496801,1725747,step,4891,369,197,RUNNING,9,1,10,RUNNING,RUNNING,RUNNING,508,4382,4890,385.96,3316.84,true
1780853497105,1726051,step,4892,304,197,RUNNING,9,1,10,RUNNING,RUNNING,RUNNING,508,4383,4891,385.96,3316.84,true
1780853497392,1726338,step,4893,287,197,RUNNING,9,1,10,RUNNING,RUNNING,RUNNING,508,4384,4892,385.96,3318.20,true
1780853497865,1726811,step,4894,473,197,RUNNING,9,1,10,RUNNING,RUNNING,RUNNING,508,4385,4893,385.96,3318.20,true
1780853498186,1727132,step,4895,321,186,RUNNING,9,1,10,RUNNING,RUNNING,RUNNING,508,4386,4894,385.96,3318.20,true
1780853498439,1727385,step,4896,253,197,RUNNING,9,1,10,RUNNING,RUNNING,RUNNING,508,4387,4895,385.96,3319.48,true
1780853498692,1727638,step,4897,253,209,RUNNING,10,0,10,RUNNING,RUNNING,RUNNING,508,4388,4896,385.96,3319.48,true
1780853499064,1728010,step,4898,372,186,RUNNING,10,0,10,RUNNING,RUNNING,RUNNING,508,4389,4897,385.96,3319.48,true
1780853499469,1728415,step,4899,405,186,RUNNING,10,0,10,RUNNING,RUNNING,RUNNING,508,4390,4898,385.96,3320.81,true
1780853499722,1728668,step,4900,253,237,RUNNING,10,0,10,RUNNING,RUNNING,RUNNING,508,4391,4899,385.96,3320.81,true
1780853500060,1729006,step,4901,338,177,RUNNING,10,0,10,RUNNING,RUNNING,RUNNING,508,4392,4900,385.96,3320.81,true
1780853500364,1729310,step,4902,304,177,RUNNING,10,0,10,RUNNING,RUNNING,RUNNING,508,4393,4901,385.96,3320.81,true
1780853500634,1729580,step,4903,270,197,RUNNING,10,0,10,RUNNING,RUNNING,RUNNING,508,4394,4902,385.96,3322.14,true
1780853501191,1730137,step,4904,557,197,RUNNING,10,0,10,RUNNING,RUNNING,RUNNING,508,4395,4903,385.96,3322.14,true
1780853501461,1730407,step,4905,270,197,RUNNING,10,0,10,RUNNING,RUNNING,RUNNING,508,4396,4904,385.96,3323.46,true
1780853501697,1730643,step,4906,236,222,RUNNING,10,0,10,RUNNING,RUNNING,RUNNING,508,4397,4905,385.96,3323.46,true
1780853501951,1730897,step,4907,254,222,RUNNING,10,0,10,RUNNING,RUNNING,RUNNING,508,4398,4906,385.96,3323.46,true
1780853502221,1731167,step,4908,270,222,RUNNING,10,0,10,RUNNING,RUNNING,RUNNING,508,4399,4907,385.96,3323.46,true
1780853502457,1731403,step,4909,236,236,RUNNING,10,0,10,RUNNING,RUNNING,RUNNING,508,4400,4908,385.96,3324.66,true
1780853502795,1731741,step,4910,338,236,RUNNING,10,0,10,RUNNING,RUNNING,RUNNING,508,4401,4909,385.96,3324.66,true
1780853503031,1731977,step,4911,236,236,RUNNING,10,0,10,RUNNING,RUNNING,RUNNING,508,4402,4910,385.96,3324.66,true
1780853503369,1732315,step,4912,338,222,RUNNING,10,0,10,RUNNING,RUNNING,RUNNING,508,4403,4911,385.96,3324.66,true
1780853503740,1732686,step,4913,371,177,RUNNING,10,0,10,RUNNING,RUNNING,RUNNING,508,4404,4912,385.96,3325.90,true
1780853503994,1732940,step,4914,254,177,RUNNING,10,0,10,RUNNING,RUNNING,RUNNING,508,4405,4913,385.96,3325.90,true
1780853504483,1733429,step,4915,489,177,RUNNING,10,0,10,RUNNING,RUNNING,RUNNING,508,4406,4914,385.96,3327.17,true
1780853504838,1733784,step,4916,355,169,RUNNING,10,0,10,RUNNING,RUNNING,RUNNING,508,4407,4915,385.96,3327.17,true
1780853505142,1734088,step,4917,304,169,RUNNING,10,0,10,RUNNING,RUNNING,RUNNING,508,4408,4916,385.96,3327.17,true
1780853505732,1734678,step,4918,590,169,RUNNING,10,0,10,RUNNING,RUNNING,RUNNING,508,4409,4917,385.96,3328.41,true
1780853506171,1735117,step,4919,439,136,WALKING,9,1,10,RUNNING,RUNNING,RUNNING,508,4410,4918,385.96,3328.41,true
1780853506505,1735451,step,4920,334,169,RUNNING,9,1,10,RUNNING,RUNNING,RUNNING,508,4411,4919,385.96,3328.41,true
1780853507040,1735986,step,4921,535,136,WALKING,8,2,10,RUNNING,RUNNING,RUNNING,508,4412,4920,385.96,3328.41,true
1780853507371,1736317,step,4922,331,136,WALKING,7,3,10,RUNNING,RUNNING,RUNNING,508,4413,4921,385.96,3329.61,true
1780853507627,1736573,step,4923,256,179,RUNNING,7,3,10,RUNNING,RUNNING,RUNNING,508,4414,4922,385.96,3329.61,true
1780853507935,1736881,step,4924,308,181,RUNNING,7,3,10,RUNNING,RUNNING,RUNNING,508,4415,4923,385.96,3330.84,true
1780853508179,1737125,step,4925,244,194,RUNNING,7,3,10,RUNNING,RUNNING,RUNNING,508,4416,4924,385.96,3330.84,true
1780853508484,1737430,step,4926,305,196,RUNNING,7,3,10,RUNNING,RUNNING,RUNNING,508,4417,4925,385.96,3332.12,true
1780853508991,1737937,step,4927,507,196,RUNNING,7,3,10,RUNNING,RUNNING,RUNNING,508,4418,4926,385.96,3332.12,true
1780853509295,1738241,step,4928,304,196,RUNNING,7,3,10,RUNNING,RUNNING,RUNNING,508,4419,4927,385.96,3332.12,true
1780853509565,1738511,step,4929,270,197,RUNNING,8,2,10,RUNNING,RUNNING,RUNNING,508,4420,4928,385.96,3333.41,true
1780853510105,1739051,step,4930,540,196,RUNNING,8,2,10,RUNNING,RUNNING,RUNNING,508,4421,4929,385.96,3333.41,true
1780853510426,1739372,step,4931,321,186,RUNNING,9,1,10,RUNNING,RUNNING,RUNNING,508,4422,4930,385.96,3334.68,true
1780853510730,1739676,step,4932,304,197,RUNNING,10,0,10,RUNNING,RUNNING,RUNNING,508,4423,4931,385.96,3334.68,true
